2026-05-28 20:40:16 | DEBUG | P03 | KAFKA_BOOTSTRAP_SERVERS           = localhost:9092
2026-05-28 20:40:16 | DEBUG | P03 | KAFKA_BROKER_ADDRESS_FAMILY       = v6
2026-05-28 20:40:16 | DEBUG | P03 | KAFKA_TOPIC                       = streaming-03-analytics-case
2026-05-28 20:40:16 | DEBUG | P03 | KAFKA_CLEAR_TOPIC_ON_START        = true
2026-05-28 20:40:16 | DEBUG | P03 | PRODUCER_MESSAGE_COUNT            = 3
2026-05-28 20:40:16 | DEBUG | P03 | PRODUCER_MESSAGE_INTERVAL_SECONDS = 2
2026-05-28 20:40:16 | DEBUG | P03 | PRODUCER_MAX_MESSAGES             = 50
2026-05-28 20:40:16 | DEBUG | P03 | PRODUCER_POLL_INTERVAL_SECONDS    = 15
2026-05-28 20:40:16 | DEBUG | P03 | KAFKA_GROUP_ID                    = streaming-consumer-group-A
2026-05-28 20:40:16 | DEBUG | P03 | KAFKA_AUTO_OFFSET_RESET           = earliest
2026-05-28 20:40:16 | DEBUG | P03 | CONSUMER_TIMEOUT_SECONDS          = 10
2026-05-28 20:40:16 | DEBUG | P03 | CONSUMER_MAX_MESSAGES             = 1000
2026-05-28 20:40:16 | INFO | P03 | === RUN START ===
2026-05-28 20:40:16 | INFO | P03 | project=P03
2026-05-28 20:40:16 | INFO | P03 | repo_dir=streaming-03-analytics
2026-05-28 20:40:16 | INFO | P03 | python=3.14.3
2026-05-28 20:40:16 | INFO | P03 | os=Windows 11
2026-05-28 20:40:16 | INFO | P03 | shell=powershell
2026-05-28 20:40:16 | INFO | P03 | cwd=.
2026-05-28 20:40:16 | INFO | P03 | github_actions=False
2026-05-28 20:40:16 | INFO | P03 | ========================
2026-05-28 20:40:16 | INFO | P03 | START producer main()
2026-05-28 20:40:16 | INFO | P03 | ========================
2026-05-28 20:40:16 | INFO | P03 | ROOT_DIR = .
2026-05-28 20:40:16 | INFO | P03 | DATA_DIR = data
2026-05-28 20:40:16 | INFO | P03 | SALES_CSV = data\sales.csv
2026-05-28 20:40:16 | INFO | P03 | REGIONS_CSV = data\regions.csv
2026-05-28 20:40:16 | INFO | P03 | PRODUCTS_CSV = data\products.csv
2026-05-28 20:40:16 | INFO | P03 | REJECTED_SALES_CSV = data\output\producer_rejected_sales.csv
2026-05-28 20:40:16 | INFO | P03 | ========================
2026-05-28 20:40:16 | INFO | P03 | SECTION A. Acquire
2026-05-28 20:40:16 | INFO | P03 | ========================
2026-05-28 20:40:16 | INFO | P03 | Loading settings from .env...
2026-05-28 20:40:16 | INFO | P03 | KAFKA_BOOTSTRAP_SERVERS           = localhost:9092
2026-05-28 20:40:16 | INFO | P03 | KAFKA_TOPIC                       = streaming-03-analytics-case
2026-05-28 20:40:16 | INFO | P03 | PRODUCER_MESSAGE_COUNT            = 3
2026-05-28 20:40:16 | INFO | P03 | PRODUCER_MESSAGE_INTERVAL_SECONDS = 2.0
2026-05-28 20:40:16 | INFO | P03 | KAFKA_CLEAR_TOPIC_ON_START        = True
2026-05-28 20:40:16 | INFO | P03 | Verifying Kafka connection...
2026-05-28 20:40:16 | INFO | P03 | Kafka port is reachable.
2026-05-28 20:40:18 | INFO | P03 | Loading validation reference data...
2026-05-28 20:40:18 | INFO | P03 | Found 6 valid regions, 
2026-05-28 20:40:18 | INFO | P03 | 6 valid products.
2026-05-28 20:40:18 | INFO | P03 | ========================
2026-05-28 20:40:18 | INFO | P03 | SECTION P. Produce Messages
2026-05-28 20:40:18 | INFO | P03 | ========================
2026-05-28 20:40:18 | INFO | P03 | Initializing output...
2026-05-28 20:40:18 | INFO | P03 | Output directory ready: output
2026-05-28 20:40:18 | INFO | P03 | Sending messages...
2026-05-28 20:40:18 | INFO | P03 | Sending up to 3 message(s) to topic 'streaming-03-analytics-case'.
2026-05-28 20:40:18 | INFO | P03 | Watch each sale arrive. Press CTRL+C to stop early.

2026-05-28 20:40:18 | INFO | P03 | {
  order_id: e7324981-a9f0-419f-b708-d0a333451fff
  datetime: 2026-05-04T08:11:00Z
  region_id: US-TX
  currency_code: USD
  product_id: PY-STREAM-005
  unit_price: 59.99
  quantity: 3
  is_online: true
  customer_id: CUST-4150
  is_new_customer: false
  device_type: tablet
  payment_method: paypal
  referral_source: paid_search
  discount_code: 
  customer_note: Gift for my team
}
2026-05-28 20:40:18 | INFO | P03 |   Sending message with key=US-TX
2026-05-28 20:40:18 | INFO | P03 |   MESSAGE SENT  sent=1
2026-05-28 20:40:20 | INFO | P03 | {
  order_id: d61943e0-f543-4b5f-9c9a-18605ea4cfe5
  datetime: 2026-05-04T08:23:00Z
  region_id: US-TX
  currency_code: USD
  product_id: PY-DATA-002
  unit_price: 49.99
  quantity: 1
  is_online: true
  customer_id: CUST-1106
  is_new_customer: false
  device_type: mobile
  payment_method: paypal
  referral_source: paid_search
  discount_code: 
  customer_note: Gift for my team
}
2026-05-28 20:40:20 | INFO | P03 |   Sending message with key=US-TX
2026-05-28 20:40:20 | INFO | P03 |   MESSAGE SENT  sent=2
2026-05-28 20:40:22 | INFO | P03 | {
  order_id: 14da1915-8e74-47be-9e10-f7275d31af46
  datetime: 2026-05-04T08:28:00Z
  region_id: CA-QC
  currency_code: CAD
  product_id: PY-NLP-006
  unit_price: 54.99
  quantity: 1
  is_online: true
  customer_id: CUST-2133
  is_new_customer: false
  device_type: desktop
  payment_method: paypal
  referral_source: organic
  discount_code: 
  customer_note: Learning at my own pace
}
2026-05-28 20:40:22 | INFO | P03 |   Sending message with key=CA-QC
2026-05-28 20:40:22 | INFO | P03 |   MESSAGE SENT  sent=3
2026-05-28 20:40:24 | INFO | P03 | Checking for rejected records...
2026-05-28 20:40:24 | INFO | P03 |   No records rejected.
2026-05-28 20:40:24 | INFO | P03 | ========================
2026-05-28 20:40:24 | INFO | P03 | SECTION E. Exit
2026-05-28 20:40:24 | INFO | P03 | ========================
2026-05-28 20:40:24 | INFO | P03 | Summary:
2026-05-28 20:40:24 | INFO | P03 | Sent 3 message(s) to topic 'streaming-03-analytics-case'.
2026-05-28 20:40:24 | INFO | P03 | Rejected 0 message(s).
2026-05-28 20:40:24 | INFO | P03 | ========================
2026-05-28 20:40:24 | INFO | P03 | Producer executed successfully!
2026-05-28 20:40:24 | INFO | P03 | ========================
2026-05-28 20:43:32 | DEBUG | C03 | KAFKA_BOOTSTRAP_SERVERS           = localhost:9092
2026-05-28 20:43:32 | DEBUG | C03 | KAFKA_BROKER_ADDRESS_FAMILY       = v6
2026-05-28 20:43:32 | DEBUG | C03 | KAFKA_TOPIC                       = streaming-03-analytics-case
2026-05-28 20:43:32 | DEBUG | C03 | KAFKA_CLEAR_TOPIC_ON_START        = true
2026-05-28 20:43:32 | DEBUG | C03 | PRODUCER_MESSAGE_COUNT            = 3
2026-05-28 20:43:32 | DEBUG | C03 | PRODUCER_MESSAGE_INTERVAL_SECONDS = 2
2026-05-28 20:43:32 | DEBUG | C03 | PRODUCER_MAX_MESSAGES             = 50
2026-05-28 20:43:32 | DEBUG | C03 | PRODUCER_POLL_INTERVAL_SECONDS    = 15
2026-05-28 20:43:32 | DEBUG | C03 | KAFKA_GROUP_ID                    = streaming-consumer-group-A
2026-05-28 20:43:32 | DEBUG | C03 | KAFKA_AUTO_OFFSET_RESET           = earliest
2026-05-28 20:43:32 | DEBUG | C03 | CONSUMER_TIMEOUT_SECONDS          = 10
2026-05-28 20:43:32 | DEBUG | C03 | CONSUMER_MAX_MESSAGES             = 1000
2026-05-28 20:43:32 | INFO | C03 | === RUN START ===
2026-05-28 20:43:32 | INFO | C03 | project=C03
2026-05-28 20:43:32 | INFO | C03 | repo_dir=streaming-03-analytics
2026-05-28 20:43:32 | INFO | C03 | python=3.14.3
2026-05-28 20:43:32 | INFO | C03 | os=Windows 11
2026-05-28 20:43:32 | INFO | C03 | shell=powershell
2026-05-28 20:43:32 | INFO | C03 | cwd=.
2026-05-28 20:43:32 | INFO | C03 | github_actions=False
2026-05-28 20:43:32 | INFO | C03 | ========================
2026-05-28 20:43:32 | INFO | C03 | START consumer main()
2026-05-28 20:43:32 | INFO | C03 | ========================
2026-05-28 20:43:32 | INFO | C03 | ROOT_DIR = .
2026-05-28 20:43:32 | INFO | C03 | DATA_DIR = data
2026-05-28 20:43:32 | INFO | C03 | OUTPUT_CSV = data\output\consumed_sales.csv
2026-05-28 20:43:32 | INFO | C03 | REGIONS_CSV = data\regions.csv
2026-05-28 20:43:32 | INFO | C03 | PRODUCTS_CSV = data\products.csv
2026-05-28 20:43:32 | INFO | C03 | CURRENCIES_CSV = data\currencies.csv
2026-05-28 20:43:32 | INFO | C03 | DISCOUNT_CODES_CSV = data\discount_codes.csv
2026-05-28 20:43:32 | INFO | C03 | ========================
2026-05-28 20:43:32 | INFO | C03 | SECTION A. Acquire
2026-05-28 20:43:32 | INFO | C03 | ========================
2026-05-28 20:43:32 | INFO | C03 | Loading settings from .env...
2026-05-28 20:43:32 | INFO | C03 | KAFKA_BOOTSTRAP_SERVERS  = localhost:9092
2026-05-28 20:43:32 | INFO | C03 | KAFKA_TOPIC              = streaming-03-analytics-case
2026-05-28 20:43:32 | INFO | C03 | KAFKA_GROUP_ID           = streaming-consumer-group-A
2026-05-28 20:43:32 | INFO | C03 | CONSUMER_TIMEOUT_SECONDS = 10.0
2026-05-28 20:43:32 | INFO | C03 | CONSUMER_MAX_MESSAGES    = 1000
2026-05-28 20:43:32 | INFO | C03 | Verifying Kafka connection...
2026-05-28 20:43:32 | INFO | C03 | Kafka port is reachable.
2026-05-28 20:43:32 | INFO | C03 | Verifying Kafka topic...
2026-05-28 20:43:35 | INFO | C03 | Topic 'streaming-03-analytics-case' exists.
2026-05-28 20:43:35 | INFO | C03 | Found 3 message(s) available.
2026-05-28 20:43:35 | INFO | C03 | Creating Kafka consumer...
2026-05-28 20:43:35 | INFO | C03 | Subscribed to topic: 'streaming-03-analytics-case' (reading from beginning)
2026-05-28 20:43:35 | INFO | C03 | ========================
2026-05-28 20:43:35 | INFO | C03 | SECTION C. Consume and Process Messages
2026-05-28 20:43:35 | INFO | C03 | ========================
2026-05-28 20:43:35 | INFO | C03 | Initializing output...
2026-05-28 20:43:35 | INFO | C03 | Output CSV cleared: consumed_sales.csv
2026-05-28 20:43:35 | INFO | C03 | Loading enrichment reference data...
2026-05-28 20:43:35 | INFO | C03 | Found 6 region tax rates.
2026-05-28 20:43:35 | INFO | C03 | Consuming messages...
2026-05-28 20:43:35 | INFO | C03 | Waiting for up to 1000 message(s).
2026-05-28 20:43:35 | INFO | C03 | Press CTRL+C to stop early.

2026-05-28 20:43:41 | INFO | C03 | {'currency_code': 'USD', 'customer_id': 'CUST-4150', 'customer_note': 'Gift for my team', 'datetime': '2026-05-04T08:11:00Z', 'device_type': 'tablet', 'discount_code': '', 'is_new_customer': 'false', 'is_online': 'true', 'order_id': 'e7324981-a9f0-419f-b708-d0a333451fff', 'payment_method': 'paypal', 'product_id': 'PY-STREAM-005', 'quantity': '3', 'referral_source': 'paid_search', 'region_id': 'US-TX', 'unit_price': '59.99', '_kafka_key': 'US-TX', '_kafka_partition': 0, '_kafka_offset': 0}
2026-05-28 20:43:41 | INFO | C03 | subtotal=179.97
2026-05-28 20:43:41 | INFO | C03 | tax=14.85
2026-05-28 20:43:41 | INFO | C03 | total=194.82
2026-05-28 20:43:41 | INFO | C03 | running_total=194.82
2026-05-28 20:43:41 | INFO | C03 | MESSAGE ACCEPTED
2026-05-28 20:43:41 | INFO | C03 | order=e7324981-a9f0-419f-b708-d0a333451fff
2026-05-28 20:43:41 | INFO | C03 | total=$194.82
2026-05-28 20:43:41 | INFO | C03 | consumed=1
2026-05-28 20:43:41 | INFO | C03 | RUNNING STATS
2026-05-28 20:43:41 | INFO | C03 | total_sales=$194.82
2026-05-28 20:43:41 | INFO | C03 | average=$194.82
2026-05-28 20:43:41 | INFO | C03 | min=$194.82
2026-05-28 20:43:41 | INFO | C03 | max=$194.82
2026-05-28 20:43:41 | INFO | C03 | {'currency_code': 'USD', 'customer_id': 'CUST-1106', 'customer_note': 'Gift for my team', 'datetime': '2026-05-04T08:23:00Z', 'device_type': 'mobile', 'discount_code': '', 'is_new_customer': 'false', 'is_online': 'true', 'order_id': 'd61943e0-f543-4b5f-9c9a-18605ea4cfe5', 'payment_method': 'paypal', 'product_id': 'PY-DATA-002', 'quantity': '1', 'referral_source': 'paid_search', 'region_id': 'US-TX', 'unit_price': '49.99', '_kafka_key': 'US-TX', '_kafka_partition': 0, '_kafka_offset': 1}
2026-05-28 20:43:41 | INFO | C03 | subtotal=49.99
2026-05-28 20:43:41 | INFO | C03 | tax=4.12
2026-05-28 20:43:41 | INFO | C03 | total=54.11
2026-05-28 20:43:41 | INFO | C03 | running_total=248.93
2026-05-28 20:43:41 | INFO | C03 | MESSAGE ACCEPTED
2026-05-28 20:43:41 | INFO | C03 | order=d61943e0-f543-4b5f-9c9a-18605ea4cfe5
2026-05-28 20:43:41 | INFO | C03 | total=$54.11
2026-05-28 20:43:41 | INFO | C03 | consumed=2
2026-05-28 20:43:41 | INFO | C03 | RUNNING STATS
2026-05-28 20:43:41 | INFO | C03 | total_sales=$248.93
2026-05-28 20:43:41 | INFO | C03 | average=$124.47
2026-05-28 20:43:41 | INFO | C03 | min=$54.11
2026-05-28 20:43:41 | INFO | C03 | max=$194.82
2026-05-28 20:43:41 | INFO | C03 | {'currency_code': 'CAD', 'customer_id': 'CUST-2133', 'customer_note': 'Learning at my own pace', 'datetime': '2026-05-04T08:28:00Z', 'device_type': 'desktop', 'discount_code': '', 'is_new_customer': 'false', 'is_online': 'true', 'order_id': '14da1915-8e74-47be-9e10-f7275d31af46', 'payment_method': 'paypal', 'product_id': 'PY-NLP-006', 'quantity': '1', 'referral_source': 'organic', 'region_id': 'CA-QC', 'unit_price': '54.99', '_kafka_key': 'CA-QC', '_kafka_partition': 0, '_kafka_offset': 2}
2026-05-28 20:43:41 | INFO | C03 | subtotal=54.99
2026-05-28 20:43:41 | INFO | C03 | tax=8.23
2026-05-28 20:43:41 | INFO | C03 | total=63.22
2026-05-28 20:43:41 | INFO | C03 | running_total=312.15
2026-05-28 20:43:41 | INFO | C03 | MESSAGE ACCEPTED
2026-05-28 20:43:41 | INFO | C03 | order=14da1915-8e74-47be-9e10-f7275d31af46
2026-05-28 20:43:41 | INFO | C03 | total=$63.22
2026-05-28 20:43:41 | INFO | C03 | consumed=3
2026-05-28 20:43:41 | INFO | C03 | RUNNING STATS
2026-05-28 20:43:41 | INFO | C03 | total_sales=$312.15
2026-05-28 20:43:41 | INFO | C03 | average=$104.05
2026-05-28 20:43:41 | INFO | C03 | min=$54.11
2026-05-28 20:43:41 | INFO | C03 | max=$194.82
2026-05-28 20:43:51 | INFO | C03 | No message received within 10.0s timeout.
2026-05-28 20:43:51 | INFO | C03 | Producer finished or paused. Stopping consumer.
2026-05-28 20:43:51 | INFO | C03 | Kafka consumer closed.
2026-05-28 20:43:51 | INFO | C03 | ========================
2026-05-28 20:43:51 | INFO | C03 | SECTION E. Exit
2026-05-28 20:43:51 | INFO | C03 | ========================
2026-05-28 20:43:51 | INFO | C03 | Summary:
2026-05-28 20:43:51 | INFO | C03 | Consumed 3 message(s) from topic 'streaming-03-analytics-case'.
2026-05-28 20:43:51 | INFO | C03 | Skipped  0 message(s).
2026-05-28 20:43:51 | INFO | C03 | OUTPUT_CSV = data\output\consumed_sales.csv
2026-05-28 20:43:51 | INFO | C03 |   Total sales:  $312.15
2026-05-28 20:43:51 | INFO | C03 |   Average sale: $104.05
2026-05-28 20:43:51 | INFO | C03 |   Minimum sale: $54.11
2026-05-28 20:43:51 | INFO | C03 |   Maximum sale: $194.82
2026-05-28 20:43:51 | INFO | C03 | ========================
2026-05-28 20:43:51 | INFO | C03 | Consumer executed successfully!
2026-05-28 20:43:51 | INFO | C03 | ========================
2026-06-02 14:00:13 | DEBUG | P03 | KAFKA_BOOTSTRAP_SERVERS           = localhost:9092
2026-06-02 14:00:13 | DEBUG | P03 | KAFKA_BROKER_ADDRESS_FAMILY       = v6
2026-06-02 14:00:13 | DEBUG | P03 | KAFKA_TOPIC                       = streaming-03-analytics-kjleopold
2026-06-02 14:00:13 | DEBUG | P03 | KAFKA_CLEAR_TOPIC_ON_START        = true
2026-06-02 14:00:13 | DEBUG | P03 | PRODUCER_MESSAGE_COUNT            = 12
2026-06-02 14:00:13 | DEBUG | P03 | PRODUCER_MESSAGE_INTERVAL_SECONDS = 1
2026-06-02 14:00:13 | DEBUG | P03 | PRODUCER_MAX_MESSAGES             = 50
2026-06-02 14:00:13 | DEBUG | P03 | PRODUCER_POLL_INTERVAL_SECONDS    = 15
2026-06-02 14:00:13 | DEBUG | P03 | KAFKA_GROUP_ID                    = streaming-consumer-group-A
2026-06-02 14:00:13 | DEBUG | P03 | KAFKA_AUTO_OFFSET_RESET           = earliest
2026-06-02 14:00:13 | DEBUG | P03 | CONSUMER_TIMEOUT_SECONDS          = 10
2026-06-02 14:00:13 | DEBUG | P03 | CONSUMER_MAX_MESSAGES             = 1000
2026-06-02 14:00:13 | INFO | P03 | === RUN START ===
2026-06-02 14:00:13 | INFO | P03 | project=P03
2026-06-02 14:00:13 | INFO | P03 | repo_dir=streaming-03-analytics
2026-06-02 14:00:13 | INFO | P03 | python=3.14.3
2026-06-02 14:00:13 | INFO | P03 | os=Windows 11
2026-06-02 14:00:13 | INFO | P03 | shell=powershell
2026-06-02 14:00:13 | INFO | P03 | cwd=.
2026-06-02 14:00:13 | INFO | P03 | github_actions=False
2026-06-02 14:00:13 | INFO | P03 | ========================
2026-06-02 14:00:13 | INFO | P03 | START producer main()
2026-06-02 14:00:13 | INFO | P03 | ========================
2026-06-02 14:00:13 | INFO | P03 | ROOT_DIR = .
2026-06-02 14:00:13 | INFO | P03 | DATA_DIR = data
2026-06-02 14:00:13 | INFO | P03 | SALES_CSV = data\sales.csv
2026-06-02 14:00:13 | INFO | P03 | REGIONS_CSV = data\regions.csv
2026-06-02 14:00:13 | INFO | P03 | PRODUCTS_CSV = data\products.csv
2026-06-02 14:00:13 | INFO | P03 | REJECTED_SALES_CSV = data\output\producer_rejected_sales.csv
2026-06-02 14:00:13 | INFO | P03 | ========================
2026-06-02 14:00:13 | INFO | P03 | SECTION A. Acquire
2026-06-02 14:00:13 | INFO | P03 | ========================
2026-06-02 14:00:13 | INFO | P03 | Loading settings from .env...
2026-06-02 14:00:13 | INFO | P03 | KAFKA_BOOTSTRAP_SERVERS           = localhost:9092
2026-06-02 14:00:13 | INFO | P03 | KAFKA_TOPIC                       = streaming-03-analytics-kjleopold
2026-06-02 14:00:13 | INFO | P03 | PRODUCER_MESSAGE_COUNT            = 12
2026-06-02 14:00:13 | INFO | P03 | PRODUCER_MESSAGE_INTERVAL_SECONDS = 1.0
2026-06-02 14:00:13 | INFO | P03 | KAFKA_CLEAR_TOPIC_ON_START        = True
2026-06-02 14:00:13 | INFO | P03 | Verifying Kafka connection...
2026-06-02 14:00:13 | INFO | P03 | Kafka port is reachable.
2026-06-02 14:00:15 | DEBUG | C03 | KAFKA_BOOTSTRAP_SERVERS           = localhost:9092
2026-06-02 14:00:15 | DEBUG | C03 | KAFKA_BROKER_ADDRESS_FAMILY       = v6
2026-06-02 14:00:15 | DEBUG | C03 | KAFKA_TOPIC                       = streaming-03-analytics-kjleopold
2026-06-02 14:00:15 | DEBUG | C03 | KAFKA_CLEAR_TOPIC_ON_START        = true
2026-06-02 14:00:15 | DEBUG | C03 | PRODUCER_MESSAGE_COUNT            = 12
2026-06-02 14:00:15 | DEBUG | C03 | PRODUCER_MESSAGE_INTERVAL_SECONDS = 1
2026-06-02 14:00:15 | DEBUG | C03 | PRODUCER_MAX_MESSAGES             = 50
2026-06-02 14:00:15 | DEBUG | C03 | PRODUCER_POLL_INTERVAL_SECONDS    = 15
2026-06-02 14:00:15 | DEBUG | C03 | KAFKA_GROUP_ID                    = streaming-consumer-group-A
2026-06-02 14:00:15 | DEBUG | C03 | KAFKA_AUTO_OFFSET_RESET           = earliest
2026-06-02 14:00:15 | DEBUG | C03 | CONSUMER_TIMEOUT_SECONDS          = 10
2026-06-02 14:00:15 | DEBUG | C03 | CONSUMER_MAX_MESSAGES             = 1000
2026-06-02 14:00:15 | INFO | C03 | === RUN START ===
2026-06-02 14:00:15 | INFO | C03 | project=C03
2026-06-02 14:00:15 | INFO | C03 | repo_dir=streaming-03-analytics
2026-06-02 14:00:15 | INFO | C03 | python=3.14.3
2026-06-02 14:00:15 | INFO | C03 | os=Windows 11
2026-06-02 14:00:15 | INFO | C03 | shell=powershell
2026-06-02 14:00:15 | INFO | C03 | cwd=.
2026-06-02 14:00:15 | INFO | C03 | github_actions=False
2026-06-02 14:00:15 | INFO | C03 | ========================
2026-06-02 14:00:15 | INFO | C03 | START consumer main()
2026-06-02 14:00:15 | INFO | C03 | ========================
2026-06-02 14:00:15 | INFO | C03 | ROOT_DIR = .
2026-06-02 14:00:15 | INFO | C03 | DATA_DIR = data
2026-06-02 14:00:15 | INFO | C03 | OUTPUT_CSV = data\output\consumed_sales_kjleopold.csv
2026-06-02 14:00:15 | INFO | C03 | REGIONS_CSV = data\regions.csv
2026-06-02 14:00:15 | INFO | C03 | PRODUCTS_CSV = data\products.csv
2026-06-02 14:00:15 | INFO | C03 | CURRENCIES_CSV = data\currencies.csv
2026-06-02 14:00:15 | INFO | C03 | DISCOUNT_CODES_CSV = data\discount_codes.csv
2026-06-02 14:00:15 | INFO | C03 | ========================
2026-06-02 14:00:15 | INFO | C03 | SECTION A. Acquire
2026-06-02 14:00:15 | INFO | C03 | ========================
2026-06-02 14:00:15 | INFO | C03 | Loading settings from .env...
2026-06-02 14:00:15 | INFO | C03 | KAFKA_BOOTSTRAP_SERVERS  = localhost:9092
2026-06-02 14:00:15 | INFO | C03 | KAFKA_TOPIC              = streaming-03-analytics-kjleopold
2026-06-02 14:00:15 | INFO | C03 | KAFKA_GROUP_ID           = streaming-consumer-group-A
2026-06-02 14:00:15 | INFO | C03 | CONSUMER_TIMEOUT_SECONDS = 10.0
2026-06-02 14:00:15 | INFO | C03 | CONSUMER_MAX_MESSAGES    = 1000
2026-06-02 14:00:15 | INFO | C03 | Verifying Kafka connection...
2026-06-02 14:00:15 | INFO | C03 | Kafka port is reachable.
2026-06-02 14:00:15 | INFO | C03 | Verifying Kafka topic...
2026-06-02 14:00:17 | INFO | P03 | Loading validation reference data...
2026-06-02 14:00:17 | INFO | P03 | Found 6 valid regions, 
2026-06-02 14:00:17 | INFO | P03 | 6 valid products.
2026-06-02 14:00:17 | INFO | P03 | ========================
2026-06-02 14:00:17 | INFO | P03 | SECTION P. Produce Messages
2026-06-02 14:00:17 | INFO | P03 | ========================
2026-06-02 14:00:17 | INFO | P03 | Initializing output...
2026-06-02 14:00:17 | INFO | P03 | Output directory ready: output
2026-06-02 14:00:17 | INFO | P03 | Sending messages...
2026-06-02 14:00:17 | INFO | P03 | Sending up to 12 message(s) to topic 'streaming-03-analytics-kjleopold'.
2026-06-02 14:00:17 | INFO | P03 | Watch each sale arrive. Press CTRL+C to stop early.

2026-06-02 14:00:17 | INFO | P03 | {
  order_id: e7324981-a9f0-419f-b708-d0a333451fff
  datetime: 2026-05-04T08:11:00Z
  region_id: US-TX
  currency_code: USD
  product_id: PY-STREAM-005
  unit_price: 59.99
  quantity: 3
  is_online: true
  customer_id: CUST-4150
  is_new_customer: false
  device_type: tablet
  payment_method: paypal
  referral_source: paid_search
  discount_code: 
  customer_note: Gift for my team
}
2026-06-02 14:00:17 | INFO | P03 |   Sending message with key=US-TX
2026-06-02 14:00:17 | INFO | P03 |   MESSAGE SENT  sent=1
2026-06-02 14:00:18 | INFO | P03 | {
  order_id: d61943e0-f543-4b5f-9c9a-18605ea4cfe5
  datetime: 2026-05-04T08:23:00Z
  region_id: US-TX
  currency_code: USD
  product_id: PY-DATA-002
  unit_price: 49.99
  quantity: 1
  is_online: true
  customer_id: CUST-1106
  is_new_customer: false
  device_type: mobile
  payment_method: paypal
  referral_source: paid_search
  discount_code: 
  customer_note: Gift for my team
}
2026-06-02 14:00:18 | INFO | P03 |   Sending message with key=US-TX
2026-06-02 14:00:18 | INFO | P03 |   MESSAGE SENT  sent=2
2026-06-02 14:00:19 | INFO | P03 | {
  order_id: 14da1915-8e74-47be-9e10-f7275d31af46
  datetime: 2026-05-04T08:28:00Z
  region_id: CA-QC
  currency_code: CAD
  product_id: PY-NLP-006
  unit_price: 54.99
  quantity: 1
  is_online: true
  customer_id: CUST-2133
  is_new_customer: false
  device_type: desktop
  payment_method: paypal
  referral_source: organic
  discount_code: 
  customer_note: Learning at my own pace
}
2026-06-02 14:00:19 | INFO | P03 |   Sending message with key=CA-QC
2026-06-02 14:00:19 | INFO | P03 |   MESSAGE SENT  sent=3
2026-06-02 14:00:20 | INFO | P03 | {
  order_id: d77ed935-9b28-431d-bc25-0a3fd98f4154
  datetime: 2026-05-04T08:40:00Z
  region_id: US-CA
  currency_code: USD
  product_id: PY-STREAM-005
  unit_price: 59.99
  quantity: 1
  is_online: true
  customer_id: CUST-5333
  is_new_customer: false
  device_type: mobile
  payment_method: paypal
  referral_source: organic
  discount_code: 
  customer_note: Highly recommend
}
2026-06-02 14:00:20 | INFO | P03 |   Sending message with key=US-CA
2026-06-02 14:00:20 | INFO | P03 |   MESSAGE SENT  sent=4
2026-06-02 14:00:21 | INFO | P03 | {
  order_id: 24b91995-25f8-4ad7-8fa6-2e4c15750e5e
  datetime: 2026-05-04T08:41:00Z
  region_id: US-MO
  currency_code: USD
  product_id: PY-VIZ-003
  unit_price: 39.99
  quantity: 1
  is_online: true
  customer_id: CUST-8573
  is_new_customer: false
  device_type: mobile
  payment_method: apple_pay
  referral_source: paid_search
  discount_code: 
  customer_note: Learning at my own pace
}
2026-06-02 14:00:21 | INFO | P03 |   Sending message with key=US-MO
2026-06-02 14:00:21 | INFO | P03 |   MESSAGE SENT  sent=5
2026-06-02 14:00:22 | INFO | P03 | {
  order_id: 1ec0fc8b-998c-4f43-8a66-19e1fa7d5fa8
  datetime: 2026-05-04T08:54:00Z
  region_id: CA-ON
  currency_code: CAD
  product_id: PY-SQL-004
  unit_price: 44.99
  quantity: 1
  is_online: true
  customer_id: CUST-8062
  is_new_customer: false
  device_type: tablet
  payment_method: paypal
  referral_source: organic
  discount_code: 
  customer_note: 
}
2026-06-02 14:00:22 | INFO | P03 |   Sending message with key=CA-ON
2026-06-02 14:00:22 | INFO | P03 |   MESSAGE SENT  sent=6
2026-06-02 14:00:23 | INFO | P03 | {
  order_id: 392dd49b-b385-499c-9b4a-a38387fa39ae
  datetime: 2026-05-04T09:07:00Z
  region_id: CA-ON
  currency_code: CAD
  product_id: PY-INTRO-001
  unit_price: 29.99
  quantity: 1
  is_online: false
  customer_id: CUST-9348
  is_new_customer: false
  device_type: desktop
  payment_method: credit_card
  referral_source: paid_search
  discount_code: 
  customer_note: For my study group
}
2026-06-02 14:00:23 | INFO | P03 |   Sending message with key=CA-ON
2026-06-02 14:00:23 | INFO | P03 |   MESSAGE SENT  sent=7
2026-06-02 14:00:24 | INFO | C03 | Topic 'streaming-03-analytics-kjleopold' exists.
2026-06-02 14:00:24 | INFO | C03 | Found 7 message(s) available.
2026-06-02 14:00:24 | INFO | C03 | Creating Kafka consumer...
2026-06-02 14:00:24 | INFO | C03 | Subscribed to topic: 'streaming-03-analytics-kjleopold' (reading from beginning)
2026-06-02 14:00:24 | INFO | C03 | ========================
2026-06-02 14:00:24 | INFO | C03 | SECTION C. Consume and Process Messages
2026-06-02 14:00:24 | INFO | C03 | ========================
2026-06-02 14:00:24 | INFO | C03 | Initializing output...
2026-06-02 14:00:24 | INFO | C03 | Output CSV cleared: consumed_sales_kjleopold.csv
2026-06-02 14:00:24 | INFO | C03 | Loading enrichment reference data...
2026-06-02 14:00:24 | INFO | C03 | Found 6 region tax rates.
2026-06-02 14:00:24 | INFO | C03 | Consuming messages...
2026-06-02 14:00:24 | INFO | C03 | Waiting for up to 1000 message(s).
2026-06-02 14:00:24 | INFO | C03 | Press CTRL+C to stop early.

2026-06-02 14:00:24 | INFO | P03 | {
  order_id: 02782ab7-dd7d-4ebe-8abc-ef81cdc4193b
  datetime: 2026-05-04T09:15:00Z
  region_id: US-CA
  currency_code: USD
  product_id: PY-VIZ-003
  unit_price: 39.99
  quantity: 1
  is_online: true
  customer_id: CUST-5889
  is_new_customer: false
  device_type: tablet
  payment_method: paypal
  referral_source: organic
  discount_code: 
  customer_note: 
}
2026-06-02 14:00:24 | INFO | P03 |   Sending message with key=US-CA
2026-06-02 14:00:24 | INFO | P03 |   MESSAGE SENT  sent=8
2026-06-02 14:00:25 | INFO | P03 | {
  order_id: 67bd3492-cc96-429a-9a91-1b4d2132d261
  datetime: 2026-05-04T09:19:00Z
  region_id: CA-ON
  currency_code: CAD
  product_id: PY-VIZ-003
  unit_price: 39.99
  quantity: 1
  is_online: true
  customer_id: CUST-4770
  is_new_customer: false
  device_type: desktop
  payment_method: credit_card
  referral_source: paid_search
  discount_code: 
  customer_note: Excellent content
}
2026-06-02 14:00:25 | INFO | P03 |   Sending message with key=CA-ON
2026-06-02 14:00:25 | INFO | P03 |   MESSAGE SENT  sent=9
2026-06-02 14:00:26 | INFO | P03 | {
  order_id: 0a021628-6937-4876-8875-b00c07a39e0f
  datetime: 2026-05-04T09:37:00Z
  region_id: MX-CMX
  currency_code: MXN
  product_id: PY-DATA-002
  unit_price: 49.99
  quantity: 1
  is_online: true
  customer_id: CUST-6168
  is_new_customer: false
  device_type: desktop
  payment_method: paypal
  referral_source: organic
  discount_code: 
  customer_note: 
}
2026-06-02 14:00:26 | INFO | P03 |   Sending message with key=MX-CMX
2026-06-02 14:00:26 | INFO | P03 |   MESSAGE SENT  sent=10
2026-06-02 14:00:27 | INFO | P03 | {
  order_id: b05fc600-a5fc-4826-934c-cc1f188b0715
  datetime: 2026-05-04T09:42:00Z
  region_id: US-MO
  currency_code: USD
  product_id: PY-DATA-002
  unit_price: 49.99
  quantity: 3
  is_online: true
  customer_id: CUST-3340
  is_new_customer: false
  device_type: tablet
  payment_method: credit_card
  referral_source: organic
  discount_code: 
  customer_note: Recommended by a colleague
}
2026-06-02 14:00:27 | INFO | P03 |   Sending message with key=US-MO
2026-06-02 14:00:27 | INFO | P03 |   MESSAGE SENT  sent=11
2026-06-02 14:00:28 | INFO | P03 | {
  order_id: 03d437fb-6966-47ad-a67a-728630c8b3f8
  datetime: 2026-05-04T10:06:00Z
  region_id: US-MO
  currency_code: USD
  product_id: PY-INTRO-001
  unit_price: 29.99
  quantity: 1
  is_online: true
  customer_id: CUST-8668
  is_new_customer: false
  device_type: mobile
  payment_method: apple_pay
  referral_source: email
  discount_code: 
  customer_note: 
}
2026-06-02 14:00:28 | INFO | P03 |   Sending message with key=US-MO
2026-06-02 14:00:28 | INFO | P03 |   MESSAGE SENT  sent=12
2026-06-02 14:00:29 | INFO | P03 | Checking for rejected records...
2026-06-02 14:00:29 | INFO | P03 |   No records rejected.
2026-06-02 14:00:29 | INFO | P03 | ========================
2026-06-02 14:00:29 | INFO | P03 | SECTION E. Exit
2026-06-02 14:00:29 | INFO | P03 | ========================
2026-06-02 14:00:29 | INFO | P03 | Summary:
2026-06-02 14:00:29 | INFO | P03 | Sent 12 message(s) to topic 'streaming-03-analytics-kjleopold'.
2026-06-02 14:00:29 | INFO | P03 | Rejected 0 message(s).
2026-06-02 14:00:29 | INFO | P03 | ========================
2026-06-02 14:00:29 | INFO | P03 | Producer executed successfully!
2026-06-02 14:00:29 | INFO | P03 | ========================
2026-06-02 14:00:30 | INFO | C03 | {'currency_code': 'USD', 'customer_id': 'CUST-4150', 'customer_note': 'Gift for my team', 'datetime': '2026-05-04T08:11:00Z', 'device_type': 'tablet', 'discount_code': '', 'is_new_customer': 'false', 'is_online': 'true', 'order_id': 'e7324981-a9f0-419f-b708-d0a333451fff', 'payment_method': 'paypal', 'product_id': 'PY-STREAM-005', 'quantity': '3', 'referral_source': 'paid_search', 'region_id': 'US-TX', 'unit_price': '59.99', '_kafka_key': 'US-TX', '_kafka_partition': 0, '_kafka_offset': 0}
2026-06-02 14:00:30 | INFO | C03 | subtotal=179.97
2026-06-02 14:00:30 | INFO | C03 | tax=14.85
2026-06-02 14:00:30 | INFO | C03 | total=194.82
2026-06-02 14:00:30 | INFO | C03 | running_total=194.82
2026-06-02 14:00:30 | INFO | C03 | MESSAGE ACCEPTED
2026-06-02 14:00:30 | INFO | C03 | order=e7324981-a9f0-419f-b708-d0a333451fff
2026-06-02 14:00:30 | INFO | C03 | total=$194.82
2026-06-02 14:00:30 | INFO | C03 | consumed=1
2026-06-02 14:00:30 | INFO | C03 | RUNNING STATS
2026-06-02 14:00:30 | INFO | C03 | total_sales=$194.82
2026-06-02 14:00:30 | INFO | C03 | average=$194.82
2026-06-02 14:00:30 | INFO | C03 | min=$194.82
2026-06-02 14:00:30 | INFO | C03 | max=$194.82
2026-06-02 14:00:30 | INFO | C03 | {'currency_code': 'USD', 'customer_id': 'CUST-1106', 'customer_note': 'Gift for my team', 'datetime': '2026-05-04T08:23:00Z', 'device_type': 'mobile', 'discount_code': '', 'is_new_customer': 'false', 'is_online': 'true', 'order_id': 'd61943e0-f543-4b5f-9c9a-18605ea4cfe5', 'payment_method': 'paypal', 'product_id': 'PY-DATA-002', 'quantity': '1', 'referral_source': 'paid_search', 'region_id': 'US-TX', 'unit_price': '49.99', '_kafka_key': 'US-TX', '_kafka_partition': 0, '_kafka_offset': 1}
2026-06-02 14:00:30 | INFO | C03 | subtotal=49.99
2026-06-02 14:00:30 | INFO | C03 | tax=4.12
2026-06-02 14:00:30 | INFO | C03 | total=54.11
2026-06-02 14:00:30 | INFO | C03 | running_total=248.93
2026-06-02 14:00:30 | INFO | C03 | MESSAGE ACCEPTED
2026-06-02 14:00:30 | INFO | C03 | order=d61943e0-f543-4b5f-9c9a-18605ea4cfe5
2026-06-02 14:00:30 | INFO | C03 | total=$54.11
2026-06-02 14:00:30 | INFO | C03 | consumed=2
2026-06-02 14:00:30 | INFO | C03 | RUNNING STATS
2026-06-02 14:00:30 | INFO | C03 | total_sales=$248.93
2026-06-02 14:00:30 | INFO | C03 | average=$124.47
2026-06-02 14:00:30 | INFO | C03 | min=$54.11
2026-06-02 14:00:30 | INFO | C03 | max=$194.82
2026-06-02 14:00:30 | INFO | C03 | {'currency_code': 'CAD', 'customer_id': 'CUST-2133', 'customer_note': 'Learning at my own pace', 'datetime': '2026-05-04T08:28:00Z', 'device_type': 'desktop', 'discount_code': '', 'is_new_customer': 'false', 'is_online': 'true', 'order_id': '14da1915-8e74-47be-9e10-f7275d31af46', 'payment_method': 'paypal', 'product_id': 'PY-NLP-006', 'quantity': '1', 'referral_source': 'organic', 'region_id': 'CA-QC', 'unit_price': '54.99', '_kafka_key': 'CA-QC', '_kafka_partition': 0, '_kafka_offset': 2}
2026-06-02 14:00:30 | INFO | C03 | subtotal=54.99
2026-06-02 14:00:30 | INFO | C03 | tax=8.23
2026-06-02 14:00:30 | INFO | C03 | total=63.22
2026-06-02 14:00:30 | INFO | C03 | running_total=312.15
2026-06-02 14:00:30 | INFO | C03 | MESSAGE ACCEPTED
2026-06-02 14:00:30 | INFO | C03 | order=14da1915-8e74-47be-9e10-f7275d31af46
2026-06-02 14:00:30 | INFO | C03 | total=$63.22
2026-06-02 14:00:30 | INFO | C03 | consumed=3
2026-06-02 14:00:30 | INFO | C03 | RUNNING STATS
2026-06-02 14:00:30 | INFO | C03 | total_sales=$312.15
2026-06-02 14:00:30 | INFO | C03 | average=$104.05
2026-06-02 14:00:30 | INFO | C03 | min=$54.11
2026-06-02 14:00:30 | INFO | C03 | max=$194.82
2026-06-02 14:00:30 | INFO | C03 | {'currency_code': 'USD', 'customer_id': 'CUST-5333', 'customer_note': 'Highly recommend', 'datetime': '2026-05-04T08:40:00Z', 'device_type': 'mobile', 'discount_code': '', 'is_new_customer': 'false', 'is_online': 'true', 'order_id': 'd77ed935-9b28-431d-bc25-0a3fd98f4154', 'payment_method': 'paypal', 'product_id': 'PY-STREAM-005', 'quantity': '1', 'referral_source': 'organic', 'region_id': 'US-CA', 'unit_price': '59.99', '_kafka_key': 'US-CA', '_kafka_partition': 0, '_kafka_offset': 3}
2026-06-02 14:00:30 | INFO | C03 | subtotal=59.99
2026-06-02 14:00:30 | INFO | C03 | tax=5.7
2026-06-02 14:00:30 | INFO | C03 | total=65.69
2026-06-02 14:00:30 | INFO | C03 | running_total=377.84
2026-06-02 14:00:30 | INFO | C03 | MESSAGE ACCEPTED
2026-06-02 14:00:30 | INFO | C03 | order=d77ed935-9b28-431d-bc25-0a3fd98f4154
2026-06-02 14:00:30 | INFO | C03 | total=$65.69
2026-06-02 14:00:30 | INFO | C03 | consumed=4
2026-06-02 14:00:30 | INFO | C03 | RUNNING STATS
2026-06-02 14:00:30 | INFO | C03 | total_sales=$377.84
2026-06-02 14:00:30 | INFO | C03 | average=$94.46
2026-06-02 14:00:30 | INFO | C03 | min=$54.11
2026-06-02 14:00:30 | INFO | C03 | max=$194.82
2026-06-02 14:00:30 | INFO | C03 | {'currency_code': 'USD', 'customer_id': 'CUST-8573', 'customer_note': 'Learning at my own pace', 'datetime': '2026-05-04T08:41:00Z', 'device_type': 'mobile', 'discount_code': '', 'is_new_customer': 'false', 'is_online': 'true', 'order_id': '24b91995-25f8-4ad7-8fa6-2e4c15750e5e', 'payment_method': 'apple_pay', 'product_id': 'PY-VIZ-003', 'quantity': '1', 'referral_source': 'paid_search', 'region_id': 'US-MO', 'unit_price': '39.99', '_kafka_key': 'US-MO', '_kafka_partition': 0, '_kafka_offset': 4}
2026-06-02 14:00:30 | INFO | C03 | subtotal=39.99
2026-06-02 14:00:30 | INFO | C03 | tax=3.2
2026-06-02 14:00:30 | INFO | C03 | total=43.19
2026-06-02 14:00:30 | INFO | C03 | running_total=421.03
2026-06-02 14:00:30 | INFO | C03 | MESSAGE ACCEPTED
2026-06-02 14:00:30 | INFO | C03 | order=24b91995-25f8-4ad7-8fa6-2e4c15750e5e
2026-06-02 14:00:30 | INFO | C03 | total=$43.19
2026-06-02 14:00:30 | INFO | C03 | consumed=5
2026-06-02 14:00:30 | INFO | C03 | RUNNING STATS
2026-06-02 14:00:30 | INFO | C03 | total_sales=$421.03
2026-06-02 14:00:30 | INFO | C03 | average=$84.21
2026-06-02 14:00:30 | INFO | C03 | min=$43.19
2026-06-02 14:00:30 | INFO | C03 | max=$194.82
2026-06-02 14:00:30 | INFO | C03 | {'currency_code': 'CAD', 'customer_id': 'CUST-8062', 'customer_note': '', 'datetime': '2026-05-04T08:54:00Z', 'device_type': 'tablet', 'discount_code': '', 'is_new_customer': 'false', 'is_online': 'true', 'order_id': '1ec0fc8b-998c-4f43-8a66-19e1fa7d5fa8', 'payment_method': 'paypal', 'product_id': 'PY-SQL-004', 'quantity': '1', 'referral_source': 'organic', 'region_id': 'CA-ON', 'unit_price': '44.99', '_kafka_key': 'CA-ON', '_kafka_partition': 0, '_kafka_offset': 5}
2026-06-02 14:00:30 | INFO | C03 | subtotal=44.99
2026-06-02 14:00:30 | INFO | C03 | tax=5.85
2026-06-02 14:00:30 | INFO | C03 | total=50.84
2026-06-02 14:00:30 | INFO | C03 | running_total=471.87
2026-06-02 14:00:30 | INFO | C03 | MESSAGE ACCEPTED
2026-06-02 14:00:30 | INFO | C03 | order=1ec0fc8b-998c-4f43-8a66-19e1fa7d5fa8
2026-06-02 14:00:30 | INFO | C03 | total=$50.84
2026-06-02 14:00:30 | INFO | C03 | consumed=6
2026-06-02 14:00:30 | INFO | C03 | RUNNING STATS
2026-06-02 14:00:30 | INFO | C03 | total_sales=$471.87
2026-06-02 14:00:30 | INFO | C03 | average=$78.64
2026-06-02 14:00:30 | INFO | C03 | min=$43.19
2026-06-02 14:00:30 | INFO | C03 | max=$194.82
2026-06-02 14:00:30 | INFO | C03 | {'currency_code': 'CAD', 'customer_id': 'CUST-9348', 'customer_note': 'For my study group', 'datetime': '2026-05-04T09:07:00Z', 'device_type': 'desktop', 'discount_code': '', 'is_new_customer': 'false', 'is_online': 'false', 'order_id': '392dd49b-b385-499c-9b4a-a38387fa39ae', 'payment_method': 'credit_card', 'product_id': 'PY-INTRO-001', 'quantity': '1', 'referral_source': 'paid_search', 'region_id': 'CA-ON', 'unit_price': '29.99', '_kafka_key': 'CA-ON', '_kafka_partition': 0, '_kafka_offset': 6}
2026-06-02 14:00:30 | INFO | C03 | subtotal=29.99
2026-06-02 14:00:30 | INFO | C03 | tax=3.9
2026-06-02 14:00:30 | INFO | C03 | total=33.89
2026-06-02 14:00:30 | INFO | C03 | running_total=505.76
2026-06-02 14:00:30 | INFO | C03 | MESSAGE ACCEPTED
2026-06-02 14:00:30 | INFO | C03 | order=392dd49b-b385-499c-9b4a-a38387fa39ae
2026-06-02 14:00:30 | INFO | C03 | total=$33.89
2026-06-02 14:00:30 | INFO | C03 | consumed=7
2026-06-02 14:00:30 | INFO | C03 | RUNNING STATS
2026-06-02 14:00:30 | INFO | C03 | total_sales=$505.76
2026-06-02 14:00:30 | INFO | C03 | average=$72.25
2026-06-02 14:00:30 | INFO | C03 | min=$33.89
2026-06-02 14:00:30 | INFO | C03 | max=$194.82
2026-06-02 14:00:30 | INFO | C03 | {'currency_code': 'USD', 'customer_id': 'CUST-5889', 'customer_note': '', 'datetime': '2026-05-04T09:15:00Z', 'device_type': 'tablet', 'discount_code': '', 'is_new_customer': 'false', 'is_online': 'true', 'order_id': '02782ab7-dd7d-4ebe-8abc-ef81cdc4193b', 'payment_method': 'paypal', 'product_id': 'PY-VIZ-003', 'quantity': '1', 'referral_source': 'organic', 'region_id': 'US-CA', 'unit_price': '39.99', '_kafka_key': 'US-CA', '_kafka_partition': 0, '_kafka_offset': 7}
2026-06-02 14:00:30 | INFO | C03 | subtotal=39.99
2026-06-02 14:00:30 | INFO | C03 | tax=3.8
2026-06-02 14:00:30 | INFO | C03 | total=43.79
2026-06-02 14:00:30 | INFO | C03 | running_total=549.55
2026-06-02 14:00:30 | INFO | C03 | MESSAGE ACCEPTED
2026-06-02 14:00:30 | INFO | C03 | order=02782ab7-dd7d-4ebe-8abc-ef81cdc4193b
2026-06-02 14:00:30 | INFO | C03 | total=$43.79
2026-06-02 14:00:30 | INFO | C03 | consumed=8
2026-06-02 14:00:30 | INFO | C03 | RUNNING STATS
2026-06-02 14:00:30 | INFO | C03 | total_sales=$549.55
2026-06-02 14:00:30 | INFO | C03 | average=$68.69
2026-06-02 14:00:30 | INFO | C03 | min=$33.89
2026-06-02 14:00:30 | INFO | C03 | max=$194.82
2026-06-02 14:00:30 | INFO | C03 | {'currency_code': 'CAD', 'customer_id': 'CUST-4770', 'customer_note': 'Excellent content', 'datetime': '2026-05-04T09:19:00Z', 'device_type': 'desktop', 'discount_code': '', 'is_new_customer': 'false', 'is_online': 'true', 'order_id': '67bd3492-cc96-429a-9a91-1b4d2132d261', 'payment_method': 'credit_card', 'product_id': 'PY-VIZ-003', 'quantity': '1', 'referral_source': 'paid_search', 'region_id': 'CA-ON', 'unit_price': '39.99', '_kafka_key': 'CA-ON', '_kafka_partition': 0, '_kafka_offset': 8}
2026-06-02 14:00:30 | INFO | C03 | subtotal=39.99
2026-06-02 14:00:30 | INFO | C03 | tax=5.2
2026-06-02 14:00:30 | INFO | C03 | total=45.19
2026-06-02 14:00:30 | INFO | C03 | running_total=594.74
2026-06-02 14:00:30 | INFO | C03 | MESSAGE ACCEPTED
2026-06-02 14:00:30 | INFO | C03 | order=67bd3492-cc96-429a-9a91-1b4d2132d261
2026-06-02 14:00:30 | INFO | C03 | total=$45.19
2026-06-02 14:00:30 | INFO | C03 | consumed=9
2026-06-02 14:00:30 | INFO | C03 | RUNNING STATS
2026-06-02 14:00:30 | INFO | C03 | total_sales=$594.74
2026-06-02 14:00:30 | INFO | C03 | average=$66.08
2026-06-02 14:00:30 | INFO | C03 | min=$33.89
2026-06-02 14:00:30 | INFO | C03 | max=$194.82
2026-06-02 14:00:30 | INFO | C03 | {'currency_code': 'MXN', 'customer_id': 'CUST-6168', 'customer_note': '', 'datetime': '2026-05-04T09:37:00Z', 'device_type': 'desktop', 'discount_code': '', 'is_new_customer': 'false', 'is_online': 'true', 'order_id': '0a021628-6937-4876-8875-b00c07a39e0f', 'payment_method': 'paypal', 'product_id': 'PY-DATA-002', 'quantity': '1', 'referral_source': 'organic', 'region_id': 'MX-CMX', 'unit_price': '49.99', '_kafka_key': 'MX-CMX', '_kafka_partition': 0, '_kafka_offset': 9}
2026-06-02 14:00:30 | INFO | C03 | subtotal=49.99
2026-06-02 14:00:30 | INFO | C03 | tax=8.0
2026-06-02 14:00:30 | INFO | C03 | total=57.99
2026-06-02 14:00:30 | INFO | C03 | running_total=652.73
2026-06-02 14:00:30 | INFO | C03 | MESSAGE ACCEPTED
2026-06-02 14:00:30 | INFO | C03 | order=0a021628-6937-4876-8875-b00c07a39e0f
2026-06-02 14:00:30 | INFO | C03 | total=$57.99
2026-06-02 14:00:30 | INFO | C03 | consumed=10
2026-06-02 14:00:30 | INFO | C03 | RUNNING STATS
2026-06-02 14:00:30 | INFO | C03 | total_sales=$652.73
2026-06-02 14:00:30 | INFO | C03 | average=$65.27
2026-06-02 14:00:30 | INFO | C03 | min=$33.89
2026-06-02 14:00:30 | INFO | C03 | max=$194.82
2026-06-02 14:00:30 | INFO | C03 | {'currency_code': 'USD', 'customer_id': 'CUST-3340', 'customer_note': 'Recommended by a colleague', 'datetime': '2026-05-04T09:42:00Z', 'device_type': 'tablet', 'discount_code': '', 'is_new_customer': 'false', 'is_online': 'true', 'order_id': 'b05fc600-a5fc-4826-934c-cc1f188b0715', 'payment_method': 'credit_card', 'product_id': 'PY-DATA-002', 'quantity': '3', 'referral_source': 'organic', 'region_id': 'US-MO', 'unit_price': '49.99', '_kafka_key': 'US-MO', '_kafka_partition': 0, '_kafka_offset': 10}
2026-06-02 14:00:30 | INFO | C03 | subtotal=149.97
2026-06-02 14:00:30 | INFO | C03 | tax=12.0
2026-06-02 14:00:30 | INFO | C03 | total=161.97
2026-06-02 14:00:30 | INFO | C03 | running_total=814.70
2026-06-02 14:00:30 | INFO | C03 | MESSAGE ACCEPTED
2026-06-02 14:00:30 | INFO | C03 | order=b05fc600-a5fc-4826-934c-cc1f188b0715
2026-06-02 14:00:30 | INFO | C03 | total=$161.97
2026-06-02 14:00:30 | INFO | C03 | consumed=11
2026-06-02 14:00:30 | INFO | C03 | RUNNING STATS
2026-06-02 14:00:30 | INFO | C03 | total_sales=$814.70
2026-06-02 14:00:30 | INFO | C03 | average=$74.06
2026-06-02 14:00:30 | INFO | C03 | min=$33.89
2026-06-02 14:00:30 | INFO | C03 | max=$194.82
2026-06-02 14:00:30 | INFO | C03 | {'currency_code': 'USD', 'customer_id': 'CUST-8668', 'customer_note': '', 'datetime': '2026-05-04T10:06:00Z', 'device_type': 'mobile', 'discount_code': '', 'is_new_customer': 'false', 'is_online': 'true', 'order_id': '03d437fb-6966-47ad-a67a-728630c8b3f8', 'payment_method': 'apple_pay', 'product_id': 'PY-INTRO-001', 'quantity': '1', 'referral_source': 'email', 'region_id': 'US-MO', 'unit_price': '29.99', '_kafka_key': 'US-MO', '_kafka_partition': 0, '_kafka_offset': 11}
2026-06-02 14:00:30 | INFO | C03 | subtotal=29.99
2026-06-02 14:00:30 | INFO | C03 | tax=2.4
2026-06-02 14:00:30 | INFO | C03 | total=32.39
2026-06-02 14:00:30 | INFO | C03 | running_total=847.09
2026-06-02 14:00:30 | INFO | C03 | MESSAGE ACCEPTED
2026-06-02 14:00:30 | INFO | C03 | order=03d437fb-6966-47ad-a67a-728630c8b3f8
2026-06-02 14:00:30 | INFO | C03 | total=$32.39
2026-06-02 14:00:30 | INFO | C03 | consumed=12
2026-06-02 14:00:30 | INFO | C03 | RUNNING STATS
2026-06-02 14:00:30 | INFO | C03 | total_sales=$847.09
2026-06-02 14:00:30 | INFO | C03 | average=$70.59
2026-06-02 14:00:30 | INFO | C03 | min=$32.39
2026-06-02 14:00:30 | INFO | C03 | max=$194.82
2026-06-02 14:00:40 | INFO | C03 | No message received within 10.0s timeout.
2026-06-02 14:00:40 | INFO | C03 | Producer finished or paused. Stopping consumer.
2026-06-02 14:00:40 | INFO | C03 | Kafka consumer closed.
2026-06-02 14:00:40 | INFO | C03 | ========================
2026-06-02 14:00:40 | INFO | C03 | SECTION E. Exit
2026-06-02 14:00:40 | INFO | C03 | ========================
2026-06-02 14:00:40 | INFO | C03 | Summary:
2026-06-02 14:00:40 | INFO | C03 | Consumed 12 message(s) from topic 'streaming-03-analytics-kjleopold'.
2026-06-02 14:00:40 | INFO | C03 | Skipped  0 message(s).
2026-06-02 14:00:40 | INFO | C03 | OUTPUT_CSV = data\output\consumed_sales_kjleopold.csv
2026-06-02 14:00:40 | INFO | C03 |   Total sales:  $847.09
2026-06-02 14:00:40 | INFO | C03 |   Average sale: $70.59
2026-06-02 14:00:40 | INFO | C03 |   Minimum sale: $32.39
2026-06-02 14:00:40 | INFO | C03 |   Maximum sale: $194.82
2026-06-02 14:00:40 | INFO | C03 | ========================
2026-06-02 14:00:40 | INFO | C03 | Consumer executed successfully!
2026-06-02 14:00:40 | INFO | C03 | ========================
2026-06-02 14:09:21 | DEBUG | P03 | KAFKA_BOOTSTRAP_SERVERS           = localhost:9092
2026-06-02 14:09:21 | DEBUG | P03 | KAFKA_BROKER_ADDRESS_FAMILY       = v6
2026-06-02 14:09:21 | DEBUG | P03 | KAFKA_TOPIC                       = streaming-03-analytics-kjleopold
2026-06-02 14:09:21 | DEBUG | P03 | KAFKA_CLEAR_TOPIC_ON_START        = true
2026-06-02 14:09:21 | DEBUG | P03 | PRODUCER_MESSAGE_COUNT            = 12
2026-06-02 14:09:21 | DEBUG | P03 | PRODUCER_MESSAGE_INTERVAL_SECONDS = 1
2026-06-02 14:09:21 | DEBUG | P03 | PRODUCER_MAX_MESSAGES             = 50
2026-06-02 14:09:21 | DEBUG | P03 | PRODUCER_POLL_INTERVAL_SECONDS    = 15
2026-06-02 14:09:21 | DEBUG | P03 | KAFKA_GROUP_ID                    = streaming-consumer-group-A
2026-06-02 14:09:21 | DEBUG | P03 | KAFKA_AUTO_OFFSET_RESET           = earliest
2026-06-02 14:09:21 | DEBUG | P03 | CONSUMER_TIMEOUT_SECONDS          = 10
2026-06-02 14:09:21 | DEBUG | P03 | CONSUMER_MAX_MESSAGES             = 1000
2026-06-02 14:09:21 | INFO | P03 | === RUN START ===
2026-06-02 14:09:21 | INFO | P03 | project=P03
2026-06-02 14:09:21 | INFO | P03 | repo_dir=streaming-03-analytics
2026-06-02 14:09:21 | INFO | P03 | python=3.14.3
2026-06-02 14:09:21 | INFO | P03 | os=Windows 11
2026-06-02 14:09:21 | INFO | P03 | shell=powershell
2026-06-02 14:09:21 | INFO | P03 | cwd=.
2026-06-02 14:09:21 | INFO | P03 | github_actions=False
2026-06-02 14:09:21 | INFO | P03 | ========================
2026-06-02 14:09:21 | INFO | P03 | START producer main()
2026-06-02 14:09:21 | INFO | P03 | ========================
2026-06-02 14:09:21 | INFO | P03 | ROOT_DIR = .
2026-06-02 14:09:21 | INFO | P03 | DATA_DIR = data
2026-06-02 14:09:21 | INFO | P03 | SALES_CSV = data\sales.csv
2026-06-02 14:09:21 | INFO | P03 | REGIONS_CSV = data\regions.csv
2026-06-02 14:09:21 | INFO | P03 | PRODUCTS_CSV = data\products.csv
2026-06-02 14:09:21 | INFO | P03 | REJECTED_SALES_CSV = data\output\producer_rejected_sales.csv
2026-06-02 14:09:21 | INFO | P03 | ========================
2026-06-02 14:09:21 | INFO | P03 | SECTION A. Acquire
2026-06-02 14:09:21 | INFO | P03 | ========================
2026-06-02 14:09:21 | INFO | P03 | Loading settings from .env...
2026-06-02 14:09:21 | INFO | P03 | KAFKA_BOOTSTRAP_SERVERS           = localhost:9092
2026-06-02 14:09:21 | INFO | P03 | KAFKA_TOPIC                       = streaming-03-analytics-kjleopold
2026-06-02 14:09:21 | INFO | P03 | PRODUCER_MESSAGE_COUNT            = 12
2026-06-02 14:09:21 | INFO | P03 | PRODUCER_MESSAGE_INTERVAL_SECONDS = 1.0
2026-06-02 14:09:21 | INFO | P03 | KAFKA_CLEAR_TOPIC_ON_START        = True
2026-06-02 14:09:21 | INFO | P03 | Verifying Kafka connection...
2026-06-02 14:09:21 | INFO | P03 | Kafka port is reachable.
2026-06-02 14:09:22 | DEBUG | C03 | KAFKA_BOOTSTRAP_SERVERS           = localhost:9092
2026-06-02 14:09:22 | DEBUG | C03 | KAFKA_BROKER_ADDRESS_FAMILY       = v6
2026-06-02 14:09:22 | DEBUG | C03 | KAFKA_TOPIC                       = streaming-03-analytics-kjleopold
2026-06-02 14:09:22 | DEBUG | C03 | KAFKA_CLEAR_TOPIC_ON_START        = true
2026-06-02 14:09:22 | DEBUG | C03 | PRODUCER_MESSAGE_COUNT            = 12
2026-06-02 14:09:22 | DEBUG | C03 | PRODUCER_MESSAGE_INTERVAL_SECONDS = 1
2026-06-02 14:09:22 | DEBUG | C03 | PRODUCER_MAX_MESSAGES             = 50
2026-06-02 14:09:22 | DEBUG | C03 | PRODUCER_POLL_INTERVAL_SECONDS    = 15
2026-06-02 14:09:22 | DEBUG | C03 | KAFKA_GROUP_ID                    = streaming-consumer-group-A
2026-06-02 14:09:22 | DEBUG | C03 | KAFKA_AUTO_OFFSET_RESET           = earliest
2026-06-02 14:09:22 | DEBUG | C03 | CONSUMER_TIMEOUT_SECONDS          = 10
2026-06-02 14:09:22 | DEBUG | C03 | CONSUMER_MAX_MESSAGES             = 1000
2026-06-02 14:09:22 | INFO | C03 | === RUN START ===
2026-06-02 14:09:22 | INFO | C03 | project=C03
2026-06-02 14:09:22 | INFO | C03 | repo_dir=streaming-03-analytics
2026-06-02 14:09:22 | INFO | C03 | python=3.14.3
2026-06-02 14:09:22 | INFO | C03 | os=Windows 11
2026-06-02 14:09:22 | INFO | C03 | shell=powershell
2026-06-02 14:09:22 | INFO | C03 | cwd=.
2026-06-02 14:09:22 | INFO | C03 | github_actions=False
2026-06-02 14:09:22 | INFO | C03 | ========================
2026-06-02 14:09:22 | INFO | C03 | START consumer main()
2026-06-02 14:09:22 | INFO | C03 | ========================
2026-06-02 14:09:22 | INFO | C03 | ROOT_DIR = .
2026-06-02 14:09:22 | INFO | C03 | DATA_DIR = data
2026-06-02 14:09:22 | INFO | C03 | OUTPUT_CSV = data\output\consumed_sales_kjleopold.csv
2026-06-02 14:09:22 | INFO | C03 | REGIONS_CSV = data\regions.csv
2026-06-02 14:09:22 | INFO | C03 | PRODUCTS_CSV = data\products.csv
2026-06-02 14:09:22 | INFO | C03 | CURRENCIES_CSV = data\currencies.csv
2026-06-02 14:09:22 | INFO | C03 | DISCOUNT_CODES_CSV = data\discount_codes.csv
2026-06-02 14:09:22 | INFO | C03 | ========================
2026-06-02 14:09:22 | INFO | C03 | SECTION A. Acquire
2026-06-02 14:09:22 | INFO | C03 | ========================
2026-06-02 14:09:22 | INFO | C03 | Loading settings from .env...
2026-06-02 14:09:22 | INFO | C03 | KAFKA_BOOTSTRAP_SERVERS  = localhost:9092
2026-06-02 14:09:22 | INFO | C03 | KAFKA_TOPIC              = streaming-03-analytics-kjleopold
2026-06-02 14:09:22 | INFO | C03 | KAFKA_GROUP_ID           = streaming-consumer-group-A
2026-06-02 14:09:22 | INFO | C03 | CONSUMER_TIMEOUT_SECONDS = 10.0
2026-06-02 14:09:22 | INFO | C03 | CONSUMER_MAX_MESSAGES    = 1000
2026-06-02 14:09:22 | INFO | C03 | Verifying Kafka connection...
2026-06-02 14:09:22 | INFO | C03 | Kafka port is reachable.
2026-06-02 14:09:22 | INFO | C03 | Verifying Kafka topic...
2026-06-02 14:09:25 | INFO | C03 | Topic 'streaming-03-analytics-kjleopold' exists.
2026-06-02 14:09:25 | INFO | C03 | Found 12 message(s) available.
2026-06-02 14:09:25 | INFO | C03 | Creating Kafka consumer...
2026-06-02 14:09:25 | INFO | C03 | Subscribed to topic: 'streaming-03-analytics-kjleopold' (reading from beginning)
2026-06-02 14:09:25 | INFO | C03 | ========================
2026-06-02 14:09:25 | INFO | C03 | SECTION C. Consume and Process Messages
2026-06-02 14:09:25 | INFO | C03 | ========================
2026-06-02 14:09:25 | INFO | C03 | Initializing output...
2026-06-02 14:09:25 | INFO | C03 | Output CSV cleared: consumed_sales_kjleopold.csv
2026-06-02 14:09:25 | INFO | C03 | Loading enrichment reference data...
2026-06-02 14:09:25 | INFO | C03 | Found 6 region tax rates.
2026-06-02 14:09:25 | INFO | C03 | Consuming messages...
2026-06-02 14:09:25 | INFO | C03 | Waiting for up to 1000 message(s).
2026-06-02 14:09:25 | INFO | C03 | Press CTRL+C to stop early.

2026-06-02 14:09:28 | INFO | C03 | {'currency_code': 'USD', 'customer_id': 'CUST-4150', 'customer_note': 'Gift for my team', 'datetime': '2026-05-04T08:11:00Z', 'device_type': 'tablet', 'discount_code': '', 'is_new_customer': 'false', 'is_online': 'true', 'order_id': 'e7324981-a9f0-419f-b708-d0a333451fff', 'payment_method': 'paypal', 'product_id': 'PY-STREAM-005', 'quantity': '3', 'referral_source': 'paid_search', 'region_id': 'US-TX', 'unit_price': '59.99', '_kafka_key': 'US-TX', '_kafka_partition': 0, '_kafka_offset': 0}
2026-06-02 14:09:28 | INFO | C03 | subtotal=179.97
2026-06-02 14:09:28 | INFO | C03 | tax=14.85
2026-06-02 14:09:28 | INFO | C03 | total=194.82
2026-06-02 14:09:28 | INFO | C03 | running_total=194.82
2026-06-02 14:09:28 | INFO | C03 | Sale is below average.
2026-06-02 14:09:28 | INFO | C03 | MESSAGE ACCEPTED
2026-06-02 14:09:28 | INFO | C03 | order=e7324981-a9f0-419f-b708-d0a333451fff
2026-06-02 14:09:28 | INFO | C03 | total=$194.82
2026-06-02 14:09:28 | INFO | C03 | consumed=1
2026-06-02 14:09:28 | INFO | C03 | RUNNING STATS
2026-06-02 14:09:28 | INFO | C03 | total_sales=$194.82
2026-06-02 14:09:28 | INFO | C03 | average=$194.82
2026-06-02 14:09:28 | INFO | C03 | min=$194.82
2026-06-02 14:09:28 | INFO | C03 | max=$194.82
2026-06-02 14:09:28 | INFO | C03 | {'currency_code': 'USD', 'customer_id': 'CUST-1106', 'customer_note': 'Gift for my team', 'datetime': '2026-05-04T08:23:00Z', 'device_type': 'mobile', 'discount_code': '', 'is_new_customer': 'false', 'is_online': 'true', 'order_id': 'd61943e0-f543-4b5f-9c9a-18605ea4cfe5', 'payment_method': 'paypal', 'product_id': 'PY-DATA-002', 'quantity': '1', 'referral_source': 'paid_search', 'region_id': 'US-TX', 'unit_price': '49.99', '_kafka_key': 'US-TX', '_kafka_partition': 0, '_kafka_offset': 1}
2026-06-02 14:09:28 | INFO | C03 | subtotal=49.99
2026-06-02 14:09:28 | INFO | C03 | tax=4.12
2026-06-02 14:09:28 | INFO | C03 | total=54.11
2026-06-02 14:09:28 | INFO | C03 | running_total=248.93
2026-06-02 14:09:28 | INFO | C03 | Sale is below average.
2026-06-02 14:09:28 | INFO | C03 | MESSAGE ACCEPTED
2026-06-02 14:09:28 | INFO | C03 | order=d61943e0-f543-4b5f-9c9a-18605ea4cfe5
2026-06-02 14:09:28 | INFO | C03 | total=$54.11
2026-06-02 14:09:28 | INFO | C03 | consumed=2
2026-06-02 14:09:28 | INFO | C03 | RUNNING STATS
2026-06-02 14:09:28 | INFO | C03 | total_sales=$248.93
2026-06-02 14:09:28 | INFO | C03 | average=$124.47
2026-06-02 14:09:28 | INFO | C03 | min=$54.11
2026-06-02 14:09:28 | INFO | C03 | max=$194.82
2026-06-02 14:09:28 | INFO | C03 | {'currency_code': 'CAD', 'customer_id': 'CUST-2133', 'customer_note': 'Learning at my own pace', 'datetime': '2026-05-04T08:28:00Z', 'device_type': 'desktop', 'discount_code': '', 'is_new_customer': 'false', 'is_online': 'true', 'order_id': '14da1915-8e74-47be-9e10-f7275d31af46', 'payment_method': 'paypal', 'product_id': 'PY-NLP-006', 'quantity': '1', 'referral_source': 'organic', 'region_id': 'CA-QC', 'unit_price': '54.99', '_kafka_key': 'CA-QC', '_kafka_partition': 0, '_kafka_offset': 2}
2026-06-02 14:09:28 | INFO | C03 | subtotal=54.99
2026-06-02 14:09:28 | INFO | C03 | tax=8.23
2026-06-02 14:09:28 | INFO | C03 | total=63.22
2026-06-02 14:09:28 | INFO | C03 | running_total=312.15
2026-06-02 14:09:28 | INFO | C03 | Sale is below average.
2026-06-02 14:09:28 | INFO | C03 | MESSAGE ACCEPTED
2026-06-02 14:09:28 | INFO | C03 | order=14da1915-8e74-47be-9e10-f7275d31af46
2026-06-02 14:09:28 | INFO | C03 | total=$63.22
2026-06-02 14:09:28 | INFO | C03 | consumed=3
2026-06-02 14:09:28 | INFO | C03 | RUNNING STATS
2026-06-02 14:09:28 | INFO | C03 | total_sales=$312.15
2026-06-02 14:09:28 | INFO | C03 | average=$104.05
2026-06-02 14:09:28 | INFO | C03 | min=$54.11
2026-06-02 14:09:28 | INFO | C03 | max=$194.82
2026-06-02 14:09:28 | INFO | C03 | {'currency_code': 'USD', 'customer_id': 'CUST-5333', 'customer_note': 'Highly recommend', 'datetime': '2026-05-04T08:40:00Z', 'device_type': 'mobile', 'discount_code': '', 'is_new_customer': 'false', 'is_online': 'true', 'order_id': 'd77ed935-9b28-431d-bc25-0a3fd98f4154', 'payment_method': 'paypal', 'product_id': 'PY-STREAM-005', 'quantity': '1', 'referral_source': 'organic', 'region_id': 'US-CA', 'unit_price': '59.99', '_kafka_key': 'US-CA', '_kafka_partition': 0, '_kafka_offset': 3}
2026-06-02 14:09:28 | INFO | C03 | subtotal=59.99
2026-06-02 14:09:28 | INFO | C03 | tax=5.7
2026-06-02 14:09:28 | INFO | C03 | total=65.69
2026-06-02 14:09:28 | INFO | C03 | running_total=377.84
2026-06-02 14:09:28 | INFO | C03 | Sale is below average.
2026-06-02 14:09:28 | INFO | C03 | MESSAGE ACCEPTED
2026-06-02 14:09:28 | INFO | C03 | order=d77ed935-9b28-431d-bc25-0a3fd98f4154
2026-06-02 14:09:28 | INFO | C03 | total=$65.69
2026-06-02 14:09:28 | INFO | C03 | consumed=4
2026-06-02 14:09:28 | INFO | C03 | RUNNING STATS
2026-06-02 14:09:28 | INFO | C03 | total_sales=$377.84
2026-06-02 14:09:28 | INFO | C03 | average=$94.46
2026-06-02 14:09:28 | INFO | C03 | min=$54.11
2026-06-02 14:09:28 | INFO | C03 | max=$194.82
2026-06-02 14:09:28 | INFO | C03 | {'currency_code': 'USD', 'customer_id': 'CUST-8573', 'customer_note': 'Learning at my own pace', 'datetime': '2026-05-04T08:41:00Z', 'device_type': 'mobile', 'discount_code': '', 'is_new_customer': 'false', 'is_online': 'true', 'order_id': '24b91995-25f8-4ad7-8fa6-2e4c15750e5e', 'payment_method': 'apple_pay', 'product_id': 'PY-VIZ-003', 'quantity': '1', 'referral_source': 'paid_search', 'region_id': 'US-MO', 'unit_price': '39.99', '_kafka_key': 'US-MO', '_kafka_partition': 0, '_kafka_offset': 4}
2026-06-02 14:09:28 | INFO | C03 | subtotal=39.99
2026-06-02 14:09:28 | INFO | C03 | tax=3.2
2026-06-02 14:09:28 | INFO | C03 | total=43.19
2026-06-02 14:09:28 | INFO | C03 | running_total=421.03
2026-06-02 14:09:28 | INFO | C03 | Sale is below average.
2026-06-02 14:09:28 | INFO | C03 | MESSAGE ACCEPTED
2026-06-02 14:09:28 | INFO | C03 | order=24b91995-25f8-4ad7-8fa6-2e4c15750e5e
2026-06-02 14:09:28 | INFO | C03 | total=$43.19
2026-06-02 14:09:28 | INFO | C03 | consumed=5
2026-06-02 14:09:28 | INFO | C03 | RUNNING STATS
2026-06-02 14:09:28 | INFO | C03 | total_sales=$421.03
2026-06-02 14:09:28 | INFO | C03 | average=$84.21
2026-06-02 14:09:28 | INFO | C03 | min=$43.19
2026-06-02 14:09:28 | INFO | C03 | max=$194.82
2026-06-02 14:09:28 | INFO | C03 | {'currency_code': 'CAD', 'customer_id': 'CUST-8062', 'customer_note': '', 'datetime': '2026-05-04T08:54:00Z', 'device_type': 'tablet', 'discount_code': '', 'is_new_customer': 'false', 'is_online': 'true', 'order_id': '1ec0fc8b-998c-4f43-8a66-19e1fa7d5fa8', 'payment_method': 'paypal', 'product_id': 'PY-SQL-004', 'quantity': '1', 'referral_source': 'organic', 'region_id': 'CA-ON', 'unit_price': '44.99', '_kafka_key': 'CA-ON', '_kafka_partition': 0, '_kafka_offset': 5}
2026-06-02 14:09:28 | INFO | C03 | subtotal=44.99
2026-06-02 14:09:28 | INFO | C03 | tax=5.85
2026-06-02 14:09:28 | INFO | C03 | total=50.84
2026-06-02 14:09:28 | INFO | C03 | running_total=471.87
2026-06-02 14:09:28 | INFO | C03 | Sale is below average.
2026-06-02 14:09:28 | INFO | C03 | MESSAGE ACCEPTED
2026-06-02 14:09:28 | INFO | C03 | order=1ec0fc8b-998c-4f43-8a66-19e1fa7d5fa8
2026-06-02 14:09:28 | INFO | C03 | total=$50.84
2026-06-02 14:09:28 | INFO | C03 | consumed=6
2026-06-02 14:09:28 | INFO | C03 | RUNNING STATS
2026-06-02 14:09:28 | INFO | C03 | total_sales=$471.87
2026-06-02 14:09:28 | INFO | C03 | average=$78.64
2026-06-02 14:09:28 | INFO | C03 | min=$43.19
2026-06-02 14:09:28 | INFO | C03 | max=$194.82
2026-06-02 14:09:28 | INFO | C03 | {'currency_code': 'CAD', 'customer_id': 'CUST-9348', 'customer_note': 'For my study group', 'datetime': '2026-05-04T09:07:00Z', 'device_type': 'desktop', 'discount_code': '', 'is_new_customer': 'false', 'is_online': 'false', 'order_id': '392dd49b-b385-499c-9b4a-a38387fa39ae', 'payment_method': 'credit_card', 'product_id': 'PY-INTRO-001', 'quantity': '1', 'referral_source': 'paid_search', 'region_id': 'CA-ON', 'unit_price': '29.99', '_kafka_key': 'CA-ON', '_kafka_partition': 0, '_kafka_offset': 6}
2026-06-02 14:09:28 | INFO | C03 | subtotal=29.99
2026-06-02 14:09:28 | INFO | C03 | tax=3.9
2026-06-02 14:09:28 | INFO | C03 | total=33.89
2026-06-02 14:09:28 | INFO | C03 | running_total=505.76
2026-06-02 14:09:28 | INFO | C03 | Sale is below average.
2026-06-02 14:09:28 | INFO | C03 | MESSAGE ACCEPTED
2026-06-02 14:09:28 | INFO | C03 | order=392dd49b-b385-499c-9b4a-a38387fa39ae
2026-06-02 14:09:28 | INFO | C03 | total=$33.89
2026-06-02 14:09:28 | INFO | C03 | consumed=7
2026-06-02 14:09:28 | INFO | C03 | RUNNING STATS
2026-06-02 14:09:28 | INFO | C03 | total_sales=$505.76
2026-06-02 14:09:28 | INFO | C03 | average=$72.25
2026-06-02 14:09:28 | INFO | C03 | min=$33.89
2026-06-02 14:09:28 | INFO | C03 | max=$194.82
2026-06-02 14:09:28 | INFO | C03 | {'currency_code': 'USD', 'customer_id': 'CUST-5889', 'customer_note': '', 'datetime': '2026-05-04T09:15:00Z', 'device_type': 'tablet', 'discount_code': '', 'is_new_customer': 'false', 'is_online': 'true', 'order_id': '02782ab7-dd7d-4ebe-8abc-ef81cdc4193b', 'payment_method': 'paypal', 'product_id': 'PY-VIZ-003', 'quantity': '1', 'referral_source': 'organic', 'region_id': 'US-CA', 'unit_price': '39.99', '_kafka_key': 'US-CA', '_kafka_partition': 0, '_kafka_offset': 7}
2026-06-02 14:09:28 | INFO | C03 | subtotal=39.99
2026-06-02 14:09:28 | INFO | C03 | tax=3.8
2026-06-02 14:09:28 | INFO | C03 | total=43.79
2026-06-02 14:09:28 | INFO | C03 | running_total=549.55
2026-06-02 14:09:28 | INFO | C03 | Sale is below average.
2026-06-02 14:09:28 | INFO | C03 | MESSAGE ACCEPTED
2026-06-02 14:09:28 | INFO | C03 | order=02782ab7-dd7d-4ebe-8abc-ef81cdc4193b
2026-06-02 14:09:28 | INFO | C03 | total=$43.79
2026-06-02 14:09:28 | INFO | C03 | consumed=8
2026-06-02 14:09:28 | INFO | C03 | RUNNING STATS
2026-06-02 14:09:28 | INFO | C03 | total_sales=$549.55
2026-06-02 14:09:28 | INFO | C03 | average=$68.69
2026-06-02 14:09:28 | INFO | C03 | min=$33.89
2026-06-02 14:09:28 | INFO | C03 | max=$194.82
2026-06-02 14:09:28 | INFO | C03 | {'currency_code': 'CAD', 'customer_id': 'CUST-4770', 'customer_note': 'Excellent content', 'datetime': '2026-05-04T09:19:00Z', 'device_type': 'desktop', 'discount_code': '', 'is_new_customer': 'false', 'is_online': 'true', 'order_id': '67bd3492-cc96-429a-9a91-1b4d2132d261', 'payment_method': 'credit_card', 'product_id': 'PY-VIZ-003', 'quantity': '1', 'referral_source': 'paid_search', 'region_id': 'CA-ON', 'unit_price': '39.99', '_kafka_key': 'CA-ON', '_kafka_partition': 0, '_kafka_offset': 8}
2026-06-02 14:09:28 | INFO | C03 | subtotal=39.99
2026-06-02 14:09:28 | INFO | C03 | tax=5.2
2026-06-02 14:09:28 | INFO | C03 | total=45.19
2026-06-02 14:09:28 | INFO | C03 | running_total=594.74
2026-06-02 14:09:28 | INFO | C03 | Sale is below average.
2026-06-02 14:09:28 | INFO | C03 | MESSAGE ACCEPTED
2026-06-02 14:09:28 | INFO | C03 | order=67bd3492-cc96-429a-9a91-1b4d2132d261
2026-06-02 14:09:28 | INFO | C03 | total=$45.19
2026-06-02 14:09:28 | INFO | C03 | consumed=9
2026-06-02 14:09:28 | INFO | C03 | RUNNING STATS
2026-06-02 14:09:28 | INFO | C03 | total_sales=$594.74
2026-06-02 14:09:28 | INFO | C03 | average=$66.08
2026-06-02 14:09:28 | INFO | C03 | min=$33.89
2026-06-02 14:09:28 | INFO | C03 | max=$194.82
2026-06-02 14:09:28 | INFO | C03 | {'currency_code': 'MXN', 'customer_id': 'CUST-6168', 'customer_note': '', 'datetime': '2026-05-04T09:37:00Z', 'device_type': 'desktop', 'discount_code': '', 'is_new_customer': 'false', 'is_online': 'true', 'order_id': '0a021628-6937-4876-8875-b00c07a39e0f', 'payment_method': 'paypal', 'product_id': 'PY-DATA-002', 'quantity': '1', 'referral_source': 'organic', 'region_id': 'MX-CMX', 'unit_price': '49.99', '_kafka_key': 'MX-CMX', '_kafka_partition': 0, '_kafka_offset': 9}
2026-06-02 14:09:28 | INFO | C03 | subtotal=49.99
2026-06-02 14:09:28 | INFO | C03 | tax=8.0
2026-06-02 14:09:28 | INFO | C03 | total=57.99
2026-06-02 14:09:28 | INFO | C03 | running_total=652.73
2026-06-02 14:09:28 | INFO | C03 | Sale is below average.
2026-06-02 14:09:28 | INFO | C03 | MESSAGE ACCEPTED
2026-06-02 14:09:28 | INFO | C03 | order=0a021628-6937-4876-8875-b00c07a39e0f
2026-06-02 14:09:28 | INFO | C03 | total=$57.99
2026-06-02 14:09:28 | INFO | C03 | consumed=10
2026-06-02 14:09:28 | INFO | C03 | RUNNING STATS
2026-06-02 14:09:28 | INFO | C03 | total_sales=$652.73
2026-06-02 14:09:28 | INFO | C03 | average=$65.27
2026-06-02 14:09:28 | INFO | C03 | min=$33.89
2026-06-02 14:09:28 | INFO | C03 | max=$194.82
2026-06-02 14:09:28 | INFO | C03 | {'currency_code': 'USD', 'customer_id': 'CUST-3340', 'customer_note': 'Recommended by a colleague', 'datetime': '2026-05-04T09:42:00Z', 'device_type': 'tablet', 'discount_code': '', 'is_new_customer': 'false', 'is_online': 'true', 'order_id': 'b05fc600-a5fc-4826-934c-cc1f188b0715', 'payment_method': 'credit_card', 'product_id': 'PY-DATA-002', 'quantity': '3', 'referral_source': 'organic', 'region_id': 'US-MO', 'unit_price': '49.99', '_kafka_key': 'US-MO', '_kafka_partition': 0, '_kafka_offset': 10}
2026-06-02 14:09:28 | INFO | C03 | subtotal=149.97
2026-06-02 14:09:28 | INFO | C03 | tax=12.0
2026-06-02 14:09:28 | INFO | C03 | total=161.97
2026-06-02 14:09:28 | INFO | C03 | running_total=814.70
2026-06-02 14:09:28 | INFO | C03 | Sale is above average.
2026-06-02 14:09:28 | INFO | C03 | MESSAGE ACCEPTED
2026-06-02 14:09:28 | INFO | C03 | order=b05fc600-a5fc-4826-934c-cc1f188b0715
2026-06-02 14:09:28 | INFO | C03 | total=$161.97
2026-06-02 14:09:28 | INFO | C03 | consumed=11
2026-06-02 14:09:28 | INFO | C03 | RUNNING STATS
2026-06-02 14:09:28 | INFO | C03 | total_sales=$814.70
2026-06-02 14:09:28 | INFO | C03 | average=$74.06
2026-06-02 14:09:28 | INFO | C03 | min=$33.89
2026-06-02 14:09:28 | INFO | C03 | max=$194.82
2026-06-02 14:09:28 | INFO | C03 | {'currency_code': 'USD', 'customer_id': 'CUST-8668', 'customer_note': '', 'datetime': '2026-05-04T10:06:00Z', 'device_type': 'mobile', 'discount_code': '', 'is_new_customer': 'false', 'is_online': 'true', 'order_id': '03d437fb-6966-47ad-a67a-728630c8b3f8', 'payment_method': 'apple_pay', 'product_id': 'PY-INTRO-001', 'quantity': '1', 'referral_source': 'email', 'region_id': 'US-MO', 'unit_price': '29.99', '_kafka_key': 'US-MO', '_kafka_partition': 0, '_kafka_offset': 11}
2026-06-02 14:09:28 | INFO | C03 | subtotal=29.99
2026-06-02 14:09:28 | INFO | C03 | tax=2.4
2026-06-02 14:09:28 | INFO | C03 | total=32.39
2026-06-02 14:09:28 | INFO | C03 | running_total=847.09
2026-06-02 14:09:28 | INFO | C03 | Sale is below average.
2026-06-02 14:09:28 | INFO | C03 | MESSAGE ACCEPTED
2026-06-02 14:09:28 | INFO | C03 | order=03d437fb-6966-47ad-a67a-728630c8b3f8
2026-06-02 14:09:28 | INFO | C03 | total=$32.39
2026-06-02 14:09:28 | INFO | C03 | consumed=12
2026-06-02 14:09:28 | INFO | C03 | RUNNING STATS
2026-06-02 14:09:28 | INFO | C03 | total_sales=$847.09
2026-06-02 14:09:28 | INFO | C03 | average=$70.59
2026-06-02 14:09:28 | INFO | C03 | min=$32.39
2026-06-02 14:09:28 | INFO | C03 | max=$194.82
2026-06-02 14:09:28 | INFO | P03 | Loading validation reference data...
2026-06-02 14:09:28 | INFO | P03 | Found 6 valid regions, 
2026-06-02 14:09:28 | INFO | P03 | 6 valid products.
2026-06-02 14:09:28 | INFO | P03 | ========================
2026-06-02 14:09:28 | INFO | P03 | SECTION P. Produce Messages
2026-06-02 14:09:28 | INFO | P03 | ========================
2026-06-02 14:09:28 | INFO | P03 | Initializing output...
2026-06-02 14:09:28 | INFO | P03 | Output directory ready: output
2026-06-02 14:09:28 | INFO | P03 | Sending messages...
2026-06-02 14:09:28 | INFO | P03 | Sending up to 12 message(s) to topic 'streaming-03-analytics-kjleopold'.
2026-06-02 14:09:28 | INFO | P03 | Watch each sale arrive. Press CTRL+C to stop early.

2026-06-02 14:09:28 | INFO | P03 | {
  order_id: e7324981-a9f0-419f-b708-d0a333451fff
  datetime: 2026-05-04T08:11:00Z
  region_id: US-TX
  currency_code: USD
  product_id: PY-STREAM-005
  unit_price: 59.99
  quantity: 3
  is_online: true
  customer_id: CUST-4150
  is_new_customer: false
  device_type: tablet
  payment_method: paypal
  referral_source: paid_search
  discount_code: 
  customer_note: Gift for my team
}
2026-06-02 14:09:28 | INFO | P03 |   Sending message with key=US-TX
2026-06-02 14:09:28 | INFO | P03 |   MESSAGE SENT  sent=1
2026-06-02 14:09:29 | INFO | C03 | {'currency_code': 'USD', 'customer_id': 'CUST-4150', 'customer_note': 'Gift for my team', 'datetime': '2026-05-04T08:11:00Z', 'device_type': 'tablet', 'discount_code': '', 'is_new_customer': 'false', 'is_online': 'true', 'order_id': 'e7324981-a9f0-419f-b708-d0a333451fff', 'payment_method': 'paypal', 'product_id': 'PY-STREAM-005', 'quantity': '3', 'referral_source': 'paid_search', 'region_id': 'US-TX', 'unit_price': '59.99', '_kafka_key': 'US-TX', '_kafka_partition': 0, '_kafka_offset': 0}
2026-06-02 14:09:29 | INFO | C03 | subtotal=179.97
2026-06-02 14:09:29 | INFO | C03 | tax=14.85
2026-06-02 14:09:29 | INFO | C03 | total=194.82
2026-06-02 14:09:29 | INFO | C03 | running_total=1041.91
2026-06-02 14:09:29 | INFO | C03 | Sale is above average.
2026-06-02 14:09:29 | INFO | C03 | MESSAGE ACCEPTED
2026-06-02 14:09:29 | INFO | C03 | order=e7324981-a9f0-419f-b708-d0a333451fff
2026-06-02 14:09:29 | INFO | C03 | total=$194.82
2026-06-02 14:09:29 | INFO | C03 | consumed=13
2026-06-02 14:09:29 | INFO | C03 | RUNNING STATS
2026-06-02 14:09:29 | INFO | C03 | total_sales=$1,041.91
2026-06-02 14:09:29 | INFO | C03 | average=$80.15
2026-06-02 14:09:29 | INFO | C03 | min=$32.39
2026-06-02 14:09:29 | INFO | C03 | max=$194.82
2026-06-02 14:09:29 | INFO | P03 | {
  order_id: d61943e0-f543-4b5f-9c9a-18605ea4cfe5
  datetime: 2026-05-04T08:23:00Z
  region_id: US-TX
  currency_code: USD
  product_id: PY-DATA-002
  unit_price: 49.99
  quantity: 1
  is_online: true
  customer_id: CUST-1106
  is_new_customer: false
  device_type: mobile
  payment_method: paypal
  referral_source: paid_search
  discount_code: 
  customer_note: Gift for my team
}
2026-06-02 14:09:29 | INFO | P03 |   Sending message with key=US-TX
2026-06-02 14:09:29 | INFO | P03 |   MESSAGE SENT  sent=2
2026-06-02 14:09:29 | INFO | C03 | {'currency_code': 'USD', 'customer_id': 'CUST-1106', 'customer_note': 'Gift for my team', 'datetime': '2026-05-04T08:23:00Z', 'device_type': 'mobile', 'discount_code': '', 'is_new_customer': 'false', 'is_online': 'true', 'order_id': 'd61943e0-f543-4b5f-9c9a-18605ea4cfe5', 'payment_method': 'paypal', 'product_id': 'PY-DATA-002', 'quantity': '1', 'referral_source': 'paid_search', 'region_id': 'US-TX', 'unit_price': '49.99', '_kafka_key': 'US-TX', '_kafka_partition': 0, '_kafka_offset': 1}
2026-06-02 14:09:29 | INFO | C03 | subtotal=49.99
2026-06-02 14:09:29 | INFO | C03 | tax=4.12
2026-06-02 14:09:29 | INFO | C03 | total=54.11
2026-06-02 14:09:29 | INFO | C03 | running_total=1096.02
2026-06-02 14:09:29 | INFO | C03 | Sale is below average.
2026-06-02 14:09:29 | INFO | C03 | MESSAGE ACCEPTED
2026-06-02 14:09:29 | INFO | C03 | order=d61943e0-f543-4b5f-9c9a-18605ea4cfe5
2026-06-02 14:09:29 | INFO | C03 | total=$54.11
2026-06-02 14:09:29 | INFO | C03 | consumed=14
2026-06-02 14:09:29 | INFO | C03 | RUNNING STATS
2026-06-02 14:09:29 | INFO | C03 | total_sales=$1,096.02
2026-06-02 14:09:29 | INFO | C03 | average=$78.29
2026-06-02 14:09:29 | INFO | C03 | min=$32.39
2026-06-02 14:09:29 | INFO | C03 | max=$194.82
2026-06-02 14:09:30 | INFO | P03 | {
  order_id: 14da1915-8e74-47be-9e10-f7275d31af46
  datetime: 2026-05-04T08:28:00Z
  region_id: CA-QC
  currency_code: CAD
  product_id: PY-NLP-006
  unit_price: 54.99
  quantity: 1
  is_online: true
  customer_id: CUST-2133
  is_new_customer: false
  device_type: desktop
  payment_method: paypal
  referral_source: organic
  discount_code: 
  customer_note: Learning at my own pace
}
2026-06-02 14:09:30 | INFO | P03 |   Sending message with key=CA-QC
2026-06-02 14:09:30 | INFO | P03 |   MESSAGE SENT  sent=3
2026-06-02 14:09:30 | INFO | C03 | {'currency_code': 'CAD', 'customer_id': 'CUST-2133', 'customer_note': 'Learning at my own pace', 'datetime': '2026-05-04T08:28:00Z', 'device_type': 'desktop', 'discount_code': '', 'is_new_customer': 'false', 'is_online': 'true', 'order_id': '14da1915-8e74-47be-9e10-f7275d31af46', 'payment_method': 'paypal', 'product_id': 'PY-NLP-006', 'quantity': '1', 'referral_source': 'organic', 'region_id': 'CA-QC', 'unit_price': '54.99', '_kafka_key': 'CA-QC', '_kafka_partition': 0, '_kafka_offset': 2}
2026-06-02 14:09:30 | INFO | C03 | subtotal=54.99
2026-06-02 14:09:30 | INFO | C03 | tax=8.23
2026-06-02 14:09:30 | INFO | C03 | total=63.22
2026-06-02 14:09:30 | INFO | C03 | running_total=1159.24
2026-06-02 14:09:30 | INFO | C03 | Sale is below average.
2026-06-02 14:09:30 | INFO | C03 | MESSAGE ACCEPTED
2026-06-02 14:09:30 | INFO | C03 | order=14da1915-8e74-47be-9e10-f7275d31af46
2026-06-02 14:09:30 | INFO | C03 | total=$63.22
2026-06-02 14:09:30 | INFO | C03 | consumed=15
2026-06-02 14:09:30 | INFO | C03 | RUNNING STATS
2026-06-02 14:09:30 | INFO | C03 | total_sales=$1,159.24
2026-06-02 14:09:30 | INFO | C03 | average=$77.28
2026-06-02 14:09:30 | INFO | C03 | min=$32.39
2026-06-02 14:09:30 | INFO | C03 | max=$194.82
2026-06-02 14:09:31 | INFO | P03 | {
  order_id: d77ed935-9b28-431d-bc25-0a3fd98f4154
  datetime: 2026-05-04T08:40:00Z
  region_id: US-CA
  currency_code: USD
  product_id: PY-STREAM-005
  unit_price: 59.99
  quantity: 1
  is_online: true
  customer_id: CUST-5333
  is_new_customer: false
  device_type: mobile
  payment_method: paypal
  referral_source: organic
  discount_code: 
  customer_note: Highly recommend
}
2026-06-02 14:09:31 | INFO | P03 |   Sending message with key=US-CA
2026-06-02 14:09:31 | INFO | P03 |   MESSAGE SENT  sent=4
2026-06-02 14:09:31 | INFO | C03 | {'currency_code': 'USD', 'customer_id': 'CUST-5333', 'customer_note': 'Highly recommend', 'datetime': '2026-05-04T08:40:00Z', 'device_type': 'mobile', 'discount_code': '', 'is_new_customer': 'false', 'is_online': 'true', 'order_id': 'd77ed935-9b28-431d-bc25-0a3fd98f4154', 'payment_method': 'paypal', 'product_id': 'PY-STREAM-005', 'quantity': '1', 'referral_source': 'organic', 'region_id': 'US-CA', 'unit_price': '59.99', '_kafka_key': 'US-CA', '_kafka_partition': 0, '_kafka_offset': 3}
2026-06-02 14:09:31 | INFO | C03 | subtotal=59.99
2026-06-02 14:09:31 | INFO | C03 | tax=5.7
2026-06-02 14:09:31 | INFO | C03 | total=65.69
2026-06-02 14:09:31 | INFO | C03 | running_total=1224.93
2026-06-02 14:09:31 | INFO | C03 | Sale is below average.
2026-06-02 14:09:31 | INFO | C03 | MESSAGE ACCEPTED
2026-06-02 14:09:31 | INFO | C03 | order=d77ed935-9b28-431d-bc25-0a3fd98f4154
2026-06-02 14:09:31 | INFO | C03 | total=$65.69
2026-06-02 14:09:31 | INFO | C03 | consumed=16
2026-06-02 14:09:31 | INFO | C03 | RUNNING STATS
2026-06-02 14:09:31 | INFO | C03 | total_sales=$1,224.93
2026-06-02 14:09:31 | INFO | C03 | average=$76.56
2026-06-02 14:09:31 | INFO | C03 | min=$32.39
2026-06-02 14:09:31 | INFO | C03 | max=$194.82
2026-06-02 14:09:32 | INFO | P03 | {
  order_id: 24b91995-25f8-4ad7-8fa6-2e4c15750e5e
  datetime: 2026-05-04T08:41:00Z
  region_id: US-MO
  currency_code: USD
  product_id: PY-VIZ-003
  unit_price: 39.99
  quantity: 1
  is_online: true
  customer_id: CUST-8573
  is_new_customer: false
  device_type: mobile
  payment_method: apple_pay
  referral_source: paid_search
  discount_code: 
  customer_note: Learning at my own pace
}
2026-06-02 14:09:32 | INFO | P03 |   Sending message with key=US-MO
2026-06-02 14:09:32 | INFO | P03 |   MESSAGE SENT  sent=5
2026-06-02 14:09:32 | INFO | C03 | {'currency_code': 'USD', 'customer_id': 'CUST-8573', 'customer_note': 'Learning at my own pace', 'datetime': '2026-05-04T08:41:00Z', 'device_type': 'mobile', 'discount_code': '', 'is_new_customer': 'false', 'is_online': 'true', 'order_id': '24b91995-25f8-4ad7-8fa6-2e4c15750e5e', 'payment_method': 'apple_pay', 'product_id': 'PY-VIZ-003', 'quantity': '1', 'referral_source': 'paid_search', 'region_id': 'US-MO', 'unit_price': '39.99', '_kafka_key': 'US-MO', '_kafka_partition': 0, '_kafka_offset': 4}
2026-06-02 14:09:32 | INFO | C03 | subtotal=39.99
2026-06-02 14:09:32 | INFO | C03 | tax=3.2
2026-06-02 14:09:32 | INFO | C03 | total=43.19
2026-06-02 14:09:32 | INFO | C03 | running_total=1268.12
2026-06-02 14:09:32 | INFO | C03 | Sale is below average.
2026-06-02 14:09:32 | INFO | C03 | MESSAGE ACCEPTED
2026-06-02 14:09:32 | INFO | C03 | order=24b91995-25f8-4ad7-8fa6-2e4c15750e5e
2026-06-02 14:09:32 | INFO | C03 | total=$43.19
2026-06-02 14:09:32 | INFO | C03 | consumed=17
2026-06-02 14:09:32 | INFO | C03 | RUNNING STATS
2026-06-02 14:09:32 | INFO | C03 | total_sales=$1,268.12
2026-06-02 14:09:32 | INFO | C03 | average=$74.60
2026-06-02 14:09:32 | INFO | C03 | min=$32.39
2026-06-02 14:09:32 | INFO | C03 | max=$194.82
2026-06-02 14:09:33 | INFO | P03 | {
  order_id: 1ec0fc8b-998c-4f43-8a66-19e1fa7d5fa8
  datetime: 2026-05-04T08:54:00Z
  region_id: CA-ON
  currency_code: CAD
  product_id: PY-SQL-004
  unit_price: 44.99
  quantity: 1
  is_online: true
  customer_id: CUST-8062
  is_new_customer: false
  device_type: tablet
  payment_method: paypal
  referral_source: organic
  discount_code: 
  customer_note: 
}
2026-06-02 14:09:33 | INFO | P03 |   Sending message with key=CA-ON
2026-06-02 14:09:33 | INFO | P03 |   MESSAGE SENT  sent=6
2026-06-02 14:09:33 | INFO | C03 | {'currency_code': 'CAD', 'customer_id': 'CUST-8062', 'customer_note': '', 'datetime': '2026-05-04T08:54:00Z', 'device_type': 'tablet', 'discount_code': '', 'is_new_customer': 'false', 'is_online': 'true', 'order_id': '1ec0fc8b-998c-4f43-8a66-19e1fa7d5fa8', 'payment_method': 'paypal', 'product_id': 'PY-SQL-004', 'quantity': '1', 'referral_source': 'organic', 'region_id': 'CA-ON', 'unit_price': '44.99', '_kafka_key': 'CA-ON', '_kafka_partition': 0, '_kafka_offset': 5}
2026-06-02 14:09:33 | INFO | C03 | subtotal=44.99
2026-06-02 14:09:33 | INFO | C03 | tax=5.85
2026-06-02 14:09:33 | INFO | C03 | total=50.84
2026-06-02 14:09:33 | INFO | C03 | running_total=1318.96
2026-06-02 14:09:33 | INFO | C03 | Sale is below average.
2026-06-02 14:09:33 | INFO | C03 | MESSAGE ACCEPTED
2026-06-02 14:09:33 | INFO | C03 | order=1ec0fc8b-998c-4f43-8a66-19e1fa7d5fa8
2026-06-02 14:09:33 | INFO | C03 | total=$50.84
2026-06-02 14:09:33 | INFO | C03 | consumed=18
2026-06-02 14:09:33 | INFO | C03 | RUNNING STATS
2026-06-02 14:09:33 | INFO | C03 | total_sales=$1,318.96
2026-06-02 14:09:33 | INFO | C03 | average=$73.28
2026-06-02 14:09:33 | INFO | C03 | min=$32.39
2026-06-02 14:09:33 | INFO | C03 | max=$194.82
2026-06-02 14:09:34 | INFO | P03 | {
  order_id: 392dd49b-b385-499c-9b4a-a38387fa39ae
  datetime: 2026-05-04T09:07:00Z
  region_id: CA-ON
  currency_code: CAD
  product_id: PY-INTRO-001
  unit_price: 29.99
  quantity: 1
  is_online: false
  customer_id: CUST-9348
  is_new_customer: false
  device_type: desktop
  payment_method: credit_card
  referral_source: paid_search
  discount_code: 
  customer_note: For my study group
}
2026-06-02 14:09:34 | INFO | P03 |   Sending message with key=CA-ON
2026-06-02 14:09:34 | INFO | P03 |   MESSAGE SENT  sent=7
2026-06-02 14:09:34 | INFO | C03 | {'currency_code': 'CAD', 'customer_id': 'CUST-9348', 'customer_note': 'For my study group', 'datetime': '2026-05-04T09:07:00Z', 'device_type': 'desktop', 'discount_code': '', 'is_new_customer': 'false', 'is_online': 'false', 'order_id': '392dd49b-b385-499c-9b4a-a38387fa39ae', 'payment_method': 'credit_card', 'product_id': 'PY-INTRO-001', 'quantity': '1', 'referral_source': 'paid_search', 'region_id': 'CA-ON', 'unit_price': '29.99', '_kafka_key': 'CA-ON', '_kafka_partition': 0, '_kafka_offset': 6}
2026-06-02 14:09:34 | INFO | C03 | subtotal=29.99
2026-06-02 14:09:34 | INFO | C03 | tax=3.9
2026-06-02 14:09:34 | INFO | C03 | total=33.89
2026-06-02 14:09:34 | INFO | C03 | running_total=1352.85
2026-06-02 14:09:34 | INFO | C03 | Sale is below average.
2026-06-02 14:09:34 | INFO | C03 | MESSAGE ACCEPTED
2026-06-02 14:09:34 | INFO | C03 | order=392dd49b-b385-499c-9b4a-a38387fa39ae
2026-06-02 14:09:34 | INFO | C03 | total=$33.89
2026-06-02 14:09:34 | INFO | C03 | consumed=19
2026-06-02 14:09:34 | INFO | C03 | RUNNING STATS
2026-06-02 14:09:34 | INFO | C03 | total_sales=$1,352.85
2026-06-02 14:09:34 | INFO | C03 | average=$71.20
2026-06-02 14:09:34 | INFO | C03 | min=$32.39
2026-06-02 14:09:34 | INFO | C03 | max=$194.82
2026-06-02 14:09:35 | INFO | P03 | {
  order_id: 02782ab7-dd7d-4ebe-8abc-ef81cdc4193b
  datetime: 2026-05-04T09:15:00Z
  region_id: US-CA
  currency_code: USD
  product_id: PY-VIZ-003
  unit_price: 39.99
  quantity: 1
  is_online: true
  customer_id: CUST-5889
  is_new_customer: false
  device_type: tablet
  payment_method: paypal
  referral_source: organic
  discount_code: 
  customer_note: 
}
2026-06-02 14:09:35 | INFO | P03 |   Sending message with key=US-CA
2026-06-02 14:09:35 | INFO | P03 |   MESSAGE SENT  sent=8
2026-06-02 14:09:35 | INFO | C03 | {'currency_code': 'USD', 'customer_id': 'CUST-5889', 'customer_note': '', 'datetime': '2026-05-04T09:15:00Z', 'device_type': 'tablet', 'discount_code': '', 'is_new_customer': 'false', 'is_online': 'true', 'order_id': '02782ab7-dd7d-4ebe-8abc-ef81cdc4193b', 'payment_method': 'paypal', 'product_id': 'PY-VIZ-003', 'quantity': '1', 'referral_source': 'organic', 'region_id': 'US-CA', 'unit_price': '39.99', '_kafka_key': 'US-CA', '_kafka_partition': 0, '_kafka_offset': 7}
2026-06-02 14:09:35 | INFO | C03 | subtotal=39.99
2026-06-02 14:09:35 | INFO | C03 | tax=3.8
2026-06-02 14:09:35 | INFO | C03 | total=43.79
2026-06-02 14:09:35 | INFO | C03 | running_total=1396.64
2026-06-02 14:09:35 | INFO | C03 | Sale is below average.
2026-06-02 14:09:35 | INFO | C03 | MESSAGE ACCEPTED
2026-06-02 14:09:35 | INFO | C03 | order=02782ab7-dd7d-4ebe-8abc-ef81cdc4193b
2026-06-02 14:09:35 | INFO | C03 | total=$43.79
2026-06-02 14:09:35 | INFO | C03 | consumed=20
2026-06-02 14:09:35 | INFO | C03 | RUNNING STATS
2026-06-02 14:09:35 | INFO | C03 | total_sales=$1,396.64
2026-06-02 14:09:35 | INFO | C03 | average=$69.83
2026-06-02 14:09:35 | INFO | C03 | min=$32.39
2026-06-02 14:09:35 | INFO | C03 | max=$194.82
2026-06-02 14:09:36 | INFO | P03 | {
  order_id: 67bd3492-cc96-429a-9a91-1b4d2132d261
  datetime: 2026-05-04T09:19:00Z
  region_id: CA-ON
  currency_code: CAD
  product_id: PY-VIZ-003
  unit_price: 39.99
  quantity: 1
  is_online: true
  customer_id: CUST-4770
  is_new_customer: false
  device_type: desktop
  payment_method: credit_card
  referral_source: paid_search
  discount_code: 
  customer_note: Excellent content
}
2026-06-02 14:09:36 | INFO | P03 |   Sending message with key=CA-ON
2026-06-02 14:09:36 | INFO | P03 |   MESSAGE SENT  sent=9
2026-06-02 14:09:36 | INFO | C03 | {'currency_code': 'CAD', 'customer_id': 'CUST-4770', 'customer_note': 'Excellent content', 'datetime': '2026-05-04T09:19:00Z', 'device_type': 'desktop', 'discount_code': '', 'is_new_customer': 'false', 'is_online': 'true', 'order_id': '67bd3492-cc96-429a-9a91-1b4d2132d261', 'payment_method': 'credit_card', 'product_id': 'PY-VIZ-003', 'quantity': '1', 'referral_source': 'paid_search', 'region_id': 'CA-ON', 'unit_price': '39.99', '_kafka_key': 'CA-ON', '_kafka_partition': 0, '_kafka_offset': 8}
2026-06-02 14:09:36 | INFO | C03 | subtotal=39.99
2026-06-02 14:09:36 | INFO | C03 | tax=5.2
2026-06-02 14:09:36 | INFO | C03 | total=45.19
2026-06-02 14:09:36 | INFO | C03 | running_total=1441.83
2026-06-02 14:09:36 | INFO | C03 | Sale is below average.
2026-06-02 14:09:36 | INFO | C03 | MESSAGE ACCEPTED
2026-06-02 14:09:36 | INFO | C03 | order=67bd3492-cc96-429a-9a91-1b4d2132d261
2026-06-02 14:09:36 | INFO | C03 | total=$45.19
2026-06-02 14:09:36 | INFO | C03 | consumed=21
2026-06-02 14:09:36 | INFO | C03 | RUNNING STATS
2026-06-02 14:09:36 | INFO | C03 | total_sales=$1,441.83
2026-06-02 14:09:36 | INFO | C03 | average=$68.66
2026-06-02 14:09:36 | INFO | C03 | min=$32.39
2026-06-02 14:09:36 | INFO | C03 | max=$194.82
2026-06-02 14:09:37 | INFO | P03 | {
  order_id: 0a021628-6937-4876-8875-b00c07a39e0f
  datetime: 2026-05-04T09:37:00Z
  region_id: MX-CMX
  currency_code: MXN
  product_id: PY-DATA-002
  unit_price: 49.99
  quantity: 1
  is_online: true
  customer_id: CUST-6168
  is_new_customer: false
  device_type: desktop
  payment_method: paypal
  referral_source: organic
  discount_code: 
  customer_note: 
}
2026-06-02 14:09:37 | INFO | P03 |   Sending message with key=MX-CMX
2026-06-02 14:09:37 | INFO | P03 |   MESSAGE SENT  sent=10
2026-06-02 14:09:37 | INFO | C03 | {'currency_code': 'MXN', 'customer_id': 'CUST-6168', 'customer_note': '', 'datetime': '2026-05-04T09:37:00Z', 'device_type': 'desktop', 'discount_code': '', 'is_new_customer': 'false', 'is_online': 'true', 'order_id': '0a021628-6937-4876-8875-b00c07a39e0f', 'payment_method': 'paypal', 'product_id': 'PY-DATA-002', 'quantity': '1', 'referral_source': 'organic', 'region_id': 'MX-CMX', 'unit_price': '49.99', '_kafka_key': 'MX-CMX', '_kafka_partition': 0, '_kafka_offset': 9}
2026-06-02 14:09:37 | INFO | C03 | subtotal=49.99
2026-06-02 14:09:37 | INFO | C03 | tax=8.0
2026-06-02 14:09:37 | INFO | C03 | total=57.99
2026-06-02 14:09:37 | INFO | C03 | running_total=1499.82
2026-06-02 14:09:37 | INFO | C03 | Sale is below average.
2026-06-02 14:09:37 | INFO | C03 | MESSAGE ACCEPTED
2026-06-02 14:09:37 | INFO | C03 | order=0a021628-6937-4876-8875-b00c07a39e0f
2026-06-02 14:09:37 | INFO | C03 | total=$57.99
2026-06-02 14:09:37 | INFO | C03 | consumed=22
2026-06-02 14:09:37 | INFO | C03 | RUNNING STATS
2026-06-02 14:09:37 | INFO | C03 | total_sales=$1,499.82
2026-06-02 14:09:37 | INFO | C03 | average=$68.17
2026-06-02 14:09:37 | INFO | C03 | min=$32.39
2026-06-02 14:09:37 | INFO | C03 | max=$194.82
2026-06-02 14:09:38 | INFO | P03 | {
  order_id: b05fc600-a5fc-4826-934c-cc1f188b0715
  datetime: 2026-05-04T09:42:00Z
  region_id: US-MO
  currency_code: USD
  product_id: PY-DATA-002
  unit_price: 49.99
  quantity: 3
  is_online: true
  customer_id: CUST-3340
  is_new_customer: false
  device_type: tablet
  payment_method: credit_card
  referral_source: organic
  discount_code: 
  customer_note: Recommended by a colleague
}
2026-06-02 14:09:38 | INFO | P03 |   Sending message with key=US-MO
2026-06-02 14:09:38 | INFO | P03 |   MESSAGE SENT  sent=11
2026-06-02 14:09:38 | INFO | C03 | {'currency_code': 'USD', 'customer_id': 'CUST-3340', 'customer_note': 'Recommended by a colleague', 'datetime': '2026-05-04T09:42:00Z', 'device_type': 'tablet', 'discount_code': '', 'is_new_customer': 'false', 'is_online': 'true', 'order_id': 'b05fc600-a5fc-4826-934c-cc1f188b0715', 'payment_method': 'credit_card', 'product_id': 'PY-DATA-002', 'quantity': '3', 'referral_source': 'organic', 'region_id': 'US-MO', 'unit_price': '49.99', '_kafka_key': 'US-MO', '_kafka_partition': 0, '_kafka_offset': 10}
2026-06-02 14:09:38 | INFO | C03 | subtotal=149.97
2026-06-02 14:09:38 | INFO | C03 | tax=12.0
2026-06-02 14:09:38 | INFO | C03 | total=161.97
2026-06-02 14:09:38 | INFO | C03 | running_total=1661.79
2026-06-02 14:09:38 | INFO | C03 | Sale is above average.
2026-06-02 14:09:38 | INFO | C03 | MESSAGE ACCEPTED
2026-06-02 14:09:38 | INFO | C03 | order=b05fc600-a5fc-4826-934c-cc1f188b0715
2026-06-02 14:09:38 | INFO | C03 | total=$161.97
2026-06-02 14:09:38 | INFO | C03 | consumed=23
2026-06-02 14:09:38 | INFO | C03 | RUNNING STATS
2026-06-02 14:09:38 | INFO | C03 | total_sales=$1,661.79
2026-06-02 14:09:38 | INFO | C03 | average=$72.25
2026-06-02 14:09:38 | INFO | C03 | min=$32.39
2026-06-02 14:09:38 | INFO | C03 | max=$194.82
2026-06-02 14:09:39 | INFO | P03 | {
  order_id: 03d437fb-6966-47ad-a67a-728630c8b3f8
  datetime: 2026-05-04T10:06:00Z
  region_id: US-MO
  currency_code: USD
  product_id: PY-INTRO-001
  unit_price: 29.99
  quantity: 1
  is_online: true
  customer_id: CUST-8668
  is_new_customer: false
  device_type: mobile
  payment_method: apple_pay
  referral_source: email
  discount_code: 
  customer_note: 
}
2026-06-02 14:09:39 | INFO | P03 |   Sending message with key=US-MO
2026-06-02 14:09:39 | INFO | P03 |   MESSAGE SENT  sent=12
2026-06-02 14:09:39 | INFO | C03 | {'currency_code': 'USD', 'customer_id': 'CUST-8668', 'customer_note': '', 'datetime': '2026-05-04T10:06:00Z', 'device_type': 'mobile', 'discount_code': '', 'is_new_customer': 'false', 'is_online': 'true', 'order_id': '03d437fb-6966-47ad-a67a-728630c8b3f8', 'payment_method': 'apple_pay', 'product_id': 'PY-INTRO-001', 'quantity': '1', 'referral_source': 'email', 'region_id': 'US-MO', 'unit_price': '29.99', '_kafka_key': 'US-MO', '_kafka_partition': 0, '_kafka_offset': 11}
2026-06-02 14:09:40 | INFO | C03 | subtotal=29.99
2026-06-02 14:09:40 | INFO | C03 | tax=2.4
2026-06-02 14:09:40 | INFO | C03 | total=32.39
2026-06-02 14:09:40 | INFO | C03 | running_total=1694.18
2026-06-02 14:09:40 | INFO | C03 | Sale is below average.
2026-06-02 14:09:40 | INFO | C03 | MESSAGE ACCEPTED
2026-06-02 14:09:40 | INFO | C03 | order=03d437fb-6966-47ad-a67a-728630c8b3f8
2026-06-02 14:09:40 | INFO | C03 | total=$32.39
2026-06-02 14:09:40 | INFO | C03 | consumed=24
2026-06-02 14:09:40 | INFO | C03 | RUNNING STATS
2026-06-02 14:09:40 | INFO | C03 | total_sales=$1,694.18
2026-06-02 14:09:40 | INFO | C03 | average=$70.59
2026-06-02 14:09:40 | INFO | C03 | min=$32.39
2026-06-02 14:09:40 | INFO | C03 | max=$194.82
2026-06-02 14:09:41 | INFO | P03 | Checking for rejected records...
2026-06-02 14:09:41 | INFO | P03 |   No records rejected.
2026-06-02 14:09:41 | INFO | P03 | ========================
2026-06-02 14:09:41 | INFO | P03 | SECTION E. Exit
2026-06-02 14:09:41 | INFO | P03 | ========================
2026-06-02 14:09:41 | INFO | P03 | Summary:
2026-06-02 14:09:41 | INFO | P03 | Sent 12 message(s) to topic 'streaming-03-analytics-kjleopold'.
2026-06-02 14:09:41 | INFO | P03 | Rejected 0 message(s).
2026-06-02 14:09:41 | INFO | P03 | ========================
2026-06-02 14:09:41 | INFO | P03 | Producer executed successfully!
2026-06-02 14:09:41 | INFO | P03 | ========================
2026-06-02 14:09:50 | INFO | C03 | No message received within 10.0s timeout.
2026-06-02 14:09:50 | INFO | C03 | Producer finished or paused. Stopping consumer.
2026-06-02 14:09:50 | INFO | C03 | Kafka consumer closed.
2026-06-02 14:09:50 | INFO | C03 | ========================
2026-06-02 14:09:50 | INFO | C03 | SECTION E. Exit
2026-06-02 14:09:50 | INFO | C03 | ========================
2026-06-02 14:09:50 | INFO | C03 | Summary:
2026-06-02 14:09:50 | INFO | C03 | Consumed 24 message(s) from topic 'streaming-03-analytics-kjleopold'.
2026-06-02 14:09:50 | INFO | C03 | Skipped  0 message(s).
2026-06-02 14:09:50 | INFO | C03 | OUTPUT_CSV = data\output\consumed_sales_kjleopold.csv
2026-06-02 14:09:50 | INFO | C03 |   Total sales:  $1,694.18
2026-06-02 14:09:50 | INFO | C03 |   Average sale: $70.59
2026-06-02 14:09:50 | INFO | C03 |   Minimum sale: $32.39
2026-06-02 14:09:50 | INFO | C03 |   Maximum sale: $194.82
2026-06-02 14:09:50 | INFO | C03 | ========================
2026-06-02 14:09:50 | INFO | C03 | Consumer executed successfully!
2026-06-02 14:09:50 | INFO | C03 | ========================
2026-06-02 14:24:38 | DEBUG | P03 | KAFKA_BOOTSTRAP_SERVERS           = localhost:9092
2026-06-02 14:24:38 | DEBUG | P03 | KAFKA_BROKER_ADDRESS_FAMILY       = v6
2026-06-02 14:24:38 | DEBUG | P03 | KAFKA_TOPIC                       = streaming-03-analytics-kjleopold
2026-06-02 14:24:38 | DEBUG | P03 | KAFKA_CLEAR_TOPIC_ON_START        = true
2026-06-02 14:24:38 | DEBUG | P03 | PRODUCER_MESSAGE_COUNT            = 12
2026-06-02 14:24:38 | DEBUG | P03 | PRODUCER_MESSAGE_INTERVAL_SECONDS = 1
2026-06-02 14:24:38 | DEBUG | P03 | PRODUCER_MAX_MESSAGES             = 50
2026-06-02 14:24:38 | DEBUG | P03 | PRODUCER_POLL_INTERVAL_SECONDS    = 15
2026-06-02 14:24:38 | DEBUG | P03 | KAFKA_GROUP_ID                    = streaming-consumer-group-A
2026-06-02 14:24:38 | DEBUG | P03 | KAFKA_AUTO_OFFSET_RESET           = earliest
2026-06-02 14:24:38 | DEBUG | P03 | CONSUMER_TIMEOUT_SECONDS          = 10
2026-06-02 14:24:38 | DEBUG | P03 | CONSUMER_MAX_MESSAGES             = 1000
2026-06-02 14:24:38 | INFO | P03 | === RUN START ===
2026-06-02 14:24:38 | INFO | P03 | project=P03
2026-06-02 14:24:38 | INFO | P03 | repo_dir=streaming-03-analytics
2026-06-02 14:24:38 | INFO | P03 | python=3.14.3
2026-06-02 14:24:38 | INFO | P03 | os=Windows 11
2026-06-02 14:24:38 | INFO | P03 | shell=powershell
2026-06-02 14:24:38 | INFO | P03 | cwd=.
2026-06-02 14:24:38 | INFO | P03 | github_actions=False
2026-06-02 14:24:38 | INFO | P03 | ========================
2026-06-02 14:24:38 | INFO | P03 | START producer main()
2026-06-02 14:24:38 | INFO | P03 | ========================
2026-06-02 14:24:38 | INFO | P03 | ROOT_DIR = .
2026-06-02 14:24:38 | INFO | P03 | DATA_DIR = data
2026-06-02 14:24:38 | INFO | P03 | SALES_CSV = data\sales.csv
2026-06-02 14:24:38 | INFO | P03 | REGIONS_CSV = data\regions.csv
2026-06-02 14:24:38 | INFO | P03 | PRODUCTS_CSV = data\products.csv
2026-06-02 14:24:38 | INFO | P03 | REJECTED_SALES_CSV = data\output\producer_rejected_sales.csv
2026-06-02 14:24:38 | INFO | P03 | ========================
2026-06-02 14:24:38 | INFO | P03 | SECTION A. Acquire
2026-06-02 14:24:38 | INFO | P03 | ========================
2026-06-02 14:24:38 | INFO | P03 | Loading settings from .env...
2026-06-02 14:24:38 | INFO | P03 | KAFKA_BOOTSTRAP_SERVERS           = localhost:9092
2026-06-02 14:24:38 | INFO | P03 | KAFKA_TOPIC                       = streaming-03-analytics-kjleopold
2026-06-02 14:24:38 | INFO | P03 | PRODUCER_MESSAGE_COUNT            = 12
2026-06-02 14:24:38 | INFO | P03 | PRODUCER_MESSAGE_INTERVAL_SECONDS = 1.0
2026-06-02 14:24:38 | INFO | P03 | KAFKA_CLEAR_TOPIC_ON_START        = True
2026-06-02 14:24:38 | INFO | P03 | Verifying Kafka connection...
2026-06-02 14:24:38 | INFO | P03 | Kafka port is reachable.
2026-06-02 14:24:40 | DEBUG | C03 | KAFKA_BOOTSTRAP_SERVERS           = localhost:9092
2026-06-02 14:24:40 | DEBUG | C03 | KAFKA_BROKER_ADDRESS_FAMILY       = v6
2026-06-02 14:24:40 | DEBUG | C03 | KAFKA_TOPIC                       = streaming-03-analytics-kjleopold
2026-06-02 14:24:40 | DEBUG | C03 | KAFKA_CLEAR_TOPIC_ON_START        = true
2026-06-02 14:24:40 | DEBUG | C03 | PRODUCER_MESSAGE_COUNT            = 12
2026-06-02 14:24:40 | DEBUG | C03 | PRODUCER_MESSAGE_INTERVAL_SECONDS = 1
2026-06-02 14:24:40 | DEBUG | C03 | PRODUCER_MAX_MESSAGES             = 50
2026-06-02 14:24:40 | DEBUG | C03 | PRODUCER_POLL_INTERVAL_SECONDS    = 15
2026-06-02 14:24:40 | DEBUG | C03 | KAFKA_GROUP_ID                    = streaming-consumer-group-A
2026-06-02 14:24:40 | DEBUG | C03 | KAFKA_AUTO_OFFSET_RESET           = earliest
2026-06-02 14:24:40 | DEBUG | C03 | CONSUMER_TIMEOUT_SECONDS          = 10
2026-06-02 14:24:40 | DEBUG | C03 | CONSUMER_MAX_MESSAGES             = 1000
2026-06-02 14:24:40 | INFO | C03 | === RUN START ===
2026-06-02 14:24:40 | INFO | C03 | project=C03
2026-06-02 14:24:40 | INFO | C03 | repo_dir=streaming-03-analytics
2026-06-02 14:24:40 | INFO | C03 | python=3.14.3
2026-06-02 14:24:40 | INFO | C03 | os=Windows 11
2026-06-02 14:24:40 | INFO | C03 | shell=powershell
2026-06-02 14:24:40 | INFO | C03 | cwd=.
2026-06-02 14:24:40 | INFO | C03 | github_actions=False
2026-06-02 14:24:40 | INFO | C03 | ========================
2026-06-02 14:24:40 | INFO | C03 | START consumer main()
2026-06-02 14:24:40 | INFO | C03 | ========================
2026-06-02 14:24:40 | INFO | C03 | ROOT_DIR = .
2026-06-02 14:24:40 | INFO | C03 | DATA_DIR = data
2026-06-02 14:24:40 | INFO | C03 | OUTPUT_CSV = data\output\consumed_sales_kjleopold.csv
2026-06-02 14:24:40 | INFO | C03 | REGIONS_CSV = data\regions.csv
2026-06-02 14:24:40 | INFO | C03 | PRODUCTS_CSV = data\products.csv
2026-06-02 14:24:40 | INFO | C03 | CURRENCIES_CSV = data\currencies.csv
2026-06-02 14:24:40 | INFO | C03 | DISCOUNT_CODES_CSV = data\discount_codes.csv
2026-06-02 14:24:40 | INFO | C03 | ========================
2026-06-02 14:24:40 | INFO | C03 | SECTION A. Acquire
2026-06-02 14:24:40 | INFO | C03 | ========================
2026-06-02 14:24:40 | INFO | C03 | Loading settings from .env...
2026-06-02 14:24:40 | INFO | C03 | KAFKA_BOOTSTRAP_SERVERS  = localhost:9092
2026-06-02 14:24:40 | INFO | C03 | KAFKA_TOPIC              = streaming-03-analytics-kjleopold
2026-06-02 14:24:40 | INFO | C03 | KAFKA_GROUP_ID           = streaming-consumer-group-A
2026-06-02 14:24:40 | INFO | C03 | CONSUMER_TIMEOUT_SECONDS = 10.0
2026-06-02 14:24:40 | INFO | C03 | CONSUMER_MAX_MESSAGES    = 1000
2026-06-02 14:24:40 | INFO | C03 | Verifying Kafka connection...
2026-06-02 14:24:40 | INFO | C03 | Kafka port is reachable.
2026-06-02 14:24:40 | INFO | C03 | Verifying Kafka topic...
2026-06-02 14:24:43 | INFO | P03 | Loading validation reference data...
2026-06-02 14:24:43 | INFO | P03 | Found 6 valid regions, 
2026-06-02 14:24:43 | INFO | P03 | 6 valid products.
2026-06-02 14:24:43 | INFO | P03 | ========================
2026-06-02 14:24:43 | INFO | P03 | SECTION P. Produce Messages
2026-06-02 14:24:43 | INFO | P03 | ========================
2026-06-02 14:24:43 | INFO | P03 | Initializing output...
2026-06-02 14:24:43 | INFO | P03 | Output directory ready: output
2026-06-02 14:24:43 | INFO | P03 | Sending messages...
2026-06-02 14:24:43 | INFO | P03 | Sending up to 12 message(s) to topic 'streaming-03-analytics-kjleopold'.
2026-06-02 14:24:43 | INFO | P03 | Watch each sale arrive. Press CTRL+C to stop early.

2026-06-02 14:24:43 | INFO | P03 | {
  order_id: e7324981-a9f0-419f-b708-d0a333451fff
  datetime: 2026-05-04T08:11:00Z
  region_id: US-TX
  currency_code: USD
  product_id: PY-STREAM-005
  unit_price: 59.99
  quantity: 3
  is_online: true
  customer_id: CUST-4150
  is_new_customer: false
  device_type: tablet
  payment_method: paypal
  referral_source: paid_search
  discount_code: 
  customer_note: Gift for my team
}
2026-06-02 14:24:43 | INFO | P03 |   Sending message with key=US-TX
2026-06-02 14:24:43 | INFO | P03 |   MESSAGE SENT  sent=1
2026-06-02 14:24:44 | INFO | P03 | {
  order_id: d61943e0-f543-4b5f-9c9a-18605ea4cfe5
  datetime: 2026-05-04T08:23:00Z
  region_id: US-TX
  currency_code: USD
  product_id: PY-DATA-002
  unit_price: 49.99
  quantity: 1
  is_online: true
  customer_id: CUST-1106
  is_new_customer: false
  device_type: mobile
  payment_method: paypal
  referral_source: paid_search
  discount_code: 
  customer_note: Gift for my team
}
2026-06-02 14:24:44 | INFO | P03 |   Sending message with key=US-TX
2026-06-02 14:24:44 | INFO | P03 |   MESSAGE SENT  sent=2
2026-06-02 14:24:44 | INFO | C03 | Topic 'streaming-03-analytics-kjleopold' exists.
2026-06-02 14:24:44 | INFO | C03 | Found 2 message(s) available.
2026-06-02 14:24:44 | INFO | C03 | Creating Kafka consumer...
2026-06-02 14:24:44 | INFO | C03 | Subscribed to topic: 'streaming-03-analytics-kjleopold' (reading from beginning)
2026-06-02 14:24:44 | INFO | C03 | ========================
2026-06-02 14:24:44 | INFO | C03 | SECTION C. Consume and Process Messages
2026-06-02 14:24:44 | INFO | C03 | ========================
2026-06-02 14:24:44 | INFO | C03 | Initializing output...
2026-06-02 14:24:44 | INFO | C03 | Output CSV cleared: consumed_sales_kjleopold.csv
2026-06-02 14:24:44 | INFO | C03 | Loading enrichment reference data...
2026-06-02 14:24:44 | INFO | C03 | Found 6 region tax rates.
2026-06-02 14:24:44 | INFO | C03 | Consuming messages...
2026-06-02 14:24:44 | INFO | C03 | Waiting for up to 1000 message(s).
2026-06-02 14:24:44 | INFO | C03 | Press CTRL+C to stop early.

2026-06-02 14:24:45 | INFO | P03 | {
  order_id: 14da1915-8e74-47be-9e10-f7275d31af46
  datetime: 2026-05-04T08:28:00Z
  region_id: CA-QC
  currency_code: CAD
  product_id: PY-NLP-006
  unit_price: 54.99
  quantity: 1
  is_online: true
  customer_id: CUST-2133
  is_new_customer: false
  device_type: desktop
  payment_method: paypal
  referral_source: organic
  discount_code: 
  customer_note: Learning at my own pace
}
2026-06-02 14:24:45 | INFO | P03 |   Sending message with key=CA-QC
2026-06-02 14:24:45 | INFO | P03 |   MESSAGE SENT  sent=3
2026-06-02 14:24:46 | INFO | P03 | {
  order_id: d77ed935-9b28-431d-bc25-0a3fd98f4154
  datetime: 2026-05-04T08:40:00Z
  region_id: US-CA
  currency_code: USD
  product_id: PY-STREAM-005
  unit_price: 59.99
  quantity: 1
  is_online: true
  customer_id: CUST-5333
  is_new_customer: false
  device_type: mobile
  payment_method: paypal
  referral_source: organic
  discount_code: 
  customer_note: Highly recommend
}
2026-06-02 14:24:46 | INFO | P03 |   Sending message with key=US-CA
2026-06-02 14:24:46 | INFO | P03 |   MESSAGE SENT  sent=4
2026-06-02 14:24:47 | INFO | P03 | {
  order_id: 24b91995-25f8-4ad7-8fa6-2e4c15750e5e
  datetime: 2026-05-04T08:41:00Z
  region_id: US-MO
  currency_code: USD
  product_id: PY-VIZ-003
  unit_price: 39.99
  quantity: 1
  is_online: true
  customer_id: CUST-8573
  is_new_customer: false
  device_type: mobile
  payment_method: apple_pay
  referral_source: paid_search
  discount_code: 
  customer_note: Learning at my own pace
}
2026-06-02 14:24:47 | INFO | P03 |   Sending message with key=US-MO
2026-06-02 14:24:47 | INFO | C03 | {'currency_code': 'USD', 'customer_id': 'CUST-4150', 'customer_note': 'Gift for my team', 'datetime': '2026-05-04T08:11:00Z', 'device_type': 'tablet', 'discount_code': '', 'is_new_customer': 'false', 'is_online': 'true', 'order_id': 'e7324981-a9f0-419f-b708-d0a333451fff', 'payment_method': 'paypal', 'product_id': 'PY-STREAM-005', 'quantity': '3', 'referral_source': 'paid_search', 'region_id': 'US-TX', 'unit_price': '59.99', '_kafka_key': 'US-TX', '_kafka_partition': 0, '_kafka_offset': 0}
2026-06-02 14:24:47 | INFO | C03 | subtotal=179.97
2026-06-02 14:24:47 | INFO | C03 | tax=14.85
2026-06-02 14:24:47 | INFO | C03 | total=194.82
2026-06-02 14:24:47 | INFO | C03 | running_total=194.82
2026-06-02 14:24:47 | INFO | C03 | Sale is below average.
2026-06-02 14:24:47 | INFO | C03 | MESSAGE ACCEPTED
2026-06-02 14:24:47 | INFO | C03 | order=e7324981-a9f0-419f-b708-d0a333451fff
2026-06-02 14:24:47 | INFO | C03 | total=$194.82
2026-06-02 14:24:47 | INFO | C03 | consumed=1
2026-06-02 14:24:47 | INFO | C03 | RUNNING STATS
2026-06-02 14:24:47 | INFO | C03 | total_sales=$194.82
2026-06-02 14:24:47 | INFO | C03 | average=$194.82
2026-06-02 14:24:47 | INFO | C03 | min=$194.82
2026-06-02 14:24:47 | INFO | C03 | max=$194.82
2026-06-02 14:24:47 | INFO | C03 | {'currency_code': 'USD', 'customer_id': 'CUST-1106', 'customer_note': 'Gift for my team', 'datetime': '2026-05-04T08:23:00Z', 'device_type': 'mobile', 'discount_code': '', 'is_new_customer': 'false', 'is_online': 'true', 'order_id': 'd61943e0-f543-4b5f-9c9a-18605ea4cfe5', 'payment_method': 'paypal', 'product_id': 'PY-DATA-002', 'quantity': '1', 'referral_source': 'paid_search', 'region_id': 'US-TX', 'unit_price': '49.99', '_kafka_key': 'US-TX', '_kafka_partition': 0, '_kafka_offset': 1}
2026-06-02 14:24:47 | INFO | C03 | subtotal=49.99
2026-06-02 14:24:47 | INFO | C03 | tax=4.12
2026-06-02 14:24:47 | INFO | C03 | total=54.11
2026-06-02 14:24:47 | INFO | C03 | running_total=248.93
2026-06-02 14:24:47 | INFO | C03 | Sale is below average.
2026-06-02 14:24:47 | INFO | C03 | MESSAGE ACCEPTED
2026-06-02 14:24:47 | INFO | C03 | order=d61943e0-f543-4b5f-9c9a-18605ea4cfe5
2026-06-02 14:24:47 | INFO | C03 | total=$54.11
2026-06-02 14:24:47 | INFO | C03 | consumed=2
2026-06-02 14:24:47 | INFO | C03 | RUNNING STATS
2026-06-02 14:24:47 | INFO | C03 | total_sales=$248.93
2026-06-02 14:24:47 | INFO | C03 | average=$124.47
2026-06-02 14:24:47 | INFO | C03 | min=$54.11
2026-06-02 14:24:47 | INFO | C03 | max=$194.82
2026-06-02 14:24:47 | INFO | C03 | {'currency_code': 'CAD', 'customer_id': 'CUST-2133', 'customer_note': 'Learning at my own pace', 'datetime': '2026-05-04T08:28:00Z', 'device_type': 'desktop', 'discount_code': '', 'is_new_customer': 'false', 'is_online': 'true', 'order_id': '14da1915-8e74-47be-9e10-f7275d31af46', 'payment_method': 'paypal', 'product_id': 'PY-NLP-006', 'quantity': '1', 'referral_source': 'organic', 'region_id': 'CA-QC', 'unit_price': '54.99', '_kafka_key': 'CA-QC', '_kafka_partition': 0, '_kafka_offset': 2}
2026-06-02 14:24:47 | INFO | C03 | subtotal=54.99
2026-06-02 14:24:47 | INFO | C03 | tax=8.23
2026-06-02 14:24:47 | INFO | C03 | total=63.22
2026-06-02 14:24:47 | INFO | C03 | running_total=312.15
2026-06-02 14:24:47 | INFO | C03 | Sale is below average.
2026-06-02 14:24:47 | INFO | C03 | MESSAGE ACCEPTED
2026-06-02 14:24:47 | INFO | C03 | order=14da1915-8e74-47be-9e10-f7275d31af46
2026-06-02 14:24:47 | INFO | C03 | total=$63.22
2026-06-02 14:24:47 | INFO | C03 | consumed=3
2026-06-02 14:24:47 | INFO | C03 | RUNNING STATS
2026-06-02 14:24:47 | INFO | C03 | total_sales=$312.15
2026-06-02 14:24:47 | INFO | C03 | average=$104.05
2026-06-02 14:24:47 | INFO | C03 | min=$54.11
2026-06-02 14:24:47 | INFO | C03 | max=$194.82
2026-06-02 14:24:47 | INFO | C03 | {'currency_code': 'USD', 'customer_id': 'CUST-5333', 'customer_note': 'Highly recommend', 'datetime': '2026-05-04T08:40:00Z', 'device_type': 'mobile', 'discount_code': '', 'is_new_customer': 'false', 'is_online': 'true', 'order_id': 'd77ed935-9b28-431d-bc25-0a3fd98f4154', 'payment_method': 'paypal', 'product_id': 'PY-STREAM-005', 'quantity': '1', 'referral_source': 'organic', 'region_id': 'US-CA', 'unit_price': '59.99', '_kafka_key': 'US-CA', '_kafka_partition': 0, '_kafka_offset': 3}
2026-06-02 14:24:47 | INFO | C03 | subtotal=59.99
2026-06-02 14:24:47 | INFO | C03 | tax=5.7
2026-06-02 14:24:47 | INFO | C03 | total=65.69
2026-06-02 14:24:47 | INFO | C03 | running_total=377.84
2026-06-02 14:24:47 | INFO | C03 | Sale is below average.
2026-06-02 14:24:47 | INFO | C03 | MESSAGE ACCEPTED
2026-06-02 14:24:47 | INFO | C03 | order=d77ed935-9b28-431d-bc25-0a3fd98f4154
2026-06-02 14:24:47 | INFO | C03 | total=$65.69
2026-06-02 14:24:47 | INFO | C03 | consumed=4
2026-06-02 14:24:47 | INFO | C03 | RUNNING STATS
2026-06-02 14:24:47 | INFO | C03 | total_sales=$377.84
2026-06-02 14:24:47 | INFO | C03 | average=$94.46
2026-06-02 14:24:47 | INFO | C03 | min=$54.11
2026-06-02 14:24:47 | INFO | C03 | max=$194.82
2026-06-02 14:24:47 | INFO | P03 |   MESSAGE SENT  sent=5
2026-06-02 14:24:47 | INFO | C03 | {'currency_code': 'USD', 'customer_id': 'CUST-8573', 'customer_note': 'Learning at my own pace', 'datetime': '2026-05-04T08:41:00Z', 'device_type': 'mobile', 'discount_code': '', 'is_new_customer': 'false', 'is_online': 'true', 'order_id': '24b91995-25f8-4ad7-8fa6-2e4c15750e5e', 'payment_method': 'apple_pay', 'product_id': 'PY-VIZ-003', 'quantity': '1', 'referral_source': 'paid_search', 'region_id': 'US-MO', 'unit_price': '39.99', '_kafka_key': 'US-MO', '_kafka_partition': 0, '_kafka_offset': 4}
2026-06-02 14:24:47 | INFO | C03 | subtotal=39.99
2026-06-02 14:24:47 | INFO | C03 | tax=3.2
2026-06-02 14:24:47 | INFO | C03 | total=43.19
2026-06-02 14:24:47 | INFO | C03 | running_total=421.03
2026-06-02 14:24:47 | INFO | C03 | Sale is below average.
2026-06-02 14:24:47 | INFO | C03 | MESSAGE ACCEPTED
2026-06-02 14:24:47 | INFO | C03 | order=24b91995-25f8-4ad7-8fa6-2e4c15750e5e
2026-06-02 14:24:47 | INFO | C03 | total=$43.19
2026-06-02 14:24:47 | INFO | C03 | consumed=5
2026-06-02 14:24:47 | INFO | C03 | RUNNING STATS
2026-06-02 14:24:47 | INFO | C03 | total_sales=$421.03
2026-06-02 14:24:47 | INFO | C03 | average=$84.21
2026-06-02 14:24:47 | INFO | C03 | min=$43.19
2026-06-02 14:24:47 | INFO | C03 | max=$194.82
2026-06-02 14:24:48 | INFO | P03 | {
  order_id: 1ec0fc8b-998c-4f43-8a66-19e1fa7d5fa8
  datetime: 2026-05-04T08:54:00Z
  region_id: CA-ON
  currency_code: CAD
  product_id: PY-SQL-004
  unit_price: 44.99
  quantity: 1
  is_online: true
  customer_id: CUST-8062
  is_new_customer: false
  device_type: tablet
  payment_method: paypal
  referral_source: organic
  discount_code: 
  customer_note: 
}
2026-06-02 14:24:48 | INFO | P03 |   Sending message with key=CA-ON
2026-06-02 14:24:48 | INFO | P03 |   MESSAGE SENT  sent=6
2026-06-02 14:24:48 | INFO | C03 | {'currency_code': 'CAD', 'customer_id': 'CUST-8062', 'customer_note': '', 'datetime': '2026-05-04T08:54:00Z', 'device_type': 'tablet', 'discount_code': '', 'is_new_customer': 'false', 'is_online': 'true', 'order_id': '1ec0fc8b-998c-4f43-8a66-19e1fa7d5fa8', 'payment_method': 'paypal', 'product_id': 'PY-SQL-004', 'quantity': '1', 'referral_source': 'organic', 'region_id': 'CA-ON', 'unit_price': '44.99', '_kafka_key': 'CA-ON', '_kafka_partition': 0, '_kafka_offset': 5}
2026-06-02 14:24:48 | INFO | C03 | subtotal=44.99
2026-06-02 14:24:48 | INFO | C03 | tax=5.85
2026-06-02 14:24:48 | INFO | C03 | total=50.84
2026-06-02 14:24:48 | INFO | C03 | running_total=471.87
2026-06-02 14:24:48 | INFO | C03 | Sale is below average.
2026-06-02 14:24:48 | INFO | C03 | MESSAGE ACCEPTED
2026-06-02 14:24:48 | INFO | C03 | order=1ec0fc8b-998c-4f43-8a66-19e1fa7d5fa8
2026-06-02 14:24:48 | INFO | C03 | total=$50.84
2026-06-02 14:24:48 | INFO | C03 | consumed=6
2026-06-02 14:24:48 | INFO | C03 | RUNNING STATS
2026-06-02 14:24:48 | INFO | C03 | total_sales=$471.87
2026-06-02 14:24:48 | INFO | C03 | average=$78.64
2026-06-02 14:24:48 | INFO | C03 | min=$43.19
2026-06-02 14:24:48 | INFO | C03 | max=$194.82
2026-06-02 14:24:49 | INFO | P03 | {
  order_id: 392dd49b-b385-499c-9b4a-a38387fa39ae
  datetime: 2026-05-04T09:07:00Z
  region_id: CA-ON
  currency_code: CAD
  product_id: PY-INTRO-001
  unit_price: 29.99
  quantity: 1
  is_online: false
  customer_id: CUST-9348
  is_new_customer: false
  device_type: desktop
  payment_method: credit_card
  referral_source: paid_search
  discount_code: 
  customer_note: For my study group
}
2026-06-02 14:24:49 | INFO | P03 |   Sending message with key=CA-ON
2026-06-02 14:24:49 | INFO | P03 |   MESSAGE SENT  sent=7
2026-06-02 14:24:49 | INFO | C03 | {'currency_code': 'CAD', 'customer_id': 'CUST-9348', 'customer_note': 'For my study group', 'datetime': '2026-05-04T09:07:00Z', 'device_type': 'desktop', 'discount_code': '', 'is_new_customer': 'false', 'is_online': 'false', 'order_id': '392dd49b-b385-499c-9b4a-a38387fa39ae', 'payment_method': 'credit_card', 'product_id': 'PY-INTRO-001', 'quantity': '1', 'referral_source': 'paid_search', 'region_id': 'CA-ON', 'unit_price': '29.99', '_kafka_key': 'CA-ON', '_kafka_partition': 0, '_kafka_offset': 6}
2026-06-02 14:24:49 | INFO | C03 | subtotal=29.99
2026-06-02 14:24:49 | INFO | C03 | tax=3.9
2026-06-02 14:24:49 | INFO | C03 | total=33.89
2026-06-02 14:24:49 | INFO | C03 | running_total=505.76
2026-06-02 14:24:49 | INFO | C03 | Sale is below average.
2026-06-02 14:24:49 | INFO | C03 | MESSAGE ACCEPTED
2026-06-02 14:24:49 | INFO | C03 | order=392dd49b-b385-499c-9b4a-a38387fa39ae
2026-06-02 14:24:49 | INFO | C03 | total=$33.89
2026-06-02 14:24:49 | INFO | C03 | consumed=7
2026-06-02 14:24:49 | INFO | C03 | RUNNING STATS
2026-06-02 14:24:49 | INFO | C03 | total_sales=$505.76
2026-06-02 14:24:49 | INFO | C03 | average=$72.25
2026-06-02 14:24:49 | INFO | C03 | min=$33.89
2026-06-02 14:24:49 | INFO | C03 | max=$194.82
2026-06-02 14:24:50 | INFO | P03 | {
  order_id: 02782ab7-dd7d-4ebe-8abc-ef81cdc4193b
  datetime: 2026-05-04T09:15:00Z
  region_id: US-CA
  currency_code: USD
  product_id: PY-VIZ-003
  unit_price: 39.99
  quantity: 1
  is_online: true
  customer_id: CUST-5889
  is_new_customer: false
  device_type: tablet
  payment_method: paypal
  referral_source: organic
  discount_code: 
  customer_note: 
}
2026-06-02 14:24:50 | INFO | P03 |   Sending message with key=US-CA
2026-06-02 14:24:50 | INFO | P03 |   MESSAGE SENT  sent=8
2026-06-02 14:24:50 | INFO | C03 | {'currency_code': 'USD', 'customer_id': 'CUST-5889', 'customer_note': '', 'datetime': '2026-05-04T09:15:00Z', 'device_type': 'tablet', 'discount_code': '', 'is_new_customer': 'false', 'is_online': 'true', 'order_id': '02782ab7-dd7d-4ebe-8abc-ef81cdc4193b', 'payment_method': 'paypal', 'product_id': 'PY-VIZ-003', 'quantity': '1', 'referral_source': 'organic', 'region_id': 'US-CA', 'unit_price': '39.99', '_kafka_key': 'US-CA', '_kafka_partition': 0, '_kafka_offset': 7}
2026-06-02 14:24:50 | INFO | C03 | subtotal=39.99
2026-06-02 14:24:50 | INFO | C03 | tax=3.8
2026-06-02 14:24:50 | INFO | C03 | total=43.79
2026-06-02 14:24:50 | INFO | C03 | running_total=549.55
2026-06-02 14:24:50 | INFO | C03 | Sale is below average.
2026-06-02 14:24:50 | INFO | C03 | MESSAGE ACCEPTED
2026-06-02 14:24:50 | INFO | C03 | order=02782ab7-dd7d-4ebe-8abc-ef81cdc4193b
2026-06-02 14:24:50 | INFO | C03 | total=$43.79
2026-06-02 14:24:50 | INFO | C03 | consumed=8
2026-06-02 14:24:50 | INFO | C03 | RUNNING STATS
2026-06-02 14:24:50 | INFO | C03 | total_sales=$549.55
2026-06-02 14:24:50 | INFO | C03 | average=$68.69
2026-06-02 14:24:50 | INFO | C03 | min=$33.89
2026-06-02 14:24:50 | INFO | C03 | max=$194.82
2026-06-02 14:24:51 | INFO | P03 | {
  order_id: 67bd3492-cc96-429a-9a91-1b4d2132d261
  datetime: 2026-05-04T09:19:00Z
  region_id: CA-ON
  currency_code: CAD
  product_id: PY-VIZ-003
  unit_price: 39.99
  quantity: 1
  is_online: true
  customer_id: CUST-4770
  is_new_customer: false
  device_type: desktop
  payment_method: credit_card
  referral_source: paid_search
  discount_code: 
  customer_note: Excellent content
}
2026-06-02 14:24:51 | INFO | P03 |   Sending message with key=CA-ON
2026-06-02 14:24:51 | INFO | P03 |   MESSAGE SENT  sent=9
2026-06-02 14:24:51 | INFO | C03 | {'currency_code': 'CAD', 'customer_id': 'CUST-4770', 'customer_note': 'Excellent content', 'datetime': '2026-05-04T09:19:00Z', 'device_type': 'desktop', 'discount_code': '', 'is_new_customer': 'false', 'is_online': 'true', 'order_id': '67bd3492-cc96-429a-9a91-1b4d2132d261', 'payment_method': 'credit_card', 'product_id': 'PY-VIZ-003', 'quantity': '1', 'referral_source': 'paid_search', 'region_id': 'CA-ON', 'unit_price': '39.99', '_kafka_key': 'CA-ON', '_kafka_partition': 0, '_kafka_offset': 8}
2026-06-02 14:24:51 | INFO | C03 | subtotal=39.99
2026-06-02 14:24:51 | INFO | C03 | tax=5.2
2026-06-02 14:24:51 | INFO | C03 | total=45.19
2026-06-02 14:24:51 | INFO | C03 | running_total=594.74
2026-06-02 14:24:51 | INFO | C03 | Sale is below average.
2026-06-02 14:24:51 | INFO | C03 | MESSAGE ACCEPTED
2026-06-02 14:24:51 | INFO | C03 | order=67bd3492-cc96-429a-9a91-1b4d2132d261
2026-06-02 14:24:51 | INFO | C03 | total=$45.19
2026-06-02 14:24:51 | INFO | C03 | consumed=9
2026-06-02 14:24:51 | INFO | C03 | RUNNING STATS
2026-06-02 14:24:51 | INFO | C03 | total_sales=$594.74
2026-06-02 14:24:51 | INFO | C03 | average=$66.08
2026-06-02 14:24:51 | INFO | C03 | min=$33.89
2026-06-02 14:24:51 | INFO | C03 | max=$194.82
2026-06-02 14:24:52 | INFO | P03 | {
  order_id: 0a021628-6937-4876-8875-b00c07a39e0f
  datetime: 2026-05-04T09:37:00Z
  region_id: MX-CMX
  currency_code: MXN
  product_id: PY-DATA-002
  unit_price: 49.99
  quantity: 1
  is_online: true
  customer_id: CUST-6168
  is_new_customer: false
  device_type: desktop
  payment_method: paypal
  referral_source: organic
  discount_code: 
  customer_note: 
}
2026-06-02 14:24:52 | INFO | P03 |   Sending message with key=MX-CMX
2026-06-02 14:24:52 | INFO | P03 |   MESSAGE SENT  sent=10
2026-06-02 14:24:52 | INFO | C03 | {'currency_code': 'MXN', 'customer_id': 'CUST-6168', 'customer_note': '', 'datetime': '2026-05-04T09:37:00Z', 'device_type': 'desktop', 'discount_code': '', 'is_new_customer': 'false', 'is_online': 'true', 'order_id': '0a021628-6937-4876-8875-b00c07a39e0f', 'payment_method': 'paypal', 'product_id': 'PY-DATA-002', 'quantity': '1', 'referral_source': 'organic', 'region_id': 'MX-CMX', 'unit_price': '49.99', '_kafka_key': 'MX-CMX', '_kafka_partition': 0, '_kafka_offset': 9}
2026-06-02 14:24:52 | INFO | C03 | subtotal=49.99
2026-06-02 14:24:52 | INFO | C03 | tax=8.0
2026-06-02 14:24:52 | INFO | C03 | total=57.99
2026-06-02 14:24:52 | INFO | C03 | running_total=652.73
2026-06-02 14:24:52 | INFO | C03 | Sale is below average.
2026-06-02 14:24:52 | INFO | C03 | MESSAGE ACCEPTED
2026-06-02 14:24:52 | INFO | C03 | order=0a021628-6937-4876-8875-b00c07a39e0f
2026-06-02 14:24:52 | INFO | C03 | total=$57.99
2026-06-02 14:24:52 | INFO | C03 | consumed=10
2026-06-02 14:24:52 | INFO | C03 | RUNNING STATS
2026-06-02 14:24:52 | INFO | C03 | total_sales=$652.73
2026-06-02 14:24:52 | INFO | C03 | average=$65.27
2026-06-02 14:24:52 | INFO | C03 | min=$33.89
2026-06-02 14:24:52 | INFO | C03 | max=$194.82
2026-06-02 14:24:53 | INFO | P03 | {
  order_id: b05fc600-a5fc-4826-934c-cc1f188b0715
  datetime: 2026-05-04T09:42:00Z
  region_id: US-MO
  currency_code: USD
  product_id: PY-DATA-002
  unit_price: 49.99
  quantity: 3
  is_online: true
  customer_id: CUST-3340
  is_new_customer: false
  device_type: tablet
  payment_method: credit_card
  referral_source: organic
  discount_code: 
  customer_note: Recommended by a colleague
}
2026-06-02 14:24:53 | INFO | P03 |   Sending message with key=US-MO
2026-06-02 14:24:53 | INFO | P03 |   MESSAGE SENT  sent=11
2026-06-02 14:24:53 | INFO | C03 | {'currency_code': 'USD', 'customer_id': 'CUST-3340', 'customer_note': 'Recommended by a colleague', 'datetime': '2026-05-04T09:42:00Z', 'device_type': 'tablet', 'discount_code': '', 'is_new_customer': 'false', 'is_online': 'true', 'order_id': 'b05fc600-a5fc-4826-934c-cc1f188b0715', 'payment_method': 'credit_card', 'product_id': 'PY-DATA-002', 'quantity': '3', 'referral_source': 'organic', 'region_id': 'US-MO', 'unit_price': '49.99', '_kafka_key': 'US-MO', '_kafka_partition': 0, '_kafka_offset': 10}
2026-06-02 14:24:53 | INFO | C03 | subtotal=149.97
2026-06-02 14:24:53 | INFO | C03 | tax=12.0
2026-06-02 14:24:53 | INFO | C03 | total=161.97
2026-06-02 14:24:53 | INFO | C03 | running_total=814.70
2026-06-02 14:24:53 | INFO | C03 | Sale is above average.
2026-06-02 14:24:53 | INFO | C03 | MESSAGE ACCEPTED
2026-06-02 14:24:53 | INFO | C03 | order=b05fc600-a5fc-4826-934c-cc1f188b0715
2026-06-02 14:24:53 | INFO | C03 | total=$161.97
2026-06-02 14:24:53 | INFO | C03 | consumed=11
2026-06-02 14:24:53 | INFO | C03 | RUNNING STATS
2026-06-02 14:24:53 | INFO | C03 | total_sales=$814.70
2026-06-02 14:24:53 | INFO | C03 | average=$74.06
2026-06-02 14:24:53 | INFO | C03 | min=$33.89
2026-06-02 14:24:53 | INFO | C03 | max=$194.82
2026-06-02 14:24:54 | INFO | P03 | {
  order_id: 03d437fb-6966-47ad-a67a-728630c8b3f8
  datetime: 2026-05-04T10:06:00Z
  region_id: US-MO
  currency_code: USD
  product_id: PY-INTRO-001
  unit_price: 29.99
  quantity: 1
  is_online: true
  customer_id: CUST-8668
  is_new_customer: false
  device_type: mobile
  payment_method: apple_pay
  referral_source: email
  discount_code: 
  customer_note: 
}
2026-06-02 14:24:54 | INFO | P03 |   Sending message with key=US-MO
2026-06-02 14:24:54 | INFO | P03 |   MESSAGE SENT  sent=12
2026-06-02 14:24:54 | INFO | C03 | {'currency_code': 'USD', 'customer_id': 'CUST-8668', 'customer_note': '', 'datetime': '2026-05-04T10:06:00Z', 'device_type': 'mobile', 'discount_code': '', 'is_new_customer': 'false', 'is_online': 'true', 'order_id': '03d437fb-6966-47ad-a67a-728630c8b3f8', 'payment_method': 'apple_pay', 'product_id': 'PY-INTRO-001', 'quantity': '1', 'referral_source': 'email', 'region_id': 'US-MO', 'unit_price': '29.99', '_kafka_key': 'US-MO', '_kafka_partition': 0, '_kafka_offset': 11}
2026-06-02 14:24:54 | INFO | C03 | subtotal=29.99
2026-06-02 14:24:54 | INFO | C03 | tax=2.4
2026-06-02 14:24:54 | INFO | C03 | total=32.39
2026-06-02 14:24:54 | INFO | C03 | running_total=847.09
2026-06-02 14:24:54 | INFO | C03 | Sale is below average.
2026-06-02 14:24:54 | INFO | C03 | MESSAGE ACCEPTED
2026-06-02 14:24:54 | INFO | C03 | order=03d437fb-6966-47ad-a67a-728630c8b3f8
2026-06-02 14:24:54 | INFO | C03 | total=$32.39
2026-06-02 14:24:54 | INFO | C03 | consumed=12
2026-06-02 14:24:54 | INFO | C03 | RUNNING STATS
2026-06-02 14:24:54 | INFO | C03 | total_sales=$847.09
2026-06-02 14:24:54 | INFO | C03 | average=$70.59
2026-06-02 14:24:54 | INFO | C03 | min=$32.39
2026-06-02 14:24:54 | INFO | C03 | max=$194.82
2026-06-02 14:24:55 | INFO | P03 | Checking for rejected records...
2026-06-02 14:24:55 | INFO | P03 |   No records rejected.
2026-06-02 14:24:55 | INFO | P03 | ========================
2026-06-02 14:24:55 | INFO | P03 | SECTION E. Exit
2026-06-02 14:24:55 | INFO | P03 | ========================
2026-06-02 14:24:55 | INFO | P03 | Summary:
2026-06-02 14:24:55 | INFO | P03 | Sent 12 message(s) to topic 'streaming-03-analytics-kjleopold'.
2026-06-02 14:24:55 | INFO | P03 | Rejected 0 message(s).
2026-06-02 14:24:55 | INFO | P03 | ========================
2026-06-02 14:24:55 | INFO | P03 | Producer executed successfully!
2026-06-02 14:24:55 | INFO | P03 | ========================
2026-06-02 14:25:04 | INFO | C03 | No message received within 10.0s timeout.
2026-06-02 14:25:04 | INFO | C03 | Producer finished or paused. Stopping consumer.
2026-06-02 14:25:04 | INFO | C03 | Kafka consumer closed.
2026-06-02 14:25:04 | INFO | C03 | ========================
2026-06-02 14:25:04 | INFO | C03 | SECTION E. Exit
2026-06-02 14:25:04 | INFO | C03 | ========================
2026-06-02 14:25:04 | INFO | C03 | Summary:
2026-06-02 14:25:04 | INFO | C03 | Consumed 12 message(s) from topic 'streaming-03-analytics-kjleopold'.
2026-06-02 14:25:04 | INFO | C03 | Skipped  0 message(s).
2026-06-02 14:25:04 | INFO | C03 | OUTPUT_CSV = data\output\consumed_sales_kjleopold.csv
2026-06-02 14:25:04 | INFO | C03 |   Total sales:  $847.09
2026-06-02 14:25:04 | INFO | C03 |   Average sale: $70.59
2026-06-02 14:25:04 | INFO | C03 |   Minimum sale: $32.39
2026-06-02 14:25:04 | INFO | C03 |   Maximum sale: $194.82
2026-06-02 14:25:04 | INFO | C03 | ========================
2026-06-02 14:25:04 | INFO | C03 | Consumer executed successfully!
2026-06-02 14:25:04 | INFO | C03 | ========================
2026-06-02 15:11:26 | DEBUG | P03 | KAFKA_BOOTSTRAP_SERVERS           = localhost:9092
2026-06-02 15:11:26 | DEBUG | P03 | KAFKA_BROKER_ADDRESS_FAMILY       = v6
2026-06-02 15:11:26 | DEBUG | P03 | KAFKA_TOPIC                       = streaming-03-analytics-kjleopold
2026-06-02 15:11:26 | DEBUG | P03 | KAFKA_CLEAR_TOPIC_ON_START        = true
2026-06-02 15:11:26 | DEBUG | P03 | PRODUCER_MESSAGE_COUNT            = 12
2026-06-02 15:11:26 | DEBUG | P03 | PRODUCER_MESSAGE_INTERVAL_SECONDS = 1
2026-06-02 15:11:26 | DEBUG | P03 | PRODUCER_MAX_MESSAGES             = 50
2026-06-02 15:11:26 | DEBUG | P03 | PRODUCER_POLL_INTERVAL_SECONDS    = 15
2026-06-02 15:11:26 | DEBUG | P03 | KAFKA_GROUP_ID                    = streaming-consumer-group-A
2026-06-02 15:11:26 | DEBUG | P03 | KAFKA_AUTO_OFFSET_RESET           = earliest
2026-06-02 15:11:26 | DEBUG | P03 | CONSUMER_TIMEOUT_SECONDS          = 10
2026-06-02 15:11:26 | DEBUG | P03 | CONSUMER_MAX_MESSAGES             = 1000
2026-06-02 15:11:26 | INFO | P03 | === RUN START ===
2026-06-02 15:11:26 | INFO | P03 | project=P03
2026-06-02 15:11:26 | INFO | P03 | repo_dir=streaming-03-analytics
2026-06-02 15:11:26 | INFO | P03 | python=3.14.3
2026-06-02 15:11:26 | INFO | P03 | os=Windows 11
2026-06-02 15:11:26 | INFO | P03 | shell=powershell
2026-06-02 15:11:26 | INFO | P03 | cwd=.
2026-06-02 15:11:26 | INFO | P03 | github_actions=False
2026-06-02 15:11:26 | INFO | P03 | ========================
2026-06-02 15:11:26 | INFO | P03 | START producer main()
2026-06-02 15:11:26 | INFO | P03 | ========================
2026-06-02 15:11:26 | INFO | P03 | ROOT_DIR = .
2026-06-02 15:11:26 | INFO | P03 | DATA_DIR = data
2026-06-02 15:11:26 | INFO | P03 | SALES_CSV = data\sales.csv
2026-06-02 15:11:26 | INFO | P03 | REGIONS_CSV = data\regions.csv
2026-06-02 15:11:26 | INFO | P03 | PRODUCTS_CSV = data\products.csv
2026-06-02 15:11:26 | INFO | P03 | REJECTED_SALES_CSV = data\output\producer_rejected_sales.csv
2026-06-02 15:11:26 | INFO | P03 | ========================
2026-06-02 15:11:26 | INFO | P03 | SECTION A. Acquire
2026-06-02 15:11:26 | INFO | P03 | ========================
2026-06-02 15:11:26 | INFO | P03 | Loading settings from .env...
2026-06-02 15:11:26 | INFO | P03 | KAFKA_BOOTSTRAP_SERVERS           = localhost:9092
2026-06-02 15:11:26 | INFO | P03 | KAFKA_TOPIC                       = streaming-03-analytics-kjleopold
2026-06-02 15:11:26 | INFO | P03 | PRODUCER_MESSAGE_COUNT            = 12
2026-06-02 15:11:26 | INFO | P03 | PRODUCER_MESSAGE_INTERVAL_SECONDS = 1.0
2026-06-02 15:11:26 | INFO | P03 | KAFKA_CLEAR_TOPIC_ON_START        = True
2026-06-02 15:11:26 | INFO | P03 | Verifying Kafka connection...
2026-06-02 15:11:26 | INFO | P03 | Kafka port is reachable.
2026-06-02 15:11:26 | INFO | P03 | Loading validation reference data...
2026-06-02 15:11:26 | INFO | P03 | Found 6 valid regions, 
2026-06-02 15:11:26 | INFO | P03 | 6 valid products.
2026-06-02 15:11:26 | INFO | P03 | ========================
2026-06-02 15:11:26 | INFO | P03 | SECTION P. Produce Messages
2026-06-02 15:11:26 | INFO | P03 | ========================
2026-06-02 15:11:26 | INFO | P03 | Initializing output...
2026-06-02 15:11:26 | INFO | P03 | Output directory ready: output
2026-06-02 15:11:26 | INFO | P03 | Sending messages...
2026-06-02 15:11:26 | INFO | P03 | Sending up to 12 message(s) to topic 'streaming-03-analytics-kjleopold'.
2026-06-02 15:11:26 | INFO | P03 | Watch each sale arrive. Press CTRL+C to stop early.

2026-06-02 15:11:26 | INFO | P03 | {
  order_id: e7324981-a9f0-419f-b708-d0a333451fff
  datetime: 2026-05-04T08:11:00Z
  region_id: US-TX
  currency_code: USD
  product_id: PY-STREAM-005
  unit_price: 59.99
  quantity: 3
  is_online: true
  customer_id: CUST-4150
  is_new_customer: false
  device_type: tablet
  payment_method: paypal
  referral_source: paid_search
  discount_code: 
  customer_note: Gift for my team
}
2026-06-02 15:11:26 | INFO | P03 |   Sending message with key=US-TX
2026-06-02 15:11:26 | INFO | P03 |   MESSAGE SENT  sent=1
2026-06-02 15:11:27 | INFO | P03 | {
  order_id: d61943e0-f543-4b5f-9c9a-18605ea4cfe5
  datetime: 2026-05-04T08:23:00Z
  region_id: US-TX
  currency_code: USD
  product_id: PY-DATA-002
  unit_price: 49.99
  quantity: 1
  is_online: true
  customer_id: CUST-1106
  is_new_customer: false
  device_type: mobile
  payment_method: paypal
  referral_source: paid_search
  discount_code: 
  customer_note: Gift for my team
}
2026-06-02 15:11:27 | INFO | P03 |   Sending message with key=US-TX
2026-06-02 15:11:27 | INFO | P03 |   MESSAGE SENT  sent=2
2026-06-02 15:11:28 | INFO | P03 | {
  order_id: 14da1915-8e74-47be-9e10-f7275d31af46
  datetime: 2026-05-04T08:28:00Z
  region_id: CA-QC
  currency_code: CAD
  product_id: PY-NLP-006
  unit_price: 54.99
  quantity: 1
  is_online: true
  customer_id: CUST-2133
  is_new_customer: false
  device_type: desktop
  payment_method: paypal
  referral_source: organic
  discount_code: 
  customer_note: Learning at my own pace
}
2026-06-02 15:11:28 | INFO | P03 |   Sending message with key=CA-QC
2026-06-02 15:11:28 | INFO | P03 |   MESSAGE SENT  sent=3
2026-06-02 15:11:29 | INFO | P03 | {
  order_id: d77ed935-9b28-431d-bc25-0a3fd98f4154
  datetime: 2026-05-04T08:40:00Z
  region_id: US-CA
  currency_code: USD
  product_id: PY-STREAM-005
  unit_price: 59.99
  quantity: 1
  is_online: true
  customer_id: CUST-5333
  is_new_customer: false
  device_type: mobile
  payment_method: paypal
  referral_source: organic
  discount_code: 
  customer_note: Highly recommend
}
2026-06-02 15:11:29 | INFO | P03 |   Sending message with key=US-CA
2026-06-02 15:11:29 | INFO | P03 |   MESSAGE SENT  sent=4
2026-06-02 15:11:30 | INFO | P03 | {
  order_id: 24b91995-25f8-4ad7-8fa6-2e4c15750e5e
  datetime: 2026-05-04T08:41:00Z
  region_id: US-MO
  currency_code: USD
  product_id: PY-VIZ-003
  unit_price: 39.99
  quantity: 1
  is_online: true
  customer_id: CUST-8573
  is_new_customer: false
  device_type: mobile
  payment_method: apple_pay
  referral_source: paid_search
  discount_code: 
  customer_note: Learning at my own pace
}
2026-06-02 15:11:30 | INFO | P03 |   Sending message with key=US-MO
2026-06-02 15:11:30 | INFO | P03 |   MESSAGE SENT  sent=5
2026-06-02 15:11:31 | INFO | P03 | {
  order_id: 1ec0fc8b-998c-4f43-8a66-19e1fa7d5fa8
  datetime: 2026-05-04T08:54:00Z
  region_id: CA-ON
  currency_code: CAD
  product_id: PY-SQL-004
  unit_price: 44.99
  quantity: 1
  is_online: true
  customer_id: CUST-8062
  is_new_customer: false
  device_type: tablet
  payment_method: paypal
  referral_source: organic
  discount_code: 
  customer_note: 
}
2026-06-02 15:11:31 | INFO | P03 |   Sending message with key=CA-ON
2026-06-02 15:11:31 | INFO | P03 |   MESSAGE SENT  sent=6
2026-06-02 15:11:32 | INFO | P03 | {
  order_id: 392dd49b-b385-499c-9b4a-a38387fa39ae
  datetime: 2026-05-04T09:07:00Z
  region_id: CA-ON
  currency_code: CAD
  product_id: PY-INTRO-001
  unit_price: 29.99
  quantity: 1
  is_online: false
  customer_id: CUST-9348
  is_new_customer: false
  device_type: desktop
  payment_method: credit_card
  referral_source: paid_search
  discount_code: 
  customer_note: For my study group
}
2026-06-02 15:11:32 | INFO | P03 |   Sending message with key=CA-ON
2026-06-02 15:11:33 | INFO | P03 |   MESSAGE SENT  sent=7
2026-06-02 15:11:34 | INFO | P03 | {
  order_id: 02782ab7-dd7d-4ebe-8abc-ef81cdc4193b
  datetime: 2026-05-04T09:15:00Z
  region_id: US-CA
  currency_code: USD
  product_id: PY-VIZ-003
  unit_price: 39.99
  quantity: 1
  is_online: true
  customer_id: CUST-5889
  is_new_customer: false
  device_type: tablet
  payment_method: paypal
  referral_source: organic
  discount_code: 
  customer_note: 
}
2026-06-02 15:11:34 | INFO | P03 |   Sending message with key=US-CA
2026-06-02 15:11:34 | INFO | P03 |   MESSAGE SENT  sent=8
2026-06-02 15:11:35 | INFO | P03 | {
  order_id: 67bd3492-cc96-429a-9a91-1b4d2132d261
  datetime: 2026-05-04T09:19:00Z
  region_id: CA-ON
  currency_code: CAD
  product_id: PY-VIZ-003
  unit_price: 39.99
  quantity: 1
  is_online: true
  customer_id: CUST-4770
  is_new_customer: false
  device_type: desktop
  payment_method: credit_card
  referral_source: paid_search
  discount_code: 
  customer_note: Excellent content
}
2026-06-02 15:11:35 | INFO | P03 |   Sending message with key=CA-ON
2026-06-02 15:11:35 | INFO | P03 |   MESSAGE SENT  sent=9
2026-06-02 15:11:36 | INFO | P03 | {
  order_id: 0a021628-6937-4876-8875-b00c07a39e0f
  datetime: 2026-05-04T09:37:00Z
  region_id: MX-CMX
  currency_code: MXN
  product_id: PY-DATA-002
  unit_price: 49.99
  quantity: 1
  is_online: true
  customer_id: CUST-6168
  is_new_customer: false
  device_type: desktop
  payment_method: paypal
  referral_source: organic
  discount_code: 
  customer_note: 
}
2026-06-02 15:11:36 | INFO | P03 |   Sending message with key=MX-CMX
2026-06-02 15:11:36 | INFO | P03 |   MESSAGE SENT  sent=10
2026-06-02 15:11:37 | INFO | P03 | {
  order_id: b05fc600-a5fc-4826-934c-cc1f188b0715
  datetime: 2026-05-04T09:42:00Z
  region_id: US-MO
  currency_code: USD
  product_id: PY-DATA-002
  unit_price: 49.99
  quantity: 3
  is_online: true
  customer_id: CUST-3340
  is_new_customer: false
  device_type: tablet
  payment_method: credit_card
  referral_source: organic
  discount_code: 
  customer_note: Recommended by a colleague
}
2026-06-02 15:11:37 | INFO | P03 |   Sending message with key=US-MO
2026-06-02 15:11:37 | INFO | P03 |   MESSAGE SENT  sent=11
2026-06-02 15:11:38 | INFO | P03 | {
  order_id: 03d437fb-6966-47ad-a67a-728630c8b3f8
  datetime: 2026-05-04T10:06:00Z
  region_id: US-MO
  currency_code: USD
  product_id: PY-INTRO-001
  unit_price: 29.99
  quantity: 1
  is_online: true
  customer_id: CUST-8668
  is_new_customer: false
  device_type: mobile
  payment_method: apple_pay
  referral_source: email
  discount_code: 
  customer_note: 
}
2026-06-02 15:11:38 | INFO | P03 |   Sending message with key=US-MO
2026-06-02 15:11:38 | INFO | P03 |   MESSAGE SENT  sent=12
2026-06-02 15:11:39 | INFO | P03 | Checking for rejected records...
2026-06-02 15:11:39 | INFO | P03 |   No records rejected.
2026-06-02 15:11:39 | INFO | P03 | ========================
2026-06-02 15:11:39 | INFO | P03 | SECTION E. Exit
2026-06-02 15:11:39 | INFO | P03 | ========================
2026-06-02 15:11:39 | INFO | P03 | Summary:
2026-06-02 15:11:39 | INFO | P03 | Sent 12 message(s) to topic 'streaming-03-analytics-kjleopold'.
2026-06-02 15:11:39 | INFO | P03 | Rejected 0 message(s).
2026-06-02 15:11:39 | INFO | P03 | ========================
2026-06-02 15:11:39 | INFO | P03 | Producer executed successfully!
2026-06-02 15:11:39 | INFO | P03 | ========================
2026-06-02 15:13:53 | DEBUG | P03 | KAFKA_BOOTSTRAP_SERVERS           = localhost:9092
2026-06-02 15:13:53 | DEBUG | P03 | KAFKA_BROKER_ADDRESS_FAMILY       = v6
2026-06-02 15:13:53 | DEBUG | P03 | KAFKA_TOPIC                       = streaming-03-analytics-kjleopold
2026-06-02 15:13:53 | DEBUG | P03 | KAFKA_CLEAR_TOPIC_ON_START        = true
2026-06-02 15:13:53 | DEBUG | P03 | PRODUCER_MESSAGE_COUNT            = 12
2026-06-02 15:13:53 | DEBUG | P03 | PRODUCER_MESSAGE_INTERVAL_SECONDS = 1
2026-06-02 15:13:53 | DEBUG | P03 | PRODUCER_MAX_MESSAGES             = 50
2026-06-02 15:13:53 | DEBUG | P03 | PRODUCER_POLL_INTERVAL_SECONDS    = 15
2026-06-02 15:13:53 | DEBUG | P03 | KAFKA_GROUP_ID                    = streaming-consumer-group-A
2026-06-02 15:13:53 | DEBUG | P03 | KAFKA_AUTO_OFFSET_RESET           = earliest
2026-06-02 15:13:53 | DEBUG | P03 | CONSUMER_TIMEOUT_SECONDS          = 10
2026-06-02 15:13:53 | DEBUG | P03 | CONSUMER_MAX_MESSAGES             = 1000
2026-06-02 15:13:53 | INFO | P03 | === RUN START ===
2026-06-02 15:13:53 | INFO | P03 | project=P03
2026-06-02 15:13:53 | INFO | P03 | repo_dir=streaming-03-analytics
2026-06-02 15:13:53 | INFO | P03 | python=3.14.3
2026-06-02 15:13:53 | INFO | P03 | os=Windows 11
2026-06-02 15:13:53 | INFO | P03 | shell=powershell
2026-06-02 15:13:53 | INFO | P03 | cwd=.
2026-06-02 15:13:53 | INFO | P03 | github_actions=False
2026-06-02 15:13:53 | INFO | P03 | ========================
2026-06-02 15:13:53 | INFO | P03 | START producer main()
2026-06-02 15:13:53 | INFO | P03 | ========================
2026-06-02 15:13:53 | INFO | P03 | ROOT_DIR = .
2026-06-02 15:13:53 | INFO | P03 | DATA_DIR = data
2026-06-02 15:13:53 | INFO | P03 | SALES_CSV = data\sales.csv
2026-06-02 15:13:53 | INFO | P03 | REGIONS_CSV = data\regions.csv
2026-06-02 15:13:53 | INFO | P03 | PRODUCTS_CSV = data\products.csv
2026-06-02 15:13:53 | INFO | P03 | REJECTED_SALES_CSV = data\output\producer_rejected_sales.csv
2026-06-02 15:13:53 | INFO | P03 | ========================
2026-06-02 15:13:53 | INFO | P03 | SECTION A. Acquire
2026-06-02 15:13:53 | INFO | P03 | ========================
2026-06-02 15:13:53 | INFO | P03 | Loading settings from .env...
2026-06-02 15:13:53 | INFO | P03 | KAFKA_BOOTSTRAP_SERVERS           = localhost:9092
2026-06-02 15:13:53 | INFO | P03 | KAFKA_TOPIC                       = streaming-03-analytics-kjleopold
2026-06-02 15:13:53 | INFO | P03 | PRODUCER_MESSAGE_COUNT            = 12
2026-06-02 15:13:53 | INFO | P03 | PRODUCER_MESSAGE_INTERVAL_SECONDS = 1.0
2026-06-02 15:13:53 | INFO | P03 | KAFKA_CLEAR_TOPIC_ON_START        = True
2026-06-02 15:13:53 | INFO | P03 | Verifying Kafka connection...
2026-06-02 15:13:53 | INFO | P03 | Kafka port is reachable.
2026-06-02 15:13:57 | INFO | P03 | Loading validation reference data...
2026-06-02 15:13:57 | INFO | P03 | Found 6 valid regions, 
2026-06-02 15:13:57 | INFO | P03 | 6 valid products.
2026-06-02 15:13:57 | INFO | P03 | ========================
2026-06-02 15:13:57 | INFO | P03 | SECTION P. Produce Messages
2026-06-02 15:13:57 | INFO | P03 | ========================
2026-06-02 15:13:57 | INFO | P03 | Initializing output...
2026-06-02 15:13:57 | INFO | P03 | Output directory ready: output
2026-06-02 15:13:57 | INFO | P03 | Sending messages...
2026-06-02 15:13:57 | INFO | P03 | Sending up to 12 message(s) to topic 'streaming-03-analytics-kjleopold'.
2026-06-02 15:13:57 | INFO | P03 | Watch each sale arrive. Press CTRL+C to stop early.

2026-06-02 15:13:57 | INFO | P03 | {
  order_id: e7324981-a9f0-419f-b708-d0a333451fff
  datetime: 2026-05-04T08:11:00Z
  region_id: US-TX
  currency_code: USD
  product_id: PY-STREAM-005
  unit_price: 59.99
  quantity: 3
  is_online: true
  customer_id: CUST-4150
  is_new_customer: false
  device_type: tablet
  payment_method: paypal
  referral_source: paid_search
  discount_code: 
  customer_note: Gift for my team
}
2026-06-02 15:13:57 | INFO | P03 |   Sending message with key=US-TX
2026-06-02 15:13:57 | INFO | P03 |   MESSAGE SENT  sent=1
2026-06-02 15:13:58 | INFO | P03 | {
  order_id: d61943e0-f543-4b5f-9c9a-18605ea4cfe5
  datetime: 2026-05-04T08:23:00Z
  region_id: US-TX
  currency_code: USD
  product_id: PY-DATA-002
  unit_price: 49.99
  quantity: 1
  is_online: true
  customer_id: CUST-1106
  is_new_customer: false
  device_type: mobile
  payment_method: paypal
  referral_source: paid_search
  discount_code: 
  customer_note: Gift for my team
}
2026-06-02 15:13:58 | INFO | P03 |   Sending message with key=US-TX
2026-06-02 15:13:58 | INFO | P03 |   MESSAGE SENT  sent=2
2026-06-02 15:13:59 | INFO | P03 | {
  order_id: 14da1915-8e74-47be-9e10-f7275d31af46
  datetime: 2026-05-04T08:28:00Z
  region_id: CA-QC
  currency_code: CAD
  product_id: PY-NLP-006
  unit_price: 54.99
  quantity: 1
  is_online: true
  customer_id: CUST-2133
  is_new_customer: false
  device_type: desktop
  payment_method: paypal
  referral_source: organic
  discount_code: 
  customer_note: Learning at my own pace
}
2026-06-02 15:13:59 | INFO | P03 |   Sending message with key=CA-QC
2026-06-02 15:13:59 | INFO | P03 |   MESSAGE SENT  sent=3
2026-06-02 15:14:00 | INFO | P03 | {
  order_id: d77ed935-9b28-431d-bc25-0a3fd98f4154
  datetime: 2026-05-04T08:40:00Z
  region_id: US-CA
  currency_code: USD
  product_id: PY-STREAM-005
  unit_price: 59.99
  quantity: 1
  is_online: true
  customer_id: CUST-5333
  is_new_customer: false
  device_type: mobile
  payment_method: paypal
  referral_source: organic
  discount_code: 
  customer_note: Highly recommend
}
2026-06-02 15:14:00 | INFO | P03 |   Sending message with key=US-CA
2026-06-02 15:14:00 | INFO | P03 |   MESSAGE SENT  sent=4
2026-06-02 15:14:01 | INFO | P03 | {
  order_id: 24b91995-25f8-4ad7-8fa6-2e4c15750e5e
  datetime: 2026-05-04T08:41:00Z
  region_id: US-MO
  currency_code: USD
  product_id: PY-VIZ-003
  unit_price: 39.99
  quantity: 1
  is_online: true
  customer_id: CUST-8573
  is_new_customer: false
  device_type: mobile
  payment_method: apple_pay
  referral_source: paid_search
  discount_code: 
  customer_note: Learning at my own pace
}
2026-06-02 15:14:01 | INFO | P03 |   Sending message with key=US-MO
2026-06-02 15:14:01 | INFO | P03 |   MESSAGE SENT  sent=5
2026-06-02 15:14:02 | INFO | P03 | {
  order_id: 1ec0fc8b-998c-4f43-8a66-19e1fa7d5fa8
  datetime: 2026-05-04T08:54:00Z
  region_id: CA-ON
  currency_code: CAD
  product_id: PY-SQL-004
  unit_price: 44.99
  quantity: 1
  is_online: true
  customer_id: CUST-8062
  is_new_customer: false
  device_type: tablet
  payment_method: paypal
  referral_source: organic
  discount_code: 
  customer_note: 
}
2026-06-02 15:14:02 | INFO | P03 |   Sending message with key=CA-ON
2026-06-02 15:14:02 | INFO | P03 |   MESSAGE SENT  sent=6
2026-06-02 15:14:03 | INFO | P03 | {
  order_id: 392dd49b-b385-499c-9b4a-a38387fa39ae
  datetime: 2026-05-04T09:07:00Z
  region_id: CA-ON
  currency_code: CAD
  product_id: PY-INTRO-001
  unit_price: 29.99
  quantity: 1
  is_online: false
  customer_id: CUST-9348
  is_new_customer: false
  device_type: desktop
  payment_method: credit_card
  referral_source: paid_search
  discount_code: 
  customer_note: For my study group
}
2026-06-02 15:14:03 | INFO | P03 |   Sending message with key=CA-ON
2026-06-02 15:14:03 | INFO | P03 |   MESSAGE SENT  sent=7
2026-06-02 15:14:04 | INFO | P03 | {
  order_id: 02782ab7-dd7d-4ebe-8abc-ef81cdc4193b
  datetime: 2026-05-04T09:15:00Z
  region_id: US-CA
  currency_code: USD
  product_id: PY-VIZ-003
  unit_price: 39.99
  quantity: 1
  is_online: true
  customer_id: CUST-5889
  is_new_customer: false
  device_type: tablet
  payment_method: paypal
  referral_source: organic
  discount_code: 
  customer_note: 
}
2026-06-02 15:14:04 | INFO | P03 |   Sending message with key=US-CA
2026-06-02 15:14:04 | INFO | P03 |   MESSAGE SENT  sent=8
2026-06-02 15:14:05 | INFO | P03 | {
  order_id: 67bd3492-cc96-429a-9a91-1b4d2132d261
  datetime: 2026-05-04T09:19:00Z
  region_id: CA-ON
  currency_code: CAD
  product_id: PY-VIZ-003
  unit_price: 39.99
  quantity: 1
  is_online: true
  customer_id: CUST-4770
  is_new_customer: false
  device_type: desktop
  payment_method: credit_card
  referral_source: paid_search
  discount_code: 
  customer_note: Excellent content
}
2026-06-02 15:14:05 | INFO | P03 |   Sending message with key=CA-ON
2026-06-02 15:14:05 | INFO | P03 |   MESSAGE SENT  sent=9
2026-06-02 15:14:06 | INFO | P03 | {
  order_id: 0a021628-6937-4876-8875-b00c07a39e0f
  datetime: 2026-05-04T09:37:00Z
  region_id: MX-CMX
  currency_code: MXN
  product_id: PY-DATA-002
  unit_price: 49.99
  quantity: 1
  is_online: true
  customer_id: CUST-6168
  is_new_customer: false
  device_type: desktop
  payment_method: paypal
  referral_source: organic
  discount_code: 
  customer_note: 
}
2026-06-02 15:14:06 | INFO | P03 |   Sending message with key=MX-CMX
2026-06-02 15:14:06 | INFO | P03 |   MESSAGE SENT  sent=10
2026-06-02 15:14:07 | INFO | P03 | {
  order_id: b05fc600-a5fc-4826-934c-cc1f188b0715
  datetime: 2026-05-04T09:42:00Z
  region_id: US-MO
  currency_code: USD
  product_id: PY-DATA-002
  unit_price: 49.99
  quantity: 3
  is_online: true
  customer_id: CUST-3340
  is_new_customer: false
  device_type: tablet
  payment_method: credit_card
  referral_source: organic
  discount_code: 
  customer_note: Recommended by a colleague
}
2026-06-02 15:14:07 | INFO | P03 |   Sending message with key=US-MO
2026-06-02 15:14:08 | INFO | P03 |   MESSAGE SENT  sent=11
2026-06-02 15:14:09 | INFO | P03 | {
  order_id: 03d437fb-6966-47ad-a67a-728630c8b3f8
  datetime: 2026-05-04T10:06:00Z
  region_id: US-MO
  currency_code: USD
  product_id: PY-INTRO-001
  unit_price: 29.99
  quantity: 1
  is_online: true
  customer_id: CUST-8668
  is_new_customer: false
  device_type: mobile
  payment_method: apple_pay
  referral_source: email
  discount_code: 
  customer_note: 
}
2026-06-02 15:14:09 | INFO | P03 |   Sending message with key=US-MO
2026-06-02 15:14:09 | INFO | P03 |   MESSAGE SENT  sent=12
2026-06-02 15:14:10 | INFO | P03 | Checking for rejected records...
2026-06-02 15:14:10 | INFO | P03 |   No records rejected.
2026-06-02 15:14:10 | INFO | P03 | ========================
2026-06-02 15:14:10 | INFO | P03 | SECTION E. Exit
2026-06-02 15:14:10 | INFO | P03 | ========================
2026-06-02 15:14:10 | INFO | P03 | Summary:
2026-06-02 15:14:10 | INFO | P03 | Sent 12 message(s) to topic 'streaming-03-analytics-kjleopold'.
2026-06-02 15:14:10 | INFO | P03 | Rejected 0 message(s).
2026-06-02 15:14:10 | INFO | P03 | ========================
2026-06-02 15:14:10 | INFO | P03 | Producer executed successfully!
2026-06-02 15:14:10 | INFO | P03 | ========================
2026-06-02 15:20:27 | DEBUG | C03 | KAFKA_BOOTSTRAP_SERVERS           = localhost:9092
2026-06-02 15:20:27 | DEBUG | C03 | KAFKA_BROKER_ADDRESS_FAMILY       = v6
2026-06-02 15:20:27 | DEBUG | C03 | KAFKA_TOPIC                       = streaming-03-analytics-kjleopold
2026-06-02 15:20:27 | DEBUG | C03 | KAFKA_CLEAR_TOPIC_ON_START        = true
2026-06-02 15:20:27 | DEBUG | C03 | PRODUCER_MESSAGE_COUNT            = 12
2026-06-02 15:20:27 | DEBUG | C03 | PRODUCER_MESSAGE_INTERVAL_SECONDS = 1
2026-06-02 15:20:27 | DEBUG | C03 | PRODUCER_MAX_MESSAGES             = 50
2026-06-02 15:20:27 | DEBUG | C03 | PRODUCER_POLL_INTERVAL_SECONDS    = 15
2026-06-02 15:20:27 | DEBUG | C03 | KAFKA_GROUP_ID                    = streaming-consumer-group-A
2026-06-02 15:20:27 | DEBUG | C03 | KAFKA_AUTO_OFFSET_RESET           = earliest
2026-06-02 15:20:27 | DEBUG | C03 | CONSUMER_TIMEOUT_SECONDS          = 10
2026-06-02 15:20:27 | DEBUG | C03 | CONSUMER_MAX_MESSAGES             = 1000
2026-06-02 15:20:27 | INFO | C03 | === RUN START ===
2026-06-02 15:20:27 | INFO | C03 | project=C03
2026-06-02 15:20:27 | INFO | C03 | repo_dir=streaming-03-analytics
2026-06-02 15:20:27 | INFO | C03 | python=3.14.3
2026-06-02 15:20:27 | INFO | C03 | os=Windows 11
2026-06-02 15:20:27 | INFO | C03 | shell=powershell
2026-06-02 15:20:27 | INFO | C03 | cwd=.
2026-06-02 15:20:27 | INFO | C03 | github_actions=False
2026-06-02 15:20:27 | INFO | C03 | ========================
2026-06-02 15:20:27 | INFO | C03 | START consumer main()
2026-06-02 15:20:27 | INFO | C03 | ========================
2026-06-02 15:20:27 | INFO | C03 | ROOT_DIR = .
2026-06-02 15:20:27 | INFO | C03 | DATA_DIR = data
2026-06-02 15:20:27 | INFO | C03 | OUTPUT_CSV = data\output\consumed_sales_kjleopold.csv
2026-06-02 15:20:27 | INFO | C03 | REGIONS_CSV = data\regions.csv
2026-06-02 15:20:27 | INFO | C03 | PRODUCTS_CSV = data\products.csv
2026-06-02 15:20:27 | INFO | C03 | CURRENCIES_CSV = data\currencies.csv
2026-06-02 15:20:27 | INFO | C03 | DISCOUNT_CODES_CSV = data\discount_codes.csv
2026-06-02 15:20:27 | INFO | C03 | ========================
2026-06-02 15:20:27 | INFO | C03 | SECTION A. Acquire
2026-06-02 15:20:27 | INFO | C03 | ========================
2026-06-02 15:20:27 | INFO | C03 | Loading settings from .env...
2026-06-02 15:20:27 | INFO | C03 | KAFKA_BOOTSTRAP_SERVERS  = localhost:9092
2026-06-02 15:20:27 | INFO | C03 | KAFKA_TOPIC              = streaming-03-analytics-kjleopold
2026-06-02 15:20:27 | INFO | C03 | KAFKA_GROUP_ID           = streaming-consumer-group-A
2026-06-02 15:20:27 | INFO | C03 | CONSUMER_TIMEOUT_SECONDS = 10.0
2026-06-02 15:20:27 | INFO | C03 | CONSUMER_MAX_MESSAGES    = 1000
2026-06-02 15:20:27 | INFO | C03 | Verifying Kafka connection...
2026-06-02 15:20:27 | INFO | C03 | Kafka port is reachable.
2026-06-02 15:20:27 | INFO | C03 | Verifying Kafka topic...
2026-06-02 15:20:36 | INFO | C03 | Topic 'streaming-03-analytics-kjleopold' exists.
2026-06-02 15:20:36 | INFO | C03 | Found 12 message(s) available.
2026-06-02 15:20:36 | INFO | C03 | Creating Kafka consumer...
2026-06-02 15:20:36 | INFO | C03 | Subscribed to topic: 'streaming-03-analytics-kjleopold' (reading from beginning)
2026-06-02 15:20:36 | INFO | C03 | ========================
2026-06-02 15:20:36 | INFO | C03 | SECTION C. Consume and Process Messages
2026-06-02 15:20:36 | INFO | C03 | ========================
2026-06-02 15:20:36 | INFO | C03 | Initializing output...
2026-06-02 15:20:36 | INFO | C03 | Output CSV cleared: consumed_sales_kjleopold.csv
2026-06-02 15:20:36 | INFO | C03 | Loading enrichment reference data...
2026-06-02 15:20:36 | INFO | C03 | Found 6 region tax rates.
2026-06-02 15:20:36 | INFO | C03 | Consuming messages...
2026-06-02 15:20:36 | INFO | C03 | Waiting for up to 1000 message(s).
2026-06-02 15:20:36 | INFO | C03 | Press CTRL+C to stop early.

2026-06-02 15:20:39 | INFO | C03 | {'currency_code': 'USD', 'customer_id': 'CUST-4150', 'customer_note': 'Gift for my team', 'datetime': '2026-05-04T08:11:00Z', 'device_type': 'tablet', 'discount_code': '', 'is_new_customer': 'false', 'is_online': 'true', 'order_id': 'e7324981-a9f0-419f-b708-d0a333451fff', 'payment_method': 'paypal', 'product_id': 'PY-STREAM-005', 'quantity': '3', 'referral_source': 'paid_search', 'region_id': 'US-TX', 'unit_price': '59.99', '_kafka_key': 'US-TX', '_kafka_partition': 0, '_kafka_offset': 0}
2026-06-02 15:20:39 | INFO | C03 | subtotal=179.97
2026-06-02 15:20:39 | INFO | C03 | tax=14.85
2026-06-02 15:20:39 | INFO | C03 | total=194.82
2026-06-02 15:20:39 | INFO | C03 | running_total=194.82
2026-06-02 15:20:39 | INFO | C03 | Sale is below average.
2026-06-02 15:20:39 | INFO | C03 | MESSAGE ACCEPTED
2026-06-02 15:20:39 | INFO | C03 | order=e7324981-a9f0-419f-b708-d0a333451fff
2026-06-02 15:20:39 | INFO | C03 | total=$194.82
2026-06-02 15:20:39 | INFO | C03 | consumed=1
2026-06-02 15:20:39 | INFO | C03 | RUNNING STATS
2026-06-02 15:20:39 | INFO | C03 | total_sales=$194.82
2026-06-02 15:20:39 | INFO | C03 | average=$194.82
2026-06-02 15:20:39 | INFO | C03 | min=$194.82
2026-06-02 15:20:39 | INFO | C03 | max=$194.82
2026-06-02 15:20:39 | INFO | C03 | {'currency_code': 'USD', 'customer_id': 'CUST-1106', 'customer_note': 'Gift for my team', 'datetime': '2026-05-04T08:23:00Z', 'device_type': 'mobile', 'discount_code': '', 'is_new_customer': 'false', 'is_online': 'true', 'order_id': 'd61943e0-f543-4b5f-9c9a-18605ea4cfe5', 'payment_method': 'paypal', 'product_id': 'PY-DATA-002', 'quantity': '1', 'referral_source': 'paid_search', 'region_id': 'US-TX', 'unit_price': '49.99', '_kafka_key': 'US-TX', '_kafka_partition': 0, '_kafka_offset': 1}
2026-06-02 15:20:39 | INFO | C03 | subtotal=49.99
2026-06-02 15:20:39 | INFO | C03 | tax=4.12
2026-06-02 15:20:39 | INFO | C03 | total=54.11
2026-06-02 15:20:39 | INFO | C03 | running_total=248.93
2026-06-02 15:20:39 | INFO | C03 | Sale is below average.
2026-06-02 15:20:39 | INFO | C03 | MESSAGE ACCEPTED
2026-06-02 15:20:39 | INFO | C03 | order=d61943e0-f543-4b5f-9c9a-18605ea4cfe5
2026-06-02 15:20:39 | INFO | C03 | total=$54.11
2026-06-02 15:20:39 | INFO | C03 | consumed=2
2026-06-02 15:20:39 | INFO | C03 | RUNNING STATS
2026-06-02 15:20:39 | INFO | C03 | total_sales=$248.93
2026-06-02 15:20:39 | INFO | C03 | average=$124.47
2026-06-02 15:20:39 | INFO | C03 | min=$54.11
2026-06-02 15:20:39 | INFO | C03 | max=$194.82
2026-06-02 15:20:39 | INFO | C03 | {'currency_code': 'CAD', 'customer_id': 'CUST-2133', 'customer_note': 'Learning at my own pace', 'datetime': '2026-05-04T08:28:00Z', 'device_type': 'desktop', 'discount_code': '', 'is_new_customer': 'false', 'is_online': 'true', 'order_id': '14da1915-8e74-47be-9e10-f7275d31af46', 'payment_method': 'paypal', 'product_id': 'PY-NLP-006', 'quantity': '1', 'referral_source': 'organic', 'region_id': 'CA-QC', 'unit_price': '54.99', '_kafka_key': 'CA-QC', '_kafka_partition': 0, '_kafka_offset': 2}
2026-06-02 15:20:39 | INFO | C03 | subtotal=54.99
2026-06-02 15:20:39 | INFO | C03 | tax=8.23
2026-06-02 15:20:39 | INFO | C03 | total=63.22
2026-06-02 15:20:39 | INFO | C03 | running_total=312.15
2026-06-02 15:20:39 | INFO | C03 | Sale is below average.
2026-06-02 15:20:39 | INFO | C03 | MESSAGE ACCEPTED
2026-06-02 15:20:39 | INFO | C03 | order=14da1915-8e74-47be-9e10-f7275d31af46
2026-06-02 15:20:39 | INFO | C03 | total=$63.22
2026-06-02 15:20:39 | INFO | C03 | consumed=3
2026-06-02 15:20:39 | INFO | C03 | RUNNING STATS
2026-06-02 15:20:39 | INFO | C03 | total_sales=$312.15
2026-06-02 15:20:39 | INFO | C03 | average=$104.05
2026-06-02 15:20:39 | INFO | C03 | min=$54.11
2026-06-02 15:20:39 | INFO | C03 | max=$194.82
2026-06-02 15:20:39 | INFO | C03 | {'currency_code': 'USD', 'customer_id': 'CUST-5333', 'customer_note': 'Highly recommend', 'datetime': '2026-05-04T08:40:00Z', 'device_type': 'mobile', 'discount_code': '', 'is_new_customer': 'false', 'is_online': 'true', 'order_id': 'd77ed935-9b28-431d-bc25-0a3fd98f4154', 'payment_method': 'paypal', 'product_id': 'PY-STREAM-005', 'quantity': '1', 'referral_source': 'organic', 'region_id': 'US-CA', 'unit_price': '59.99', '_kafka_key': 'US-CA', '_kafka_partition': 0, '_kafka_offset': 3}
2026-06-02 15:20:39 | INFO | C03 | subtotal=59.99
2026-06-02 15:20:39 | INFO | C03 | tax=5.7
2026-06-02 15:20:39 | INFO | C03 | total=65.69
2026-06-02 15:20:39 | INFO | C03 | running_total=377.84
2026-06-02 15:20:39 | INFO | C03 | Sale is below average.
2026-06-02 15:20:39 | INFO | C03 | MESSAGE ACCEPTED
2026-06-02 15:20:39 | INFO | C03 | order=d77ed935-9b28-431d-bc25-0a3fd98f4154
2026-06-02 15:20:39 | INFO | C03 | total=$65.69
2026-06-02 15:20:39 | INFO | C03 | consumed=4
2026-06-02 15:20:39 | INFO | C03 | RUNNING STATS
2026-06-02 15:20:39 | INFO | C03 | total_sales=$377.84
2026-06-02 15:20:39 | INFO | C03 | average=$94.46
2026-06-02 15:20:39 | INFO | C03 | min=$54.11
2026-06-02 15:20:39 | INFO | C03 | max=$194.82
2026-06-02 15:20:39 | INFO | C03 | {'currency_code': 'USD', 'customer_id': 'CUST-8573', 'customer_note': 'Learning at my own pace', 'datetime': '2026-05-04T08:41:00Z', 'device_type': 'mobile', 'discount_code': '', 'is_new_customer': 'false', 'is_online': 'true', 'order_id': '24b91995-25f8-4ad7-8fa6-2e4c15750e5e', 'payment_method': 'apple_pay', 'product_id': 'PY-VIZ-003', 'quantity': '1', 'referral_source': 'paid_search', 'region_id': 'US-MO', 'unit_price': '39.99', '_kafka_key': 'US-MO', '_kafka_partition': 0, '_kafka_offset': 4}
2026-06-02 15:20:39 | INFO | C03 | subtotal=39.99
2026-06-02 15:20:39 | INFO | C03 | tax=3.2
2026-06-02 15:20:39 | INFO | C03 | total=43.19
2026-06-02 15:20:39 | INFO | C03 | running_total=421.03
2026-06-02 15:20:39 | INFO | C03 | Sale is below average.
2026-06-02 15:20:39 | INFO | C03 | MESSAGE ACCEPTED
2026-06-02 15:20:39 | INFO | C03 | order=24b91995-25f8-4ad7-8fa6-2e4c15750e5e
2026-06-02 15:20:39 | INFO | C03 | total=$43.19
2026-06-02 15:20:39 | INFO | C03 | consumed=5
2026-06-02 15:20:39 | INFO | C03 | RUNNING STATS
2026-06-02 15:20:39 | INFO | C03 | total_sales=$421.03
2026-06-02 15:20:39 | INFO | C03 | average=$84.21
2026-06-02 15:20:39 | INFO | C03 | min=$43.19
2026-06-02 15:20:39 | INFO | C03 | max=$194.82
2026-06-02 15:20:39 | INFO | C03 | {'currency_code': 'CAD', 'customer_id': 'CUST-8062', 'customer_note': '', 'datetime': '2026-05-04T08:54:00Z', 'device_type': 'tablet', 'discount_code': '', 'is_new_customer': 'false', 'is_online': 'true', 'order_id': '1ec0fc8b-998c-4f43-8a66-19e1fa7d5fa8', 'payment_method': 'paypal', 'product_id': 'PY-SQL-004', 'quantity': '1', 'referral_source': 'organic', 'region_id': 'CA-ON', 'unit_price': '44.99', '_kafka_key': 'CA-ON', '_kafka_partition': 0, '_kafka_offset': 5}
2026-06-02 15:20:39 | INFO | C03 | subtotal=44.99
2026-06-02 15:20:39 | INFO | C03 | tax=5.85
2026-06-02 15:20:39 | INFO | C03 | total=50.84
2026-06-02 15:20:39 | INFO | C03 | running_total=471.87
2026-06-02 15:20:39 | INFO | C03 | Sale is below average.
2026-06-02 15:20:39 | INFO | C03 | MESSAGE ACCEPTED
2026-06-02 15:20:39 | INFO | C03 | order=1ec0fc8b-998c-4f43-8a66-19e1fa7d5fa8
2026-06-02 15:20:39 | INFO | C03 | total=$50.84
2026-06-02 15:20:39 | INFO | C03 | consumed=6
2026-06-02 15:20:39 | INFO | C03 | RUNNING STATS
2026-06-02 15:20:39 | INFO | C03 | total_sales=$471.87
2026-06-02 15:20:39 | INFO | C03 | average=$78.64
2026-06-02 15:20:39 | INFO | C03 | min=$43.19
2026-06-02 15:20:39 | INFO | C03 | max=$194.82
2026-06-02 15:20:39 | INFO | C03 | {'currency_code': 'CAD', 'customer_id': 'CUST-9348', 'customer_note': 'For my study group', 'datetime': '2026-05-04T09:07:00Z', 'device_type': 'desktop', 'discount_code': '', 'is_new_customer': 'false', 'is_online': 'false', 'order_id': '392dd49b-b385-499c-9b4a-a38387fa39ae', 'payment_method': 'credit_card', 'product_id': 'PY-INTRO-001', 'quantity': '1', 'referral_source': 'paid_search', 'region_id': 'CA-ON', 'unit_price': '29.99', '_kafka_key': 'CA-ON', '_kafka_partition': 0, '_kafka_offset': 6}
2026-06-02 15:20:39 | INFO | C03 | subtotal=29.99
2026-06-02 15:20:39 | INFO | C03 | tax=3.9
2026-06-02 15:20:39 | INFO | C03 | total=33.89
2026-06-02 15:20:39 | INFO | C03 | running_total=505.76
2026-06-02 15:20:39 | INFO | C03 | Sale is below average.
2026-06-02 15:20:39 | INFO | C03 | MESSAGE ACCEPTED
2026-06-02 15:20:39 | INFO | C03 | order=392dd49b-b385-499c-9b4a-a38387fa39ae
2026-06-02 15:20:39 | INFO | C03 | total=$33.89
2026-06-02 15:20:39 | INFO | C03 | consumed=7
2026-06-02 15:20:39 | INFO | C03 | RUNNING STATS
2026-06-02 15:20:39 | INFO | C03 | total_sales=$505.76
2026-06-02 15:20:39 | INFO | C03 | average=$72.25
2026-06-02 15:20:39 | INFO | C03 | min=$33.89
2026-06-02 15:20:39 | INFO | C03 | max=$194.82
2026-06-02 15:20:39 | INFO | C03 | {'currency_code': 'USD', 'customer_id': 'CUST-5889', 'customer_note': '', 'datetime': '2026-05-04T09:15:00Z', 'device_type': 'tablet', 'discount_code': '', 'is_new_customer': 'false', 'is_online': 'true', 'order_id': '02782ab7-dd7d-4ebe-8abc-ef81cdc4193b', 'payment_method': 'paypal', 'product_id': 'PY-VIZ-003', 'quantity': '1', 'referral_source': 'organic', 'region_id': 'US-CA', 'unit_price': '39.99', '_kafka_key': 'US-CA', '_kafka_partition': 0, '_kafka_offset': 7}
2026-06-02 15:20:39 | INFO | C03 | subtotal=39.99
2026-06-02 15:20:39 | INFO | C03 | tax=3.8
2026-06-02 15:20:39 | INFO | C03 | total=43.79
2026-06-02 15:20:39 | INFO | C03 | running_total=549.55
2026-06-02 15:20:39 | INFO | C03 | Sale is below average.
2026-06-02 15:20:39 | INFO | C03 | MESSAGE ACCEPTED
2026-06-02 15:20:39 | INFO | C03 | order=02782ab7-dd7d-4ebe-8abc-ef81cdc4193b
2026-06-02 15:20:39 | INFO | C03 | total=$43.79
2026-06-02 15:20:39 | INFO | C03 | consumed=8
2026-06-02 15:20:39 | INFO | C03 | RUNNING STATS
2026-06-02 15:20:39 | INFO | C03 | total_sales=$549.55
2026-06-02 15:20:39 | INFO | C03 | average=$68.69
2026-06-02 15:20:39 | INFO | C03 | min=$33.89
2026-06-02 15:20:39 | INFO | C03 | max=$194.82
2026-06-02 15:20:39 | INFO | C03 | {'currency_code': 'CAD', 'customer_id': 'CUST-4770', 'customer_note': 'Excellent content', 'datetime': '2026-05-04T09:19:00Z', 'device_type': 'desktop', 'discount_code': '', 'is_new_customer': 'false', 'is_online': 'true', 'order_id': '67bd3492-cc96-429a-9a91-1b4d2132d261', 'payment_method': 'credit_card', 'product_id': 'PY-VIZ-003', 'quantity': '1', 'referral_source': 'paid_search', 'region_id': 'CA-ON', 'unit_price': '39.99', '_kafka_key': 'CA-ON', '_kafka_partition': 0, '_kafka_offset': 8}
2026-06-02 15:20:39 | INFO | C03 | subtotal=39.99
2026-06-02 15:20:39 | INFO | C03 | tax=5.2
2026-06-02 15:20:39 | INFO | C03 | total=45.19
2026-06-02 15:20:39 | INFO | C03 | running_total=594.74
2026-06-02 15:20:39 | INFO | C03 | Sale is below average.
2026-06-02 15:20:39 | INFO | C03 | MESSAGE ACCEPTED
2026-06-02 15:20:39 | INFO | C03 | order=67bd3492-cc96-429a-9a91-1b4d2132d261
2026-06-02 15:20:39 | INFO | C03 | total=$45.19
2026-06-02 15:20:39 | INFO | C03 | consumed=9
2026-06-02 15:20:39 | INFO | C03 | RUNNING STATS
2026-06-02 15:20:39 | INFO | C03 | total_sales=$594.74
2026-06-02 15:20:39 | INFO | C03 | average=$66.08
2026-06-02 15:20:39 | INFO | C03 | min=$33.89
2026-06-02 15:20:39 | INFO | C03 | max=$194.82
2026-06-02 15:20:39 | INFO | C03 | {'currency_code': 'MXN', 'customer_id': 'CUST-6168', 'customer_note': '', 'datetime': '2026-05-04T09:37:00Z', 'device_type': 'desktop', 'discount_code': '', 'is_new_customer': 'false', 'is_online': 'true', 'order_id': '0a021628-6937-4876-8875-b00c07a39e0f', 'payment_method': 'paypal', 'product_id': 'PY-DATA-002', 'quantity': '1', 'referral_source': 'organic', 'region_id': 'MX-CMX', 'unit_price': '49.99', '_kafka_key': 'MX-CMX', '_kafka_partition': 0, '_kafka_offset': 9}
2026-06-02 15:20:39 | INFO | C03 | subtotal=49.99
2026-06-02 15:20:39 | INFO | C03 | tax=8.0
2026-06-02 15:20:39 | INFO | C03 | total=57.99
2026-06-02 15:20:39 | INFO | C03 | running_total=652.73
2026-06-02 15:20:39 | INFO | C03 | Sale is below average.
2026-06-02 15:20:39 | INFO | C03 | MESSAGE ACCEPTED
2026-06-02 15:20:39 | INFO | C03 | order=0a021628-6937-4876-8875-b00c07a39e0f
2026-06-02 15:20:39 | INFO | C03 | total=$57.99
2026-06-02 15:20:39 | INFO | C03 | consumed=10
2026-06-02 15:20:39 | INFO | C03 | RUNNING STATS
2026-06-02 15:20:39 | INFO | C03 | total_sales=$652.73
2026-06-02 15:20:39 | INFO | C03 | average=$65.27
2026-06-02 15:20:39 | INFO | C03 | min=$33.89
2026-06-02 15:20:39 | INFO | C03 | max=$194.82
2026-06-02 15:20:39 | INFO | C03 | {'currency_code': 'USD', 'customer_id': 'CUST-3340', 'customer_note': 'Recommended by a colleague', 'datetime': '2026-05-04T09:42:00Z', 'device_type': 'tablet', 'discount_code': '', 'is_new_customer': 'false', 'is_online': 'true', 'order_id': 'b05fc600-a5fc-4826-934c-cc1f188b0715', 'payment_method': 'credit_card', 'product_id': 'PY-DATA-002', 'quantity': '3', 'referral_source': 'organic', 'region_id': 'US-MO', 'unit_price': '49.99', '_kafka_key': 'US-MO', '_kafka_partition': 0, '_kafka_offset': 10}
2026-06-02 15:20:39 | INFO | C03 | subtotal=149.97
2026-06-02 15:20:39 | INFO | C03 | tax=12.0
2026-06-02 15:20:39 | INFO | C03 | total=161.97
2026-06-02 15:20:39 | INFO | C03 | running_total=814.70
2026-06-02 15:20:39 | INFO | C03 | Sale is above average.
2026-06-02 15:20:39 | INFO | C03 | MESSAGE ACCEPTED
2026-06-02 15:20:39 | INFO | C03 | order=b05fc600-a5fc-4826-934c-cc1f188b0715
2026-06-02 15:20:39 | INFO | C03 | total=$161.97
2026-06-02 15:20:39 | INFO | C03 | consumed=11
2026-06-02 15:20:39 | INFO | C03 | RUNNING STATS
2026-06-02 15:20:39 | INFO | C03 | total_sales=$814.70
2026-06-02 15:20:39 | INFO | C03 | average=$74.06
2026-06-02 15:20:39 | INFO | C03 | min=$33.89
2026-06-02 15:20:39 | INFO | C03 | max=$194.82
2026-06-02 15:20:39 | INFO | C03 | {'currency_code': 'USD', 'customer_id': 'CUST-8668', 'customer_note': '', 'datetime': '2026-05-04T10:06:00Z', 'device_type': 'mobile', 'discount_code': '', 'is_new_customer': 'false', 'is_online': 'true', 'order_id': '03d437fb-6966-47ad-a67a-728630c8b3f8', 'payment_method': 'apple_pay', 'product_id': 'PY-INTRO-001', 'quantity': '1', 'referral_source': 'email', 'region_id': 'US-MO', 'unit_price': '29.99', '_kafka_key': 'US-MO', '_kafka_partition': 0, '_kafka_offset': 11}
2026-06-02 15:20:39 | INFO | C03 | subtotal=29.99
2026-06-02 15:20:39 | INFO | C03 | tax=2.4
2026-06-02 15:20:39 | INFO | C03 | total=32.39
2026-06-02 15:20:39 | INFO | C03 | running_total=847.09
2026-06-02 15:20:39 | INFO | C03 | Sale is below average.
2026-06-02 15:20:39 | INFO | C03 | MESSAGE ACCEPTED
2026-06-02 15:20:39 | INFO | C03 | order=03d437fb-6966-47ad-a67a-728630c8b3f8
2026-06-02 15:20:39 | INFO | C03 | total=$32.39
2026-06-02 15:20:39 | INFO | C03 | consumed=12
2026-06-02 15:20:39 | INFO | C03 | RUNNING STATS
2026-06-02 15:20:39 | INFO | C03 | total_sales=$847.09
2026-06-02 15:20:39 | INFO | C03 | average=$70.59
2026-06-02 15:20:39 | INFO | C03 | min=$32.39
2026-06-02 15:20:39 | INFO | C03 | max=$194.82
2026-06-02 15:20:50 | INFO | C03 | No message received within 10.0s timeout.
2026-06-02 15:20:50 | INFO | C03 | Producer finished or paused. Stopping consumer.
2026-06-02 15:20:50 | INFO | C03 | Kafka consumer closed.
2026-06-02 15:20:50 | INFO | C03 | ========================
2026-06-02 15:20:50 | INFO | C03 | SECTION E. Exit
2026-06-02 15:20:50 | INFO | C03 | ========================
2026-06-02 15:20:50 | INFO | C03 | Summary:
2026-06-02 15:20:50 | INFO | C03 | Consumed 12 message(s) from topic 'streaming-03-analytics-kjleopold'.
2026-06-02 15:20:50 | INFO | C03 | Skipped  0 message(s).
2026-06-02 15:20:50 | INFO | C03 | OUTPUT_CSV = data\output\consumed_sales_kjleopold.csv
2026-06-02 15:20:50 | INFO | C03 |   Total sales:  $847.09
2026-06-02 15:20:50 | INFO | C03 |   Average sale: $70.59
2026-06-02 15:20:50 | INFO | C03 |   Minimum sale: $32.39
2026-06-02 15:20:50 | INFO | C03 |   Maximum sale: $194.82
2026-06-02 15:20:50 | INFO | C03 | ========================
2026-06-02 15:20:50 | INFO | C03 | Consumer executed successfully!
2026-06-02 15:20:50 | INFO | C03 | ========================
2026-06-02 15:25:10 | DEBUG | P03 | KAFKA_BOOTSTRAP_SERVERS           = localhost:9092
2026-06-02 15:25:10 | DEBUG | P03 | KAFKA_BROKER_ADDRESS_FAMILY       = v6
2026-06-02 15:25:10 | DEBUG | P03 | KAFKA_TOPIC                       = streaming-03-analytics-kjleopold
2026-06-02 15:25:10 | DEBUG | P03 | KAFKA_CLEAR_TOPIC_ON_START        = true
2026-06-02 15:25:10 | DEBUG | P03 | PRODUCER_MESSAGE_COUNT            = 12
2026-06-02 15:25:10 | DEBUG | P03 | PRODUCER_MESSAGE_INTERVAL_SECONDS = 1
2026-06-02 15:25:10 | DEBUG | P03 | PRODUCER_MAX_MESSAGES             = 50
2026-06-02 15:25:10 | DEBUG | P03 | PRODUCER_POLL_INTERVAL_SECONDS    = 15
2026-06-02 15:25:10 | DEBUG | P03 | KAFKA_GROUP_ID                    = streaming-consumer-group-A
2026-06-02 15:25:10 | DEBUG | P03 | KAFKA_AUTO_OFFSET_RESET           = earliest
2026-06-02 15:25:10 | DEBUG | P03 | CONSUMER_TIMEOUT_SECONDS          = 10
2026-06-02 15:25:10 | DEBUG | P03 | CONSUMER_MAX_MESSAGES             = 1000
2026-06-02 15:25:10 | INFO | P03 | === RUN START ===
2026-06-02 15:25:10 | INFO | P03 | project=P03
2026-06-02 15:25:10 | INFO | P03 | repo_dir=streaming-03-analytics
2026-06-02 15:25:10 | INFO | P03 | python=3.14.3
2026-06-02 15:25:10 | INFO | P03 | os=Windows 11
2026-06-02 15:25:10 | INFO | P03 | shell=powershell
2026-06-02 15:25:10 | INFO | P03 | cwd=.
2026-06-02 15:25:10 | INFO | P03 | github_actions=False
2026-06-02 15:25:10 | INFO | P03 | ========================
2026-06-02 15:25:10 | INFO | P03 | START producer main()
2026-06-02 15:25:10 | INFO | P03 | ========================
2026-06-02 15:25:10 | INFO | P03 | ROOT_DIR = .
2026-06-02 15:25:10 | INFO | P03 | DATA_DIR = data
2026-06-02 15:25:10 | INFO | P03 | SALES_CSV = data\sales.csv
2026-06-02 15:25:10 | INFO | P03 | REGIONS_CSV = data\regions.csv
2026-06-02 15:25:10 | INFO | P03 | PRODUCTS_CSV = data\products.csv
2026-06-02 15:25:10 | INFO | P03 | REJECTED_SALES_CSV = data\output\producer_rejected_sales.csv
2026-06-02 15:25:10 | INFO | P03 | ========================
2026-06-02 15:25:10 | INFO | P03 | SECTION A. Acquire
2026-06-02 15:25:10 | INFO | P03 | ========================
2026-06-02 15:25:10 | INFO | P03 | Loading settings from .env...
2026-06-02 15:25:10 | INFO | P03 | KAFKA_BOOTSTRAP_SERVERS           = localhost:9092
2026-06-02 15:25:10 | INFO | P03 | KAFKA_TOPIC                       = streaming-03-analytics-kjleopold
2026-06-02 15:25:10 | INFO | P03 | PRODUCER_MESSAGE_COUNT            = 12
2026-06-02 15:25:10 | INFO | P03 | PRODUCER_MESSAGE_INTERVAL_SECONDS = 1.0
2026-06-02 15:25:10 | INFO | P03 | KAFKA_CLEAR_TOPIC_ON_START        = True
2026-06-02 15:25:10 | INFO | P03 | Verifying Kafka connection...
2026-06-02 15:25:10 | INFO | P03 | Kafka port is reachable.
2026-06-02 15:25:12 | DEBUG | C03 | KAFKA_BOOTSTRAP_SERVERS           = localhost:9092
2026-06-02 15:25:12 | DEBUG | C03 | KAFKA_BROKER_ADDRESS_FAMILY       = v6
2026-06-02 15:25:12 | DEBUG | C03 | KAFKA_TOPIC                       = streaming-03-analytics-kjleopold
2026-06-02 15:25:12 | DEBUG | C03 | KAFKA_CLEAR_TOPIC_ON_START        = true
2026-06-02 15:25:12 | DEBUG | C03 | PRODUCER_MESSAGE_COUNT            = 12
2026-06-02 15:25:12 | DEBUG | C03 | PRODUCER_MESSAGE_INTERVAL_SECONDS = 1
2026-06-02 15:25:12 | DEBUG | C03 | PRODUCER_MAX_MESSAGES             = 50
2026-06-02 15:25:12 | DEBUG | C03 | PRODUCER_POLL_INTERVAL_SECONDS    = 15
2026-06-02 15:25:12 | DEBUG | C03 | KAFKA_GROUP_ID                    = streaming-consumer-group-A
2026-06-02 15:25:12 | DEBUG | C03 | KAFKA_AUTO_OFFSET_RESET           = earliest
2026-06-02 15:25:12 | DEBUG | C03 | CONSUMER_TIMEOUT_SECONDS          = 10
2026-06-02 15:25:12 | DEBUG | C03 | CONSUMER_MAX_MESSAGES             = 1000
2026-06-02 15:25:12 | INFO | C03 | === RUN START ===
2026-06-02 15:25:12 | INFO | C03 | project=C03
2026-06-02 15:25:12 | INFO | C03 | repo_dir=streaming-03-analytics
2026-06-02 15:25:12 | INFO | C03 | python=3.14.3
2026-06-02 15:25:12 | INFO | C03 | os=Windows 11
2026-06-02 15:25:12 | INFO | C03 | shell=powershell
2026-06-02 15:25:12 | INFO | C03 | cwd=.
2026-06-02 15:25:12 | INFO | C03 | github_actions=False
2026-06-02 15:25:12 | INFO | C03 | ========================
2026-06-02 15:25:12 | INFO | C03 | START consumer main()
2026-06-02 15:25:12 | INFO | C03 | ========================
2026-06-02 15:25:12 | INFO | C03 | ROOT_DIR = .
2026-06-02 15:25:12 | INFO | C03 | DATA_DIR = data
2026-06-02 15:25:12 | INFO | C03 | OUTPUT_CSV = data\output\consumed_sales_kjleopold.csv
2026-06-02 15:25:12 | INFO | C03 | REGIONS_CSV = data\regions.csv
2026-06-02 15:25:12 | INFO | C03 | PRODUCTS_CSV = data\products.csv
2026-06-02 15:25:12 | INFO | C03 | CURRENCIES_CSV = data\currencies.csv
2026-06-02 15:25:12 | INFO | C03 | DISCOUNT_CODES_CSV = data\discount_codes.csv
2026-06-02 15:25:12 | INFO | C03 | ========================
2026-06-02 15:25:12 | INFO | C03 | SECTION A. Acquire
2026-06-02 15:25:12 | INFO | C03 | ========================
2026-06-02 15:25:12 | INFO | C03 | Loading settings from .env...
2026-06-02 15:25:12 | INFO | C03 | KAFKA_BOOTSTRAP_SERVERS  = localhost:9092
2026-06-02 15:25:12 | INFO | C03 | KAFKA_TOPIC              = streaming-03-analytics-kjleopold
2026-06-02 15:25:12 | INFO | C03 | KAFKA_GROUP_ID           = streaming-consumer-group-A
2026-06-02 15:25:12 | INFO | C03 | CONSUMER_TIMEOUT_SECONDS = 10.0
2026-06-02 15:25:12 | INFO | C03 | CONSUMER_MAX_MESSAGES    = 1000
2026-06-02 15:25:12 | INFO | C03 | Verifying Kafka connection...
2026-06-02 15:25:12 | INFO | C03 | Kafka port is reachable.
2026-06-02 15:25:12 | INFO | C03 | Verifying Kafka topic...
2026-06-02 15:25:14 | INFO | P03 | Loading validation reference data...
2026-06-02 15:25:14 | INFO | P03 | Found 6 valid regions, 
2026-06-02 15:25:14 | INFO | P03 | 6 valid products.
2026-06-02 15:25:14 | INFO | P03 | ========================
2026-06-02 15:25:14 | INFO | P03 | SECTION P. Produce Messages
2026-06-02 15:25:14 | INFO | P03 | ========================
2026-06-02 15:25:14 | INFO | P03 | Initializing output...
2026-06-02 15:25:14 | INFO | P03 | Output directory ready: output
2026-06-02 15:25:14 | INFO | P03 | Sending messages...
2026-06-02 15:25:14 | INFO | P03 | Sending up to 12 message(s) to topic 'streaming-03-analytics-kjleopold'.
2026-06-02 15:25:14 | INFO | P03 | Watch each sale arrive. Press CTRL+C to stop early.

2026-06-02 15:25:14 | INFO | P03 | {
  order_id: e7324981-a9f0-419f-b708-d0a333451fff
  datetime: 2026-05-04T08:11:00Z
  region_id: US-TX
  currency_code: USD
  product_id: PY-STREAM-005
  unit_price: 59.99
  quantity: 3
  is_online: true
  customer_id: CUST-4150
  is_new_customer: false
  device_type: tablet
  payment_method: paypal
  referral_source: paid_search
  discount_code: 
  customer_note: Gift for my team
}
2026-06-02 15:25:14 | INFO | P03 |   Sending message with key=US-TX
2026-06-02 15:25:14 | INFO | P03 |   MESSAGE SENT  sent=1
2026-06-02 15:25:15 | INFO | P03 | {
  order_id: d61943e0-f543-4b5f-9c9a-18605ea4cfe5
  datetime: 2026-05-04T08:23:00Z
  region_id: US-TX
  currency_code: USD
  product_id: PY-DATA-002
  unit_price: 49.99
  quantity: 1
  is_online: true
  customer_id: CUST-1106
  is_new_customer: false
  device_type: mobile
  payment_method: paypal
  referral_source: paid_search
  discount_code: 
  customer_note: Gift for my team
}
2026-06-02 15:25:15 | INFO | P03 |   Sending message with key=US-TX
2026-06-02 15:25:15 | INFO | P03 |   MESSAGE SENT  sent=2
2026-06-02 15:25:16 | INFO | C03 | Topic 'streaming-03-analytics-kjleopold' exists.
2026-06-02 15:25:16 | INFO | C03 | Found 2 message(s) available.
2026-06-02 15:25:16 | INFO | C03 | Creating Kafka consumer...
2026-06-02 15:25:16 | INFO | C03 | Subscribed to topic: 'streaming-03-analytics-kjleopold' (reading from beginning)
2026-06-02 15:25:16 | INFO | C03 | ========================
2026-06-02 15:25:16 | INFO | C03 | SECTION C. Consume and Process Messages
2026-06-02 15:25:16 | INFO | C03 | ========================
2026-06-02 15:25:16 | INFO | C03 | Initializing output...
2026-06-02 15:25:16 | INFO | C03 | Output CSV cleared: consumed_sales_kjleopold.csv
2026-06-02 15:25:16 | INFO | C03 | Loading enrichment reference data...
2026-06-02 15:25:16 | INFO | C03 | Found 6 region tax rates.
2026-06-02 15:25:16 | INFO | C03 | Consuming messages...
2026-06-02 15:25:16 | INFO | C03 | Waiting for up to 1000 message(s).
2026-06-02 15:25:16 | INFO | C03 | Press CTRL+C to stop early.

2026-06-02 15:25:16 | INFO | P03 | {
  order_id: 14da1915-8e74-47be-9e10-f7275d31af46
  datetime: 2026-05-04T08:28:00Z
  region_id: CA-QC
  currency_code: CAD
  product_id: PY-NLP-006
  unit_price: 54.99
  quantity: 1
  is_online: true
  customer_id: CUST-2133
  is_new_customer: false
  device_type: desktop
  payment_method: paypal
  referral_source: organic
  discount_code: 
  customer_note: Learning at my own pace
}
2026-06-02 15:25:16 | INFO | P03 |   Sending message with key=CA-QC
2026-06-02 15:25:17 | INFO | P03 |   MESSAGE SENT  sent=3
2026-06-02 15:25:18 | INFO | P03 | {
  order_id: d77ed935-9b28-431d-bc25-0a3fd98f4154
  datetime: 2026-05-04T08:40:00Z
  region_id: US-CA
  currency_code: USD
  product_id: PY-STREAM-005
  unit_price: 59.99
  quantity: 1
  is_online: true
  customer_id: CUST-5333
  is_new_customer: false
  device_type: mobile
  payment_method: paypal
  referral_source: organic
  discount_code: 
  customer_note: Highly recommend
}
2026-06-02 15:25:18 | INFO | P03 |   Sending message with key=US-CA
2026-06-02 15:25:18 | INFO | P03 |   MESSAGE SENT  sent=4
2026-06-02 15:25:19 | INFO | P03 | {
  order_id: 24b91995-25f8-4ad7-8fa6-2e4c15750e5e
  datetime: 2026-05-04T08:41:00Z
  region_id: US-MO
  currency_code: USD
  product_id: PY-VIZ-003
  unit_price: 39.99
  quantity: 1
  is_online: true
  customer_id: CUST-8573
  is_new_customer: false
  device_type: mobile
  payment_method: apple_pay
  referral_source: paid_search
  discount_code: 
  customer_note: Learning at my own pace
}
2026-06-02 15:25:19 | INFO | P03 |   Sending message with key=US-MO
2026-06-02 15:25:19 | INFO | P03 |   MESSAGE SENT  sent=5
2026-06-02 15:25:19 | INFO | C03 | {'currency_code': 'USD', 'customer_id': 'CUST-4150', 'customer_note': 'Gift for my team', 'datetime': '2026-05-04T08:11:00Z', 'device_type': 'tablet', 'discount_code': '', 'is_new_customer': 'false', 'is_online': 'true', 'order_id': 'e7324981-a9f0-419f-b708-d0a333451fff', 'payment_method': 'paypal', 'product_id': 'PY-STREAM-005', 'quantity': '3', 'referral_source': 'paid_search', 'region_id': 'US-TX', 'unit_price': '59.99', '_kafka_key': 'US-TX', '_kafka_partition': 0, '_kafka_offset': 0}
2026-06-02 15:25:19 | INFO | C03 | subtotal=179.97
2026-06-02 15:25:19 | INFO | C03 | tax=14.85
2026-06-02 15:25:19 | INFO | C03 | total=194.82
2026-06-02 15:25:19 | INFO | C03 | running_total=194.82
2026-06-02 15:25:19 | INFO | C03 | Sale is below average.
2026-06-02 15:25:19 | INFO | C03 | MESSAGE ACCEPTED
2026-06-02 15:25:19 | INFO | C03 | order=e7324981-a9f0-419f-b708-d0a333451fff
2026-06-02 15:25:19 | INFO | C03 | total=$194.82
2026-06-02 15:25:19 | INFO | C03 | consumed=1
2026-06-02 15:25:19 | INFO | C03 | RUNNING STATS
2026-06-02 15:25:19 | INFO | C03 | total_sales=$194.82
2026-06-02 15:25:19 | INFO | C03 | average=$194.82
2026-06-02 15:25:19 | INFO | C03 | min=$194.82
2026-06-02 15:25:19 | INFO | C03 | max=$194.82
2026-06-02 15:25:19 | INFO | C03 | {'currency_code': 'USD', 'customer_id': 'CUST-1106', 'customer_note': 'Gift for my team', 'datetime': '2026-05-04T08:23:00Z', 'device_type': 'mobile', 'discount_code': '', 'is_new_customer': 'false', 'is_online': 'true', 'order_id': 'd61943e0-f543-4b5f-9c9a-18605ea4cfe5', 'payment_method': 'paypal', 'product_id': 'PY-DATA-002', 'quantity': '1', 'referral_source': 'paid_search', 'region_id': 'US-TX', 'unit_price': '49.99', '_kafka_key': 'US-TX', '_kafka_partition': 0, '_kafka_offset': 1}
2026-06-02 15:25:19 | INFO | C03 | subtotal=49.99
2026-06-02 15:25:19 | INFO | C03 | tax=4.12
2026-06-02 15:25:19 | INFO | C03 | total=54.11
2026-06-02 15:25:19 | INFO | C03 | running_total=248.93
2026-06-02 15:25:19 | INFO | C03 | Sale is below average.
2026-06-02 15:25:19 | INFO | C03 | MESSAGE ACCEPTED
2026-06-02 15:25:19 | INFO | C03 | order=d61943e0-f543-4b5f-9c9a-18605ea4cfe5
2026-06-02 15:25:19 | INFO | C03 | total=$54.11
2026-06-02 15:25:19 | INFO | C03 | consumed=2
2026-06-02 15:25:19 | INFO | C03 | RUNNING STATS
2026-06-02 15:25:19 | INFO | C03 | total_sales=$248.93
2026-06-02 15:25:19 | INFO | C03 | average=$124.47
2026-06-02 15:25:19 | INFO | C03 | min=$54.11
2026-06-02 15:25:19 | INFO | C03 | max=$194.82
2026-06-02 15:25:19 | INFO | C03 | {'currency_code': 'CAD', 'customer_id': 'CUST-2133', 'customer_note': 'Learning at my own pace', 'datetime': '2026-05-04T08:28:00Z', 'device_type': 'desktop', 'discount_code': '', 'is_new_customer': 'false', 'is_online': 'true', 'order_id': '14da1915-8e74-47be-9e10-f7275d31af46', 'payment_method': 'paypal', 'product_id': 'PY-NLP-006', 'quantity': '1', 'referral_source': 'organic', 'region_id': 'CA-QC', 'unit_price': '54.99', '_kafka_key': 'CA-QC', '_kafka_partition': 0, '_kafka_offset': 2}
2026-06-02 15:25:19 | INFO | C03 | subtotal=54.99
2026-06-02 15:25:19 | INFO | C03 | tax=8.23
2026-06-02 15:25:19 | INFO | C03 | total=63.22
2026-06-02 15:25:19 | INFO | C03 | running_total=312.15
2026-06-02 15:25:19 | INFO | C03 | Sale is below average.
2026-06-02 15:25:19 | INFO | C03 | MESSAGE ACCEPTED
2026-06-02 15:25:19 | INFO | C03 | order=14da1915-8e74-47be-9e10-f7275d31af46
2026-06-02 15:25:19 | INFO | C03 | total=$63.22
2026-06-02 15:25:19 | INFO | C03 | consumed=3
2026-06-02 15:25:19 | INFO | C03 | RUNNING STATS
2026-06-02 15:25:19 | INFO | C03 | total_sales=$312.15
2026-06-02 15:25:19 | INFO | C03 | average=$104.05
2026-06-02 15:25:19 | INFO | C03 | min=$54.11
2026-06-02 15:25:19 | INFO | C03 | max=$194.82
2026-06-02 15:25:19 | INFO | C03 | {'currency_code': 'USD', 'customer_id': 'CUST-5333', 'customer_note': 'Highly recommend', 'datetime': '2026-05-04T08:40:00Z', 'device_type': 'mobile', 'discount_code': '', 'is_new_customer': 'false', 'is_online': 'true', 'order_id': 'd77ed935-9b28-431d-bc25-0a3fd98f4154', 'payment_method': 'paypal', 'product_id': 'PY-STREAM-005', 'quantity': '1', 'referral_source': 'organic', 'region_id': 'US-CA', 'unit_price': '59.99', '_kafka_key': 'US-CA', '_kafka_partition': 0, '_kafka_offset': 3}
2026-06-02 15:25:19 | INFO | C03 | subtotal=59.99
2026-06-02 15:25:19 | INFO | C03 | tax=5.7
2026-06-02 15:25:19 | INFO | C03 | total=65.69
2026-06-02 15:25:19 | INFO | C03 | running_total=377.84
2026-06-02 15:25:19 | INFO | C03 | Sale is below average.
2026-06-02 15:25:19 | INFO | C03 | MESSAGE ACCEPTED
2026-06-02 15:25:19 | INFO | C03 | order=d77ed935-9b28-431d-bc25-0a3fd98f4154
2026-06-02 15:25:19 | INFO | C03 | total=$65.69
2026-06-02 15:25:19 | INFO | C03 | consumed=4
2026-06-02 15:25:19 | INFO | C03 | RUNNING STATS
2026-06-02 15:25:19 | INFO | C03 | total_sales=$377.84
2026-06-02 15:25:19 | INFO | C03 | average=$94.46
2026-06-02 15:25:19 | INFO | C03 | min=$54.11
2026-06-02 15:25:19 | INFO | C03 | max=$194.82
2026-06-02 15:25:19 | INFO | C03 | {'currency_code': 'USD', 'customer_id': 'CUST-8573', 'customer_note': 'Learning at my own pace', 'datetime': '2026-05-04T08:41:00Z', 'device_type': 'mobile', 'discount_code': '', 'is_new_customer': 'false', 'is_online': 'true', 'order_id': '24b91995-25f8-4ad7-8fa6-2e4c15750e5e', 'payment_method': 'apple_pay', 'product_id': 'PY-VIZ-003', 'quantity': '1', 'referral_source': 'paid_search', 'region_id': 'US-MO', 'unit_price': '39.99', '_kafka_key': 'US-MO', '_kafka_partition': 0, '_kafka_offset': 4}
2026-06-02 15:25:19 | INFO | C03 | subtotal=39.99
2026-06-02 15:25:19 | INFO | C03 | tax=3.2
2026-06-02 15:25:19 | INFO | C03 | total=43.19
2026-06-02 15:25:19 | INFO | C03 | running_total=421.03
2026-06-02 15:25:19 | INFO | C03 | Sale is below average.
2026-06-02 15:25:19 | INFO | C03 | MESSAGE ACCEPTED
2026-06-02 15:25:19 | INFO | C03 | order=24b91995-25f8-4ad7-8fa6-2e4c15750e5e
2026-06-02 15:25:19 | INFO | C03 | total=$43.19
2026-06-02 15:25:19 | INFO | C03 | consumed=5
2026-06-02 15:25:19 | INFO | C03 | RUNNING STATS
2026-06-02 15:25:19 | INFO | C03 | total_sales=$421.03
2026-06-02 15:25:19 | INFO | C03 | average=$84.21
2026-06-02 15:25:19 | INFO | C03 | min=$43.19
2026-06-02 15:25:19 | INFO | C03 | max=$194.82
2026-06-02 15:25:20 | INFO | P03 | {
  order_id: 1ec0fc8b-998c-4f43-8a66-19e1fa7d5fa8
  datetime: 2026-05-04T08:54:00Z
  region_id: CA-ON
  currency_code: CAD
  product_id: PY-SQL-004
  unit_price: 44.99
  quantity: 1
  is_online: true
  customer_id: CUST-8062
  is_new_customer: false
  device_type: tablet
  payment_method: paypal
  referral_source: organic
  discount_code: 
  customer_note: 
}
2026-06-02 15:25:20 | INFO | P03 |   Sending message with key=CA-ON
2026-06-02 15:25:20 | INFO | P03 |   MESSAGE SENT  sent=6
2026-06-02 15:25:20 | INFO | C03 | {'currency_code': 'CAD', 'customer_id': 'CUST-8062', 'customer_note': '', 'datetime': '2026-05-04T08:54:00Z', 'device_type': 'tablet', 'discount_code': '', 'is_new_customer': 'false', 'is_online': 'true', 'order_id': '1ec0fc8b-998c-4f43-8a66-19e1fa7d5fa8', 'payment_method': 'paypal', 'product_id': 'PY-SQL-004', 'quantity': '1', 'referral_source': 'organic', 'region_id': 'CA-ON', 'unit_price': '44.99', '_kafka_key': 'CA-ON', '_kafka_partition': 0, '_kafka_offset': 5}
2026-06-02 15:25:20 | INFO | C03 | subtotal=44.99
2026-06-02 15:25:20 | INFO | C03 | tax=5.85
2026-06-02 15:25:20 | INFO | C03 | total=50.84
2026-06-02 15:25:20 | INFO | C03 | running_total=471.87
2026-06-02 15:25:20 | INFO | C03 | Sale is below average.
2026-06-02 15:25:20 | INFO | C03 | MESSAGE ACCEPTED
2026-06-02 15:25:20 | INFO | C03 | order=1ec0fc8b-998c-4f43-8a66-19e1fa7d5fa8
2026-06-02 15:25:20 | INFO | C03 | total=$50.84
2026-06-02 15:25:20 | INFO | C03 | consumed=6
2026-06-02 15:25:20 | INFO | C03 | RUNNING STATS
2026-06-02 15:25:20 | INFO | C03 | total_sales=$471.87
2026-06-02 15:25:20 | INFO | C03 | average=$78.64
2026-06-02 15:25:20 | INFO | C03 | min=$43.19
2026-06-02 15:25:20 | INFO | C03 | max=$194.82
2026-06-02 15:25:21 | INFO | P03 | {
  order_id: 392dd49b-b385-499c-9b4a-a38387fa39ae
  datetime: 2026-05-04T09:07:00Z
  region_id: CA-ON
  currency_code: CAD
  product_id: PY-INTRO-001
  unit_price: 29.99
  quantity: 1
  is_online: false
  customer_id: CUST-9348
  is_new_customer: false
  device_type: desktop
  payment_method: credit_card
  referral_source: paid_search
  discount_code: 
  customer_note: For my study group
}
2026-06-02 15:25:21 | INFO | P03 |   Sending message with key=CA-ON
2026-06-02 15:25:21 | INFO | P03 |   MESSAGE SENT  sent=7
2026-06-02 15:25:21 | INFO | C03 | {'currency_code': 'CAD', 'customer_id': 'CUST-9348', 'customer_note': 'For my study group', 'datetime': '2026-05-04T09:07:00Z', 'device_type': 'desktop', 'discount_code': '', 'is_new_customer': 'false', 'is_online': 'false', 'order_id': '392dd49b-b385-499c-9b4a-a38387fa39ae', 'payment_method': 'credit_card', 'product_id': 'PY-INTRO-001', 'quantity': '1', 'referral_source': 'paid_search', 'region_id': 'CA-ON', 'unit_price': '29.99', '_kafka_key': 'CA-ON', '_kafka_partition': 0, '_kafka_offset': 6}
2026-06-02 15:25:21 | INFO | C03 | subtotal=29.99
2026-06-02 15:25:21 | INFO | C03 | tax=3.9
2026-06-02 15:25:21 | INFO | C03 | total=33.89
2026-06-02 15:25:21 | INFO | C03 | running_total=505.76
2026-06-02 15:25:21 | INFO | C03 | Sale is below average.
2026-06-02 15:25:21 | INFO | C03 | MESSAGE ACCEPTED
2026-06-02 15:25:21 | INFO | C03 | order=392dd49b-b385-499c-9b4a-a38387fa39ae
2026-06-02 15:25:21 | INFO | C03 | total=$33.89
2026-06-02 15:25:21 | INFO | C03 | consumed=7
2026-06-02 15:25:21 | INFO | C03 | RUNNING STATS
2026-06-02 15:25:21 | INFO | C03 | total_sales=$505.76
2026-06-02 15:25:21 | INFO | C03 | average=$72.25
2026-06-02 15:25:21 | INFO | C03 | min=$33.89
2026-06-02 15:25:21 | INFO | C03 | max=$194.82
2026-06-02 15:25:22 | INFO | P03 | {
  order_id: 02782ab7-dd7d-4ebe-8abc-ef81cdc4193b
  datetime: 2026-05-04T09:15:00Z
  region_id: US-CA
  currency_code: USD
  product_id: PY-VIZ-003
  unit_price: 39.99
  quantity: 1
  is_online: true
  customer_id: CUST-5889
  is_new_customer: false
  device_type: tablet
  payment_method: paypal
  referral_source: organic
  discount_code: 
  customer_note: 
}
2026-06-02 15:25:22 | INFO | P03 |   Sending message with key=US-CA
2026-06-02 15:25:22 | INFO | P03 |   MESSAGE SENT  sent=8
2026-06-02 15:25:22 | INFO | C03 | {'currency_code': 'USD', 'customer_id': 'CUST-5889', 'customer_note': '', 'datetime': '2026-05-04T09:15:00Z', 'device_type': 'tablet', 'discount_code': '', 'is_new_customer': 'false', 'is_online': 'true', 'order_id': '02782ab7-dd7d-4ebe-8abc-ef81cdc4193b', 'payment_method': 'paypal', 'product_id': 'PY-VIZ-003', 'quantity': '1', 'referral_source': 'organic', 'region_id': 'US-CA', 'unit_price': '39.99', '_kafka_key': 'US-CA', '_kafka_partition': 0, '_kafka_offset': 7}
2026-06-02 15:25:22 | INFO | C03 | subtotal=39.99
2026-06-02 15:25:22 | INFO | C03 | tax=3.8
2026-06-02 15:25:22 | INFO | C03 | total=43.79
2026-06-02 15:25:22 | INFO | C03 | running_total=549.55
2026-06-02 15:25:22 | INFO | C03 | Sale is below average.
2026-06-02 15:25:22 | INFO | C03 | MESSAGE ACCEPTED
2026-06-02 15:25:22 | INFO | C03 | order=02782ab7-dd7d-4ebe-8abc-ef81cdc4193b
2026-06-02 15:25:22 | INFO | C03 | total=$43.79
2026-06-02 15:25:22 | INFO | C03 | consumed=8
2026-06-02 15:25:22 | INFO | C03 | RUNNING STATS
2026-06-02 15:25:22 | INFO | C03 | total_sales=$549.55
2026-06-02 15:25:22 | INFO | C03 | average=$68.69
2026-06-02 15:25:22 | INFO | C03 | min=$33.89
2026-06-02 15:25:22 | INFO | C03 | max=$194.82
2026-06-02 15:25:23 | INFO | P03 | {
  order_id: 67bd3492-cc96-429a-9a91-1b4d2132d261
  datetime: 2026-05-04T09:19:00Z
  region_id: CA-ON
  currency_code: CAD
  product_id: PY-VIZ-003
  unit_price: 39.99
  quantity: 1
  is_online: true
  customer_id: CUST-4770
  is_new_customer: false
  device_type: desktop
  payment_method: credit_card
  referral_source: paid_search
  discount_code: 
  customer_note: Excellent content
}
2026-06-02 15:25:23 | INFO | P03 |   Sending message with key=CA-ON
2026-06-02 15:25:23 | INFO | P03 |   MESSAGE SENT  sent=9
2026-06-02 15:25:23 | INFO | C03 | {'currency_code': 'CAD', 'customer_id': 'CUST-4770', 'customer_note': 'Excellent content', 'datetime': '2026-05-04T09:19:00Z', 'device_type': 'desktop', 'discount_code': '', 'is_new_customer': 'false', 'is_online': 'true', 'order_id': '67bd3492-cc96-429a-9a91-1b4d2132d261', 'payment_method': 'credit_card', 'product_id': 'PY-VIZ-003', 'quantity': '1', 'referral_source': 'paid_search', 'region_id': 'CA-ON', 'unit_price': '39.99', '_kafka_key': 'CA-ON', '_kafka_partition': 0, '_kafka_offset': 8}
2026-06-02 15:25:23 | INFO | C03 | subtotal=39.99
2026-06-02 15:25:23 | INFO | C03 | tax=5.2
2026-06-02 15:25:23 | INFO | C03 | total=45.19
2026-06-02 15:25:23 | INFO | C03 | running_total=594.74
2026-06-02 15:25:23 | INFO | C03 | Sale is below average.
2026-06-02 15:25:23 | INFO | C03 | MESSAGE ACCEPTED
2026-06-02 15:25:23 | INFO | C03 | order=67bd3492-cc96-429a-9a91-1b4d2132d261
2026-06-02 15:25:23 | INFO | C03 | total=$45.19
2026-06-02 15:25:23 | INFO | C03 | consumed=9
2026-06-02 15:25:23 | INFO | C03 | RUNNING STATS
2026-06-02 15:25:23 | INFO | C03 | total_sales=$594.74
2026-06-02 15:25:23 | INFO | C03 | average=$66.08
2026-06-02 15:25:23 | INFO | C03 | min=$33.89
2026-06-02 15:25:23 | INFO | C03 | max=$194.82
2026-06-02 15:25:24 | INFO | P03 | {
  order_id: 0a021628-6937-4876-8875-b00c07a39e0f
  datetime: 2026-05-04T09:37:00Z
  region_id: MX-CMX
  currency_code: MXN
  product_id: PY-DATA-002
  unit_price: 49.99
  quantity: 1
  is_online: true
  customer_id: CUST-6168
  is_new_customer: false
  device_type: desktop
  payment_method: paypal
  referral_source: organic
  discount_code: 
  customer_note: 
}
2026-06-02 15:25:24 | INFO | P03 |   Sending message with key=MX-CMX
2026-06-02 15:25:24 | INFO | P03 |   MESSAGE SENT  sent=10
2026-06-02 15:25:24 | INFO | C03 | {'currency_code': 'MXN', 'customer_id': 'CUST-6168', 'customer_note': '', 'datetime': '2026-05-04T09:37:00Z', 'device_type': 'desktop', 'discount_code': '', 'is_new_customer': 'false', 'is_online': 'true', 'order_id': '0a021628-6937-4876-8875-b00c07a39e0f', 'payment_method': 'paypal', 'product_id': 'PY-DATA-002', 'quantity': '1', 'referral_source': 'organic', 'region_id': 'MX-CMX', 'unit_price': '49.99', '_kafka_key': 'MX-CMX', '_kafka_partition': 0, '_kafka_offset': 9}
2026-06-02 15:25:24 | INFO | C03 | subtotal=49.99
2026-06-02 15:25:24 | INFO | C03 | tax=8.0
2026-06-02 15:25:24 | INFO | C03 | total=57.99
2026-06-02 15:25:24 | INFO | C03 | running_total=652.73
2026-06-02 15:25:24 | INFO | C03 | Sale is below average.
2026-06-02 15:25:24 | INFO | C03 | MESSAGE ACCEPTED
2026-06-02 15:25:24 | INFO | C03 | order=0a021628-6937-4876-8875-b00c07a39e0f
2026-06-02 15:25:24 | INFO | C03 | total=$57.99
2026-06-02 15:25:24 | INFO | C03 | consumed=10
2026-06-02 15:25:24 | INFO | C03 | RUNNING STATS
2026-06-02 15:25:24 | INFO | C03 | total_sales=$652.73
2026-06-02 15:25:24 | INFO | C03 | average=$65.27
2026-06-02 15:25:24 | INFO | C03 | min=$33.89
2026-06-02 15:25:24 | INFO | C03 | max=$194.82
2026-06-02 15:25:25 | INFO | P03 | {
  order_id: b05fc600-a5fc-4826-934c-cc1f188b0715
  datetime: 2026-05-04T09:42:00Z
  region_id: US-MO
  currency_code: USD
  product_id: PY-DATA-002
  unit_price: 49.99
  quantity: 3
  is_online: true
  customer_id: CUST-3340
  is_new_customer: false
  device_type: tablet
  payment_method: credit_card
  referral_source: organic
  discount_code: 
  customer_note: Recommended by a colleague
}
2026-06-02 15:25:25 | INFO | P03 |   Sending message with key=US-MO
2026-06-02 15:25:25 | INFO | P03 |   MESSAGE SENT  sent=11
2026-06-02 15:25:25 | INFO | C03 | {'currency_code': 'USD', 'customer_id': 'CUST-3340', 'customer_note': 'Recommended by a colleague', 'datetime': '2026-05-04T09:42:00Z', 'device_type': 'tablet', 'discount_code': '', 'is_new_customer': 'false', 'is_online': 'true', 'order_id': 'b05fc600-a5fc-4826-934c-cc1f188b0715', 'payment_method': 'credit_card', 'product_id': 'PY-DATA-002', 'quantity': '3', 'referral_source': 'organic', 'region_id': 'US-MO', 'unit_price': '49.99', '_kafka_key': 'US-MO', '_kafka_partition': 0, '_kafka_offset': 10}
2026-06-02 15:25:25 | INFO | C03 | subtotal=149.97
2026-06-02 15:25:25 | INFO | C03 | tax=12.0
2026-06-02 15:25:25 | INFO | C03 | total=161.97
2026-06-02 15:25:25 | INFO | C03 | running_total=814.70
2026-06-02 15:25:25 | INFO | C03 | Sale is above average.
2026-06-02 15:25:25 | INFO | C03 | MESSAGE ACCEPTED
2026-06-02 15:25:25 | INFO | C03 | order=b05fc600-a5fc-4826-934c-cc1f188b0715
2026-06-02 15:25:25 | INFO | C03 | total=$161.97
2026-06-02 15:25:25 | INFO | C03 | consumed=11
2026-06-02 15:25:25 | INFO | C03 | RUNNING STATS
2026-06-02 15:25:25 | INFO | C03 | total_sales=$814.70
2026-06-02 15:25:25 | INFO | C03 | average=$74.06
2026-06-02 15:25:25 | INFO | C03 | min=$33.89
2026-06-02 15:25:25 | INFO | C03 | max=$194.82
2026-06-02 15:25:26 | INFO | P03 | {
  order_id: 03d437fb-6966-47ad-a67a-728630c8b3f8
  datetime: 2026-05-04T10:06:00Z
  region_id: US-MO
  currency_code: USD
  product_id: PY-INTRO-001
  unit_price: 29.99
  quantity: 1
  is_online: true
  customer_id: CUST-8668
  is_new_customer: false
  device_type: mobile
  payment_method: apple_pay
  referral_source: email
  discount_code: 
  customer_note: 
}
2026-06-02 15:25:26 | INFO | P03 |   Sending message with key=US-MO
2026-06-02 15:25:26 | INFO | P03 |   MESSAGE SENT  sent=12
2026-06-02 15:25:26 | INFO | C03 | {'currency_code': 'USD', 'customer_id': 'CUST-8668', 'customer_note': '', 'datetime': '2026-05-04T10:06:00Z', 'device_type': 'mobile', 'discount_code': '', 'is_new_customer': 'false', 'is_online': 'true', 'order_id': '03d437fb-6966-47ad-a67a-728630c8b3f8', 'payment_method': 'apple_pay', 'product_id': 'PY-INTRO-001', 'quantity': '1', 'referral_source': 'email', 'region_id': 'US-MO', 'unit_price': '29.99', '_kafka_key': 'US-MO', '_kafka_partition': 0, '_kafka_offset': 11}
2026-06-02 15:25:26 | INFO | C03 | subtotal=29.99
2026-06-02 15:25:26 | INFO | C03 | tax=2.4
2026-06-02 15:25:26 | INFO | C03 | total=32.39
2026-06-02 15:25:26 | INFO | C03 | running_total=847.09
2026-06-02 15:25:26 | INFO | C03 | Sale is below average.
2026-06-02 15:25:26 | INFO | C03 | MESSAGE ACCEPTED
2026-06-02 15:25:26 | INFO | C03 | order=03d437fb-6966-47ad-a67a-728630c8b3f8
2026-06-02 15:25:26 | INFO | C03 | total=$32.39
2026-06-02 15:25:26 | INFO | C03 | consumed=12
2026-06-02 15:25:26 | INFO | C03 | RUNNING STATS
2026-06-02 15:25:26 | INFO | C03 | total_sales=$847.09
2026-06-02 15:25:26 | INFO | C03 | average=$70.59
2026-06-02 15:25:26 | INFO | C03 | min=$32.39
2026-06-02 15:25:26 | INFO | C03 | max=$194.82
2026-06-02 15:25:27 | INFO | P03 | Checking for rejected records...
2026-06-02 15:25:27 | INFO | P03 |   No records rejected.
2026-06-02 15:25:27 | INFO | P03 | ========================
2026-06-02 15:25:27 | INFO | P03 | SECTION E. Exit
2026-06-02 15:25:27 | INFO | P03 | ========================
2026-06-02 15:25:27 | INFO | P03 | Summary:
2026-06-02 15:25:27 | INFO | P03 | Sent 12 message(s) to topic 'streaming-03-analytics-kjleopold'.
2026-06-02 15:25:27 | INFO | P03 | Rejected 0 message(s).
2026-06-02 15:25:27 | INFO | P03 | ========================
2026-06-02 15:25:27 | INFO | P03 | Producer executed successfully!
2026-06-02 15:25:27 | INFO | P03 | ========================
2026-06-02 15:25:36 | INFO | C03 | No message received within 10.0s timeout.
2026-06-02 15:25:36 | INFO | C03 | Producer finished or paused. Stopping consumer.
2026-06-02 15:25:36 | INFO | C03 | Kafka consumer closed.
2026-06-02 15:25:36 | INFO | C03 | ========================
2026-06-02 15:25:36 | INFO | C03 | SECTION E. Exit
2026-06-02 15:25:36 | INFO | C03 | ========================
2026-06-02 15:25:36 | INFO | C03 | Summary:
2026-06-02 15:25:36 | INFO | C03 | Consumed 12 message(s) from topic 'streaming-03-analytics-kjleopold'.
2026-06-02 15:25:36 | INFO | C03 | Skipped  0 message(s).
2026-06-02 15:25:36 | INFO | C03 | OUTPUT_CSV = data\output\consumed_sales_kjleopold.csv
2026-06-02 15:25:36 | INFO | C03 |   Total sales:  $847.09
2026-06-02 15:25:36 | INFO | C03 |   Average sale: $70.59
2026-06-02 15:25:36 | INFO | C03 |   Minimum sale: $32.39
2026-06-02 15:25:36 | INFO | C03 |   Maximum sale: $194.82
2026-06-02 15:25:36 | INFO | C03 | ========================
2026-06-02 15:25:36 | INFO | C03 | Consumer executed successfully!
2026-06-02 15:25:36 | INFO | C03 | ========================
2026-06-02 15:32:22 | DEBUG | P03 | KAFKA_BOOTSTRAP_SERVERS           = localhost:9092
2026-06-02 15:32:22 | DEBUG | P03 | KAFKA_BROKER_ADDRESS_FAMILY       = v6
2026-06-02 15:32:22 | DEBUG | P03 | KAFKA_TOPIC                       = streaming-03-analytics-kjleopold
2026-06-02 15:32:22 | DEBUG | P03 | KAFKA_CLEAR_TOPIC_ON_START        = true
2026-06-02 15:32:22 | DEBUG | P03 | PRODUCER_MESSAGE_COUNT            = 12
2026-06-02 15:32:22 | DEBUG | P03 | PRODUCER_MESSAGE_INTERVAL_SECONDS = 1
2026-06-02 15:32:22 | DEBUG | P03 | PRODUCER_MAX_MESSAGES             = 50
2026-06-02 15:32:22 | DEBUG | P03 | PRODUCER_POLL_INTERVAL_SECONDS    = 15
2026-06-02 15:32:22 | DEBUG | P03 | KAFKA_GROUP_ID                    = streaming-consumer-group-A
2026-06-02 15:32:22 | DEBUG | P03 | KAFKA_AUTO_OFFSET_RESET           = earliest
2026-06-02 15:32:22 | DEBUG | P03 | CONSUMER_TIMEOUT_SECONDS          = 10
2026-06-02 15:32:22 | DEBUG | P03 | CONSUMER_MAX_MESSAGES             = 1000
2026-06-02 15:32:22 | INFO | P03 | === RUN START ===
2026-06-02 15:32:22 | INFO | P03 | project=P03
2026-06-02 15:32:22 | INFO | P03 | repo_dir=streaming-03-analytics
2026-06-02 15:32:22 | INFO | P03 | python=3.14.3
2026-06-02 15:32:22 | INFO | P03 | os=Windows 11
2026-06-02 15:32:22 | INFO | P03 | shell=powershell
2026-06-02 15:32:22 | INFO | P03 | cwd=.
2026-06-02 15:32:22 | INFO | P03 | github_actions=False
2026-06-02 15:32:22 | INFO | P03 | ========================
2026-06-02 15:32:22 | INFO | P03 | START producer main()
2026-06-02 15:32:22 | INFO | P03 | ========================
2026-06-02 15:32:22 | INFO | P03 | ROOT_DIR = .
2026-06-02 15:32:22 | INFO | P03 | DATA_DIR = data
2026-06-02 15:32:22 | INFO | P03 | SALES_CSV = data\sales.csv
2026-06-02 15:32:22 | INFO | P03 | REGIONS_CSV = data\regions.csv
2026-06-02 15:32:22 | INFO | P03 | PRODUCTS_CSV = data\products.csv
2026-06-02 15:32:22 | INFO | P03 | REJECTED_SALES_CSV = data\output\producer_rejected_sales.csv
2026-06-02 15:32:22 | INFO | P03 | ========================
2026-06-02 15:32:22 | INFO | P03 | SECTION A. Acquire
2026-06-02 15:32:22 | INFO | P03 | ========================
2026-06-02 15:32:22 | INFO | P03 | Loading settings from .env...
2026-06-02 15:32:22 | INFO | P03 | KAFKA_BOOTSTRAP_SERVERS           = localhost:9092
2026-06-02 15:32:22 | INFO | P03 | KAFKA_TOPIC                       = streaming-03-analytics-kjleopold
2026-06-02 15:32:22 | INFO | P03 | PRODUCER_MESSAGE_COUNT            = 12
2026-06-02 15:32:22 | INFO | P03 | PRODUCER_MESSAGE_INTERVAL_SECONDS = 1.0
2026-06-02 15:32:22 | INFO | P03 | KAFKA_CLEAR_TOPIC_ON_START        = True
2026-06-02 15:32:22 | INFO | P03 | Verifying Kafka connection...
2026-06-02 15:32:22 | INFO | P03 | Kafka port is reachable.
2026-06-02 15:32:22 | INFO | P03 | Loading validation reference data...
2026-06-02 15:32:22 | INFO | P03 | Found 6 valid regions, 
2026-06-02 15:32:22 | INFO | P03 | 6 valid products.
2026-06-02 15:32:22 | INFO | P03 | ========================
2026-06-02 15:32:22 | INFO | P03 | SECTION P. Produce Messages
2026-06-02 15:32:22 | INFO | P03 | ========================
2026-06-02 15:32:22 | INFO | P03 | Initializing output...
2026-06-02 15:32:22 | INFO | P03 | Output directory ready: output
2026-06-02 15:32:22 | INFO | P03 | Sending messages...
2026-06-02 15:32:22 | INFO | P03 | Sending up to 12 message(s) to topic 'streaming-03-analytics-kjleopold'.
2026-06-02 15:32:22 | INFO | P03 | Watch each sale arrive. Press CTRL+C to stop early.

2026-06-02 15:32:22 | INFO | P03 | {
  order_id: e7324981-a9f0-419f-b708-d0a333451fff
  datetime: 2026-05-04T08:11:00Z
  region_id: US-TX
  currency_code: USD
  product_id: PY-STREAM-005
  unit_price: 59.99
  quantity: 3
  is_online: true
  customer_id: CUST-4150
  is_new_customer: false
  device_type: tablet
  payment_method: paypal
  referral_source: paid_search
  discount_code: 
  customer_note: Gift for my team
}
2026-06-02 15:32:22 | INFO | P03 | {
  order_id: d61943e0-f543-4b5f-9c9a-18605ea4cfe5
  datetime: 2026-05-04T08:23:00Z
  region_id: US-TX
  currency_code: USD
  product_id: PY-DATA-002
  unit_price: 49.99
  quantity: 1
  is_online: true
  customer_id: CUST-1106
  is_new_customer: false
  device_type: mobile
  payment_method: paypal
  referral_source: paid_search
  discount_code: 
  customer_note: Gift for my team
}
2026-06-02 15:32:22 | INFO | P03 | {
  order_id: 14da1915-8e74-47be-9e10-f7275d31af46
  datetime: 2026-05-04T08:28:00Z
  region_id: CA-QC
  currency_code: CAD
  product_id: PY-NLP-006
  unit_price: 54.99
  quantity: 1
  is_online: true
  customer_id: CUST-2133
  is_new_customer: false
  device_type: desktop
  payment_method: paypal
  referral_source: organic
  discount_code: 
  customer_note: Learning at my own pace
}
2026-06-02 15:32:22 | INFO | P03 | {
  order_id: d77ed935-9b28-431d-bc25-0a3fd98f4154
  datetime: 2026-05-04T08:40:00Z
  region_id: US-CA
  currency_code: USD
  product_id: PY-STREAM-005
  unit_price: 59.99
  quantity: 1
  is_online: true
  customer_id: CUST-5333
  is_new_customer: false
  device_type: mobile
  payment_method: paypal
  referral_source: organic
  discount_code: 
  customer_note: Highly recommend
}
2026-06-02 15:32:22 | INFO | P03 | {
  order_id: 24b91995-25f8-4ad7-8fa6-2e4c15750e5e
  datetime: 2026-05-04T08:41:00Z
  region_id: US-MO
  currency_code: USD
  product_id: PY-VIZ-003
  unit_price: 39.99
  quantity: 1
  is_online: true
  customer_id: CUST-8573
  is_new_customer: false
  device_type: mobile
  payment_method: apple_pay
  referral_source: paid_search
  discount_code: 
  customer_note: Learning at my own pace
}
2026-06-02 15:32:22 | INFO | P03 | {
  order_id: 1ec0fc8b-998c-4f43-8a66-19e1fa7d5fa8
  datetime: 2026-05-04T08:54:00Z
  region_id: CA-ON
  currency_code: CAD
  product_id: PY-SQL-004
  unit_price: 44.99
  quantity: 1
  is_online: true
  customer_id: CUST-8062
  is_new_customer: false
  device_type: tablet
  payment_method: paypal
  referral_source: organic
  discount_code: 
  customer_note: 
}
2026-06-02 15:32:22 | INFO | P03 | {
  order_id: 392dd49b-b385-499c-9b4a-a38387fa39ae
  datetime: 2026-05-04T09:07:00Z
  region_id: CA-ON
  currency_code: CAD
  product_id: PY-INTRO-001
  unit_price: 29.99
  quantity: 1
  is_online: false
  customer_id: CUST-9348
  is_new_customer: false
  device_type: desktop
  payment_method: credit_card
  referral_source: paid_search
  discount_code: 
  customer_note: For my study group
}
2026-06-02 15:32:22 | INFO | P03 | {
  order_id: 02782ab7-dd7d-4ebe-8abc-ef81cdc4193b
  datetime: 2026-05-04T09:15:00Z
  region_id: US-CA
  currency_code: USD
  product_id: PY-VIZ-003
  unit_price: 39.99
  quantity: 1
  is_online: true
  customer_id: CUST-5889
  is_new_customer: false
  device_type: tablet
  payment_method: paypal
  referral_source: organic
  discount_code: 
  customer_note: 
}
2026-06-02 15:32:22 | INFO | P03 | {
  order_id: 67bd3492-cc96-429a-9a91-1b4d2132d261
  datetime: 2026-05-04T09:19:00Z
  region_id: CA-ON
  currency_code: CAD
  product_id: PY-VIZ-003
  unit_price: 39.99
  quantity: 1
  is_online: true
  customer_id: CUST-4770
  is_new_customer: false
  device_type: desktop
  payment_method: credit_card
  referral_source: paid_search
  discount_code: 
  customer_note: Excellent content
}
2026-06-02 15:32:22 | INFO | P03 | {
  order_id: 0a021628-6937-4876-8875-b00c07a39e0f
  datetime: 2026-05-04T09:37:00Z
  region_id: MX-CMX
  currency_code: MXN
  product_id: PY-DATA-002
  unit_price: 49.99
  quantity: 1
  is_online: true
  customer_id: CUST-6168
  is_new_customer: false
  device_type: desktop
  payment_method: paypal
  referral_source: organic
  discount_code: 
  customer_note: 
}
2026-06-02 15:32:22 | INFO | P03 | {
  order_id: b05fc600-a5fc-4826-934c-cc1f188b0715
  datetime: 2026-05-04T09:42:00Z
  region_id: US-MO
  currency_code: USD
  product_id: PY-DATA-002
  unit_price: 49.99
  quantity: 3
  is_online: true
  customer_id: CUST-3340
  is_new_customer: false
  device_type: tablet
  payment_method: credit_card
  referral_source: organic
  discount_code: 
  customer_note: Recommended by a colleague
}
2026-06-02 15:32:22 | INFO | P03 | {
  order_id: 03d437fb-6966-47ad-a67a-728630c8b3f8
  datetime: 2026-05-04T10:06:00Z
  region_id: US-MO
  currency_code: USD
  product_id: PY-INTRO-001
  unit_price: 29.99
  quantity: 1
  is_online: true
  customer_id: CUST-8668
  is_new_customer: false
  device_type: mobile
  payment_method: apple_pay
  referral_source: email
  discount_code: 
  customer_note: 
}
2026-06-02 15:32:22 | INFO | P03 | Checking for rejected records...
2026-06-02 15:32:22 | INFO | P03 |   No records rejected.
2026-06-02 15:32:22 | INFO | P03 | ========================
2026-06-02 15:32:22 | INFO | P03 | SECTION E. Exit
2026-06-02 15:32:22 | INFO | P03 | ========================
2026-06-02 15:32:22 | INFO | P03 | Summary:
2026-06-02 15:32:22 | INFO | P03 | Sent 0 message(s) to topic 'streaming-03-analytics-kjleopold'.
2026-06-02 15:32:22 | INFO | P03 | Rejected 0 message(s).
2026-06-02 15:32:22 | INFO | P03 | ========================
2026-06-02 15:32:22 | INFO | P03 | Producer executed successfully!
2026-06-02 15:32:22 | INFO | P03 | ========================
2026-06-02 15:32:30 | DEBUG | C03 | KAFKA_BOOTSTRAP_SERVERS           = localhost:9092
2026-06-02 15:32:30 | DEBUG | C03 | KAFKA_BROKER_ADDRESS_FAMILY       = v6
2026-06-02 15:32:30 | DEBUG | C03 | KAFKA_TOPIC                       = streaming-03-analytics-kjleopold
2026-06-02 15:32:30 | DEBUG | C03 | KAFKA_CLEAR_TOPIC_ON_START        = true
2026-06-02 15:32:30 | DEBUG | C03 | PRODUCER_MESSAGE_COUNT            = 12
2026-06-02 15:32:30 | DEBUG | C03 | PRODUCER_MESSAGE_INTERVAL_SECONDS = 1
2026-06-02 15:32:30 | DEBUG | C03 | PRODUCER_MAX_MESSAGES             = 50
2026-06-02 15:32:30 | DEBUG | C03 | PRODUCER_POLL_INTERVAL_SECONDS    = 15
2026-06-02 15:32:30 | DEBUG | C03 | KAFKA_GROUP_ID                    = streaming-consumer-group-A
2026-06-02 15:32:30 | DEBUG | C03 | KAFKA_AUTO_OFFSET_RESET           = earliest
2026-06-02 15:32:30 | DEBUG | C03 | CONSUMER_TIMEOUT_SECONDS          = 10
2026-06-02 15:32:30 | DEBUG | C03 | CONSUMER_MAX_MESSAGES             = 1000
2026-06-02 15:32:30 | INFO | C03 | === RUN START ===
2026-06-02 15:32:30 | INFO | C03 | project=C03
2026-06-02 15:32:30 | INFO | C03 | repo_dir=streaming-03-analytics
2026-06-02 15:32:30 | INFO | C03 | python=3.14.3
2026-06-02 15:32:30 | INFO | C03 | os=Windows 11
2026-06-02 15:32:30 | INFO | C03 | shell=powershell
2026-06-02 15:32:30 | INFO | C03 | cwd=.
2026-06-02 15:32:30 | INFO | C03 | github_actions=False
2026-06-02 15:32:30 | INFO | C03 | ========================
2026-06-02 15:32:30 | INFO | C03 | START consumer main()
2026-06-02 15:32:30 | INFO | C03 | ========================
2026-06-02 15:32:30 | INFO | C03 | ROOT_DIR = .
2026-06-02 15:32:30 | INFO | C03 | DATA_DIR = data
2026-06-02 15:32:30 | INFO | C03 | OUTPUT_CSV = data\output\consumed_sales_kjleopold.csv
2026-06-02 15:32:30 | INFO | C03 | REGIONS_CSV = data\regions.csv
2026-06-02 15:32:30 | INFO | C03 | PRODUCTS_CSV = data\products.csv
2026-06-02 15:32:30 | INFO | C03 | CURRENCIES_CSV = data\currencies.csv
2026-06-02 15:32:30 | INFO | C03 | DISCOUNT_CODES_CSV = data\discount_codes.csv
2026-06-02 15:32:30 | INFO | C03 | ========================
2026-06-02 15:32:30 | INFO | C03 | SECTION A. Acquire
2026-06-02 15:32:30 | INFO | C03 | ========================
2026-06-02 15:32:30 | INFO | C03 | Loading settings from .env...
2026-06-02 15:32:30 | INFO | C03 | KAFKA_BOOTSTRAP_SERVERS  = localhost:9092
2026-06-02 15:32:30 | INFO | C03 | KAFKA_TOPIC              = streaming-03-analytics-kjleopold
2026-06-02 15:32:30 | INFO | C03 | KAFKA_GROUP_ID           = streaming-consumer-group-A
2026-06-02 15:32:30 | INFO | C03 | CONSUMER_TIMEOUT_SECONDS = 10.0
2026-06-02 15:32:30 | INFO | C03 | CONSUMER_MAX_MESSAGES    = 1000
2026-06-02 15:32:30 | INFO | C03 | Verifying Kafka connection...
2026-06-02 15:32:30 | INFO | C03 | Kafka port is reachable.
2026-06-02 15:32:30 | INFO | C03 | Verifying Kafka topic...
2026-06-02 15:32:39 | INFO | C03 | Topic 'streaming-03-analytics-kjleopold' exists.
2026-06-02 15:32:39 | INFO | C03 | Found 0 message(s) available.
2026-06-02 15:32:39 | ERROR | C03 | Topic is empty. Run the producer first.
2026-06-02 15:33:16 | DEBUG | P03 | KAFKA_BOOTSTRAP_SERVERS           = localhost:9092
2026-06-02 15:33:16 | DEBUG | P03 | KAFKA_BROKER_ADDRESS_FAMILY       = v6
2026-06-02 15:33:16 | DEBUG | P03 | KAFKA_TOPIC                       = streaming-03-analytics-kjleopold
2026-06-02 15:33:16 | DEBUG | P03 | KAFKA_CLEAR_TOPIC_ON_START        = true
2026-06-02 15:33:16 | DEBUG | P03 | PRODUCER_MESSAGE_COUNT            = 12
2026-06-02 15:33:16 | DEBUG | P03 | PRODUCER_MESSAGE_INTERVAL_SECONDS = 1
2026-06-02 15:33:16 | DEBUG | P03 | PRODUCER_MAX_MESSAGES             = 50
2026-06-02 15:33:16 | DEBUG | P03 | PRODUCER_POLL_INTERVAL_SECONDS    = 15
2026-06-02 15:33:16 | DEBUG | P03 | KAFKA_GROUP_ID                    = streaming-consumer-group-A
2026-06-02 15:33:16 | DEBUG | P03 | KAFKA_AUTO_OFFSET_RESET           = earliest
2026-06-02 15:33:16 | DEBUG | P03 | CONSUMER_TIMEOUT_SECONDS          = 10
2026-06-02 15:33:16 | DEBUG | P03 | CONSUMER_MAX_MESSAGES             = 1000
2026-06-02 15:33:16 | INFO | P03 | === RUN START ===
2026-06-02 15:33:16 | INFO | P03 | project=P03
2026-06-02 15:33:16 | INFO | P03 | repo_dir=streaming-03-analytics
2026-06-02 15:33:16 | INFO | P03 | python=3.14.3
2026-06-02 15:33:16 | INFO | P03 | os=Windows 11
2026-06-02 15:33:16 | INFO | P03 | shell=powershell
2026-06-02 15:33:16 | INFO | P03 | cwd=.
2026-06-02 15:33:16 | INFO | P03 | github_actions=False
2026-06-02 15:33:16 | INFO | P03 | ========================
2026-06-02 15:33:16 | INFO | P03 | START producer main()
2026-06-02 15:33:16 | INFO | P03 | ========================
2026-06-02 15:33:16 | INFO | P03 | ROOT_DIR = .
2026-06-02 15:33:16 | INFO | P03 | DATA_DIR = data
2026-06-02 15:33:16 | INFO | P03 | SALES_CSV = data\sales.csv
2026-06-02 15:33:16 | INFO | P03 | REGIONS_CSV = data\regions.csv
2026-06-02 15:33:16 | INFO | P03 | PRODUCTS_CSV = data\products.csv
2026-06-02 15:33:16 | INFO | P03 | REJECTED_SALES_CSV = data\output\producer_rejected_sales.csv
2026-06-02 15:33:16 | INFO | P03 | ========================
2026-06-02 15:33:16 | INFO | P03 | SECTION A. Acquire
2026-06-02 15:33:16 | INFO | P03 | ========================
2026-06-02 15:33:16 | INFO | P03 | Loading settings from .env...
2026-06-02 15:33:16 | INFO | P03 | KAFKA_BOOTSTRAP_SERVERS           = localhost:9092
2026-06-02 15:33:16 | INFO | P03 | KAFKA_TOPIC                       = streaming-03-analytics-kjleopold
2026-06-02 15:33:16 | INFO | P03 | PRODUCER_MESSAGE_COUNT            = 12
2026-06-02 15:33:16 | INFO | P03 | PRODUCER_MESSAGE_INTERVAL_SECONDS = 1.0
2026-06-02 15:33:16 | INFO | P03 | KAFKA_CLEAR_TOPIC_ON_START        = True
2026-06-02 15:33:16 | INFO | P03 | Verifying Kafka connection...
2026-06-02 15:33:16 | INFO | P03 | Kafka port is reachable.
2026-06-02 15:33:18 | DEBUG | C03 | KAFKA_BOOTSTRAP_SERVERS           = localhost:9092
2026-06-02 15:33:18 | DEBUG | C03 | KAFKA_BROKER_ADDRESS_FAMILY       = v6
2026-06-02 15:33:18 | DEBUG | C03 | KAFKA_TOPIC                       = streaming-03-analytics-kjleopold
2026-06-02 15:33:18 | DEBUG | C03 | KAFKA_CLEAR_TOPIC_ON_START        = true
2026-06-02 15:33:18 | DEBUG | C03 | PRODUCER_MESSAGE_COUNT            = 12
2026-06-02 15:33:18 | DEBUG | C03 | PRODUCER_MESSAGE_INTERVAL_SECONDS = 1
2026-06-02 15:33:18 | DEBUG | C03 | PRODUCER_MAX_MESSAGES             = 50
2026-06-02 15:33:18 | DEBUG | C03 | PRODUCER_POLL_INTERVAL_SECONDS    = 15
2026-06-02 15:33:18 | DEBUG | C03 | KAFKA_GROUP_ID                    = streaming-consumer-group-A
2026-06-02 15:33:18 | DEBUG | C03 | KAFKA_AUTO_OFFSET_RESET           = earliest
2026-06-02 15:33:18 | DEBUG | C03 | CONSUMER_TIMEOUT_SECONDS          = 10
2026-06-02 15:33:18 | DEBUG | C03 | CONSUMER_MAX_MESSAGES             = 1000
2026-06-02 15:33:18 | INFO | C03 | === RUN START ===
2026-06-02 15:33:18 | INFO | C03 | project=C03
2026-06-02 15:33:18 | INFO | C03 | repo_dir=streaming-03-analytics
2026-06-02 15:33:18 | INFO | C03 | python=3.14.3
2026-06-02 15:33:18 | INFO | C03 | os=Windows 11
2026-06-02 15:33:18 | INFO | C03 | shell=powershell
2026-06-02 15:33:18 | INFO | C03 | cwd=.
2026-06-02 15:33:18 | INFO | C03 | github_actions=False
2026-06-02 15:33:18 | INFO | C03 | ========================
2026-06-02 15:33:18 | INFO | C03 | START consumer main()
2026-06-02 15:33:18 | INFO | C03 | ========================
2026-06-02 15:33:18 | INFO | C03 | ROOT_DIR = .
2026-06-02 15:33:18 | INFO | C03 | DATA_DIR = data
2026-06-02 15:33:18 | INFO | C03 | OUTPUT_CSV = data\output\consumed_sales_kjleopold.csv
2026-06-02 15:33:18 | INFO | C03 | REGIONS_CSV = data\regions.csv
2026-06-02 15:33:18 | INFO | C03 | PRODUCTS_CSV = data\products.csv
2026-06-02 15:33:18 | INFO | C03 | CURRENCIES_CSV = data\currencies.csv
2026-06-02 15:33:18 | INFO | C03 | DISCOUNT_CODES_CSV = data\discount_codes.csv
2026-06-02 15:33:18 | INFO | C03 | ========================
2026-06-02 15:33:18 | INFO | C03 | SECTION A. Acquire
2026-06-02 15:33:18 | INFO | C03 | ========================
2026-06-02 15:33:18 | INFO | C03 | Loading settings from .env...
2026-06-02 15:33:18 | INFO | C03 | KAFKA_BOOTSTRAP_SERVERS  = localhost:9092
2026-06-02 15:33:18 | INFO | C03 | KAFKA_TOPIC              = streaming-03-analytics-kjleopold
2026-06-02 15:33:18 | INFO | C03 | KAFKA_GROUP_ID           = streaming-consumer-group-A
2026-06-02 15:33:18 | INFO | C03 | CONSUMER_TIMEOUT_SECONDS = 10.0
2026-06-02 15:33:18 | INFO | C03 | CONSUMER_MAX_MESSAGES    = 1000
2026-06-02 15:33:18 | INFO | C03 | Verifying Kafka connection...
2026-06-02 15:33:18 | INFO | C03 | Kafka port is reachable.
2026-06-02 15:33:18 | INFO | C03 | Verifying Kafka topic...
2026-06-02 15:33:20 | INFO | P03 | Loading validation reference data...
2026-06-02 15:33:20 | INFO | P03 | Found 6 valid regions, 
2026-06-02 15:33:20 | INFO | P03 | 6 valid products.
2026-06-02 15:33:20 | INFO | P03 | ========================
2026-06-02 15:33:20 | INFO | P03 | SECTION P. Produce Messages
2026-06-02 15:33:20 | INFO | P03 | ========================
2026-06-02 15:33:20 | INFO | P03 | Initializing output...
2026-06-02 15:33:20 | INFO | P03 | Output directory ready: output
2026-06-02 15:33:20 | INFO | P03 | Sending messages...
2026-06-02 15:33:20 | INFO | P03 | Sending up to 12 message(s) to topic 'streaming-03-analytics-kjleopold'.
2026-06-02 15:33:20 | INFO | P03 | Watch each sale arrive. Press CTRL+C to stop early.

2026-06-02 15:33:20 | INFO | P03 | {
  order_id: e7324981-a9f0-419f-b708-d0a333451fff
  datetime: 2026-05-04T08:11:00Z
  region_id: US-TX
  currency_code: USD
  product_id: PY-STREAM-005
  unit_price: 59.99
  quantity: 3
  is_online: true
  customer_id: CUST-4150
  is_new_customer: false
  device_type: tablet
  payment_method: paypal
  referral_source: paid_search
  discount_code: 
  customer_note: Gift for my team
}
2026-06-02 15:33:20 | INFO | P03 | {
  order_id: d61943e0-f543-4b5f-9c9a-18605ea4cfe5
  datetime: 2026-05-04T08:23:00Z
  region_id: US-TX
  currency_code: USD
  product_id: PY-DATA-002
  unit_price: 49.99
  quantity: 1
  is_online: true
  customer_id: CUST-1106
  is_new_customer: false
  device_type: mobile
  payment_method: paypal
  referral_source: paid_search
  discount_code: 
  customer_note: Gift for my team
}
2026-06-02 15:33:20 | INFO | P03 | {
  order_id: 14da1915-8e74-47be-9e10-f7275d31af46
  datetime: 2026-05-04T08:28:00Z
  region_id: CA-QC
  currency_code: CAD
  product_id: PY-NLP-006
  unit_price: 54.99
  quantity: 1
  is_online: true
  customer_id: CUST-2133
  is_new_customer: false
  device_type: desktop
  payment_method: paypal
  referral_source: organic
  discount_code: 
  customer_note: Learning at my own pace
}
2026-06-02 15:33:20 | INFO | P03 | {
  order_id: d77ed935-9b28-431d-bc25-0a3fd98f4154
  datetime: 2026-05-04T08:40:00Z
  region_id: US-CA
  currency_code: USD
  product_id: PY-STREAM-005
  unit_price: 59.99
  quantity: 1
  is_online: true
  customer_id: CUST-5333
  is_new_customer: false
  device_type: mobile
  payment_method: paypal
  referral_source: organic
  discount_code: 
  customer_note: Highly recommend
}
2026-06-02 15:33:20 | INFO | P03 | {
  order_id: 24b91995-25f8-4ad7-8fa6-2e4c15750e5e
  datetime: 2026-05-04T08:41:00Z
  region_id: US-MO
  currency_code: USD
  product_id: PY-VIZ-003
  unit_price: 39.99
  quantity: 1
  is_online: true
  customer_id: CUST-8573
  is_new_customer: false
  device_type: mobile
  payment_method: apple_pay
  referral_source: paid_search
  discount_code: 
  customer_note: Learning at my own pace
}
2026-06-02 15:33:20 | INFO | P03 | {
  order_id: 1ec0fc8b-998c-4f43-8a66-19e1fa7d5fa8
  datetime: 2026-05-04T08:54:00Z
  region_id: CA-ON
  currency_code: CAD
  product_id: PY-SQL-004
  unit_price: 44.99
  quantity: 1
  is_online: true
  customer_id: CUST-8062
  is_new_customer: false
  device_type: tablet
  payment_method: paypal
  referral_source: organic
  discount_code: 
  customer_note: 
}
2026-06-02 15:33:20 | INFO | P03 | {
  order_id: 392dd49b-b385-499c-9b4a-a38387fa39ae
  datetime: 2026-05-04T09:07:00Z
  region_id: CA-ON
  currency_code: CAD
  product_id: PY-INTRO-001
  unit_price: 29.99
  quantity: 1
  is_online: false
  customer_id: CUST-9348
  is_new_customer: false
  device_type: desktop
  payment_method: credit_card
  referral_source: paid_search
  discount_code: 
  customer_note: For my study group
}
2026-06-02 15:33:20 | INFO | P03 | {
  order_id: 02782ab7-dd7d-4ebe-8abc-ef81cdc4193b
  datetime: 2026-05-04T09:15:00Z
  region_id: US-CA
  currency_code: USD
  product_id: PY-VIZ-003
  unit_price: 39.99
  quantity: 1
  is_online: true
  customer_id: CUST-5889
  is_new_customer: false
  device_type: tablet
  payment_method: paypal
  referral_source: organic
  discount_code: 
  customer_note: 
}
2026-06-02 15:33:20 | INFO | P03 | {
  order_id: 67bd3492-cc96-429a-9a91-1b4d2132d261
  datetime: 2026-05-04T09:19:00Z
  region_id: CA-ON
  currency_code: CAD
  product_id: PY-VIZ-003
  unit_price: 39.99
  quantity: 1
  is_online: true
  customer_id: CUST-4770
  is_new_customer: false
  device_type: desktop
  payment_method: credit_card
  referral_source: paid_search
  discount_code: 
  customer_note: Excellent content
}
2026-06-02 15:33:20 | INFO | P03 | {
  order_id: 0a021628-6937-4876-8875-b00c07a39e0f
  datetime: 2026-05-04T09:37:00Z
  region_id: MX-CMX
  currency_code: MXN
  product_id: PY-DATA-002
  unit_price: 49.99
  quantity: 1
  is_online: true
  customer_id: CUST-6168
  is_new_customer: false
  device_type: desktop
  payment_method: paypal
  referral_source: organic
  discount_code: 
  customer_note: 
}
2026-06-02 15:33:20 | INFO | P03 | {
  order_id: b05fc600-a5fc-4826-934c-cc1f188b0715
  datetime: 2026-05-04T09:42:00Z
  region_id: US-MO
  currency_code: USD
  product_id: PY-DATA-002
  unit_price: 49.99
  quantity: 3
  is_online: true
  customer_id: CUST-3340
  is_new_customer: false
  device_type: tablet
  payment_method: credit_card
  referral_source: organic
  discount_code: 
  customer_note: Recommended by a colleague
}
2026-06-02 15:33:20 | INFO | P03 | {
  order_id: 03d437fb-6966-47ad-a67a-728630c8b3f8
  datetime: 2026-05-04T10:06:00Z
  region_id: US-MO
  currency_code: USD
  product_id: PY-INTRO-001
  unit_price: 29.99
  quantity: 1
  is_online: true
  customer_id: CUST-8668
  is_new_customer: false
  device_type: mobile
  payment_method: apple_pay
  referral_source: email
  discount_code: 
  customer_note: 
}
2026-06-02 15:33:20 | INFO | P03 | Checking for rejected records...
2026-06-02 15:33:20 | INFO | P03 |   No records rejected.
2026-06-02 15:33:20 | INFO | P03 | ========================
2026-06-02 15:33:20 | INFO | P03 | SECTION E. Exit
2026-06-02 15:33:20 | INFO | P03 | ========================
2026-06-02 15:33:20 | INFO | P03 | Summary:
2026-06-02 15:33:20 | INFO | P03 | Sent 0 message(s) to topic 'streaming-03-analytics-kjleopold'.
2026-06-02 15:33:20 | INFO | P03 | Rejected 0 message(s).
2026-06-02 15:33:20 | INFO | P03 | ========================
2026-06-02 15:33:20 | INFO | P03 | Producer executed successfully!
2026-06-02 15:33:20 | INFO | P03 | ========================
2026-06-02 15:33:22 | INFO | C03 | Topic 'streaming-03-analytics-kjleopold' exists.
2026-06-02 15:33:23 | INFO | C03 | Found 0 message(s) available.
2026-06-02 15:33:23 | ERROR | C03 | Topic is empty. Run the producer first.
2026-06-02 15:34:57 | DEBUG | C03 | KAFKA_BOOTSTRAP_SERVERS           = localhost:9092
2026-06-02 15:34:57 | DEBUG | C03 | KAFKA_BROKER_ADDRESS_FAMILY       = v6
2026-06-02 15:34:57 | DEBUG | C03 | KAFKA_TOPIC                       = streaming-03-analytics-kjleopold
2026-06-02 15:34:57 | DEBUG | C03 | KAFKA_CLEAR_TOPIC_ON_START        = true
2026-06-02 15:34:57 | DEBUG | C03 | PRODUCER_MESSAGE_COUNT            = 12
2026-06-02 15:34:57 | DEBUG | C03 | PRODUCER_MESSAGE_INTERVAL_SECONDS = 1
2026-06-02 15:34:57 | DEBUG | C03 | PRODUCER_MAX_MESSAGES             = 50
2026-06-02 15:34:57 | DEBUG | C03 | PRODUCER_POLL_INTERVAL_SECONDS    = 15
2026-06-02 15:34:57 | DEBUG | C03 | KAFKA_GROUP_ID                    = streaming-consumer-group-A
2026-06-02 15:34:57 | DEBUG | C03 | KAFKA_AUTO_OFFSET_RESET           = earliest
2026-06-02 15:34:57 | DEBUG | C03 | CONSUMER_TIMEOUT_SECONDS          = 10
2026-06-02 15:34:57 | DEBUG | C03 | CONSUMER_MAX_MESSAGES             = 1000
2026-06-02 15:34:57 | INFO | C03 | === RUN START ===
2026-06-02 15:34:57 | INFO | C03 | project=C03
2026-06-02 15:34:57 | INFO | C03 | repo_dir=streaming-03-analytics
2026-06-02 15:34:57 | INFO | C03 | python=3.14.3
2026-06-02 15:34:57 | INFO | C03 | os=Windows 11
2026-06-02 15:34:57 | INFO | C03 | shell=powershell
2026-06-02 15:34:57 | INFO | C03 | cwd=.
2026-06-02 15:34:57 | INFO | C03 | github_actions=False
2026-06-02 15:34:57 | INFO | C03 | ========================
2026-06-02 15:34:57 | INFO | C03 | START consumer main()
2026-06-02 15:34:57 | INFO | C03 | ========================
2026-06-02 15:34:57 | INFO | C03 | ROOT_DIR = .
2026-06-02 15:34:57 | INFO | C03 | DATA_DIR = data
2026-06-02 15:34:57 | INFO | C03 | OUTPUT_CSV = data\output\consumed_sales_kjleopold.csv
2026-06-02 15:34:57 | INFO | C03 | REGIONS_CSV = data\regions.csv
2026-06-02 15:34:57 | INFO | C03 | PRODUCTS_CSV = data\products.csv
2026-06-02 15:34:57 | INFO | C03 | CURRENCIES_CSV = data\currencies.csv
2026-06-02 15:34:57 | INFO | C03 | DISCOUNT_CODES_CSV = data\discount_codes.csv
2026-06-02 15:34:57 | INFO | C03 | ========================
2026-06-02 15:34:57 | INFO | C03 | SECTION A. Acquire
2026-06-02 15:34:57 | INFO | C03 | ========================
2026-06-02 15:34:57 | INFO | C03 | Loading settings from .env...
2026-06-02 15:34:57 | INFO | C03 | KAFKA_BOOTSTRAP_SERVERS  = localhost:9092
2026-06-02 15:34:57 | INFO | C03 | KAFKA_TOPIC              = streaming-03-analytics-kjleopold
2026-06-02 15:34:57 | INFO | C03 | KAFKA_GROUP_ID           = streaming-consumer-group-A
2026-06-02 15:34:57 | INFO | C03 | CONSUMER_TIMEOUT_SECONDS = 10.0
2026-06-02 15:34:57 | INFO | C03 | CONSUMER_MAX_MESSAGES    = 1000
2026-06-02 15:34:57 | INFO | C03 | Verifying Kafka connection...
2026-06-02 15:34:57 | INFO | C03 | Kafka port is reachable.
2026-06-02 15:34:57 | INFO | C03 | Verifying Kafka topic...
2026-06-02 15:35:05 | INFO | C03 | Topic 'streaming-03-analytics-kjleopold' exists.
2026-06-02 15:35:05 | INFO | C03 | Found 0 message(s) available.
2026-06-02 15:35:05 | ERROR | C03 | Topic is empty. Run the producer first.
2026-06-02 15:35:20 | DEBUG | P03 | KAFKA_BOOTSTRAP_SERVERS           = localhost:9092
2026-06-02 15:35:20 | DEBUG | P03 | KAFKA_BROKER_ADDRESS_FAMILY       = v6
2026-06-02 15:35:20 | DEBUG | P03 | KAFKA_TOPIC                       = streaming-03-analytics-kjleopold
2026-06-02 15:35:20 | DEBUG | P03 | KAFKA_CLEAR_TOPIC_ON_START        = true
2026-06-02 15:35:20 | DEBUG | P03 | PRODUCER_MESSAGE_COUNT            = 12
2026-06-02 15:35:20 | DEBUG | P03 | PRODUCER_MESSAGE_INTERVAL_SECONDS = 1
2026-06-02 15:35:20 | DEBUG | P03 | PRODUCER_MAX_MESSAGES             = 50
2026-06-02 15:35:20 | DEBUG | P03 | PRODUCER_POLL_INTERVAL_SECONDS    = 15
2026-06-02 15:35:20 | DEBUG | P03 | KAFKA_GROUP_ID                    = streaming-consumer-group-A
2026-06-02 15:35:20 | DEBUG | P03 | KAFKA_AUTO_OFFSET_RESET           = earliest
2026-06-02 15:35:20 | DEBUG | P03 | CONSUMER_TIMEOUT_SECONDS          = 10
2026-06-02 15:35:20 | DEBUG | P03 | CONSUMER_MAX_MESSAGES             = 1000
2026-06-02 15:35:20 | INFO | P03 | === RUN START ===
2026-06-02 15:35:20 | INFO | P03 | project=P03
2026-06-02 15:35:20 | INFO | P03 | repo_dir=streaming-03-analytics
2026-06-02 15:35:20 | INFO | P03 | python=3.14.3
2026-06-02 15:35:20 | INFO | P03 | os=Windows 11
2026-06-02 15:35:20 | INFO | P03 | shell=powershell
2026-06-02 15:35:20 | INFO | P03 | cwd=.
2026-06-02 15:35:20 | INFO | P03 | github_actions=False
2026-06-02 15:35:20 | INFO | P03 | ========================
2026-06-02 15:35:20 | INFO | P03 | START producer main()
2026-06-02 15:35:20 | INFO | P03 | ========================
2026-06-02 15:35:20 | INFO | P03 | ROOT_DIR = .
2026-06-02 15:35:20 | INFO | P03 | DATA_DIR = data
2026-06-02 15:35:20 | INFO | P03 | SALES_CSV = data\sales.csv
2026-06-02 15:35:20 | INFO | P03 | REGIONS_CSV = data\regions.csv
2026-06-02 15:35:20 | INFO | P03 | PRODUCTS_CSV = data\products.csv
2026-06-02 15:35:20 | INFO | P03 | REJECTED_SALES_CSV = data\output\producer_rejected_sales.csv
2026-06-02 15:35:20 | INFO | P03 | ========================
2026-06-02 15:35:20 | INFO | P03 | SECTION A. Acquire
2026-06-02 15:35:20 | INFO | P03 | ========================
2026-06-02 15:35:20 | INFO | P03 | Loading settings from .env...
2026-06-02 15:35:20 | INFO | P03 | KAFKA_BOOTSTRAP_SERVERS           = localhost:9092
2026-06-02 15:35:20 | INFO | P03 | KAFKA_TOPIC                       = streaming-03-analytics-kjleopold
2026-06-02 15:35:20 | INFO | P03 | PRODUCER_MESSAGE_COUNT            = 12
2026-06-02 15:35:20 | INFO | P03 | PRODUCER_MESSAGE_INTERVAL_SECONDS = 1.0
2026-06-02 15:35:20 | INFO | P03 | KAFKA_CLEAR_TOPIC_ON_START        = True
2026-06-02 15:35:20 | INFO | P03 | Verifying Kafka connection...
2026-06-02 15:35:20 | INFO | P03 | Kafka port is reachable.
2026-06-02 15:35:20 | DEBUG | C03 | KAFKA_BOOTSTRAP_SERVERS           = localhost:9092
2026-06-02 15:35:20 | DEBUG | C03 | KAFKA_BROKER_ADDRESS_FAMILY       = v6
2026-06-02 15:35:20 | DEBUG | C03 | KAFKA_TOPIC                       = streaming-03-analytics-kjleopold
2026-06-02 15:35:20 | DEBUG | C03 | KAFKA_CLEAR_TOPIC_ON_START        = true
2026-06-02 15:35:20 | DEBUG | C03 | PRODUCER_MESSAGE_COUNT            = 12
2026-06-02 15:35:20 | DEBUG | C03 | PRODUCER_MESSAGE_INTERVAL_SECONDS = 1
2026-06-02 15:35:20 | DEBUG | C03 | PRODUCER_MAX_MESSAGES             = 50
2026-06-02 15:35:20 | DEBUG | C03 | PRODUCER_POLL_INTERVAL_SECONDS    = 15
2026-06-02 15:35:20 | DEBUG | C03 | KAFKA_GROUP_ID                    = streaming-consumer-group-A
2026-06-02 15:35:20 | DEBUG | C03 | KAFKA_AUTO_OFFSET_RESET           = earliest
2026-06-02 15:35:20 | DEBUG | C03 | CONSUMER_TIMEOUT_SECONDS          = 10
2026-06-02 15:35:20 | DEBUG | C03 | CONSUMER_MAX_MESSAGES             = 1000
2026-06-02 15:35:20 | INFO | C03 | === RUN START ===
2026-06-02 15:35:20 | INFO | C03 | project=C03
2026-06-02 15:35:20 | INFO | C03 | repo_dir=streaming-03-analytics
2026-06-02 15:35:20 | INFO | C03 | python=3.14.3
2026-06-02 15:35:20 | INFO | C03 | os=Windows 11
2026-06-02 15:35:20 | INFO | C03 | shell=powershell
2026-06-02 15:35:20 | INFO | C03 | cwd=.
2026-06-02 15:35:20 | INFO | C03 | github_actions=False
2026-06-02 15:35:20 | INFO | C03 | ========================
2026-06-02 15:35:20 | INFO | C03 | START consumer main()
2026-06-02 15:35:20 | INFO | C03 | ========================
2026-06-02 15:35:20 | INFO | C03 | ROOT_DIR = .
2026-06-02 15:35:20 | INFO | C03 | DATA_DIR = data
2026-06-02 15:35:20 | INFO | C03 | OUTPUT_CSV = data\output\consumed_sales_kjleopold.csv
2026-06-02 15:35:20 | INFO | C03 | REGIONS_CSV = data\regions.csv
2026-06-02 15:35:20 | INFO | C03 | PRODUCTS_CSV = data\products.csv
2026-06-02 15:35:20 | INFO | C03 | CURRENCIES_CSV = data\currencies.csv
2026-06-02 15:35:20 | INFO | C03 | DISCOUNT_CODES_CSV = data\discount_codes.csv
2026-06-02 15:35:20 | INFO | C03 | ========================
2026-06-02 15:35:20 | INFO | C03 | SECTION A. Acquire
2026-06-02 15:35:20 | INFO | C03 | ========================
2026-06-02 15:35:20 | INFO | C03 | Loading settings from .env...
2026-06-02 15:35:20 | INFO | C03 | KAFKA_BOOTSTRAP_SERVERS  = localhost:9092
2026-06-02 15:35:20 | INFO | C03 | KAFKA_TOPIC              = streaming-03-analytics-kjleopold
2026-06-02 15:35:20 | INFO | C03 | KAFKA_GROUP_ID           = streaming-consumer-group-A
2026-06-02 15:35:20 | INFO | C03 | CONSUMER_TIMEOUT_SECONDS = 10.0
2026-06-02 15:35:20 | INFO | C03 | CONSUMER_MAX_MESSAGES    = 1000
2026-06-02 15:35:20 | INFO | C03 | Verifying Kafka connection...
2026-06-02 15:35:20 | INFO | C03 | Kafka port is reachable.
2026-06-02 15:35:20 | INFO | C03 | Verifying Kafka topic...
2026-06-02 15:35:27 | INFO | P03 | Loading validation reference data...
2026-06-02 15:35:27 | INFO | P03 | Found 6 valid regions, 
2026-06-02 15:35:27 | INFO | P03 | 6 valid products.
2026-06-02 15:35:27 | INFO | P03 | ========================
2026-06-02 15:35:27 | INFO | P03 | SECTION P. Produce Messages
2026-06-02 15:35:27 | INFO | P03 | ========================
2026-06-02 15:35:27 | INFO | P03 | Initializing output...
2026-06-02 15:35:27 | INFO | P03 | Output directory ready: output
2026-06-02 15:35:27 | INFO | P03 | Sending messages...
2026-06-02 15:35:27 | INFO | P03 | Sending up to 12 message(s) to topic 'streaming-03-analytics-kjleopold'.
2026-06-02 15:35:27 | INFO | P03 | Watch each sale arrive. Press CTRL+C to stop early.

2026-06-02 15:35:27 | INFO | P03 | {
  order_id: e7324981-a9f0-419f-b708-d0a333451fff
  datetime: 2026-05-04T08:11:00Z
  region_id: US-TX
  currency_code: USD
  product_id: PY-STREAM-005
  unit_price: 59.99
  quantity: 3
  is_online: true
  customer_id: CUST-4150
  is_new_customer: false
  device_type: tablet
  payment_method: paypal
  referral_source: paid_search
  discount_code: 
  customer_note: Gift for my team
}
2026-06-02 15:35:27 | INFO | P03 | {
  order_id: d61943e0-f543-4b5f-9c9a-18605ea4cfe5
  datetime: 2026-05-04T08:23:00Z
  region_id: US-TX
  currency_code: USD
  product_id: PY-DATA-002
  unit_price: 49.99
  quantity: 1
  is_online: true
  customer_id: CUST-1106
  is_new_customer: false
  device_type: mobile
  payment_method: paypal
  referral_source: paid_search
  discount_code: 
  customer_note: Gift for my team
}
2026-06-02 15:35:27 | INFO | P03 | {
  order_id: 14da1915-8e74-47be-9e10-f7275d31af46
  datetime: 2026-05-04T08:28:00Z
  region_id: CA-QC
  currency_code: CAD
  product_id: PY-NLP-006
  unit_price: 54.99
  quantity: 1
  is_online: true
  customer_id: CUST-2133
  is_new_customer: false
  device_type: desktop
  payment_method: paypal
  referral_source: organic
  discount_code: 
  customer_note: Learning at my own pace
}
2026-06-02 15:35:27 | INFO | P03 | {
  order_id: d77ed935-9b28-431d-bc25-0a3fd98f4154
  datetime: 2026-05-04T08:40:00Z
  region_id: US-CA
  currency_code: USD
  product_id: PY-STREAM-005
  unit_price: 59.99
  quantity: 1
  is_online: true
  customer_id: CUST-5333
  is_new_customer: false
  device_type: mobile
  payment_method: paypal
  referral_source: organic
  discount_code: 
  customer_note: Highly recommend
}
2026-06-02 15:35:27 | INFO | P03 | {
  order_id: 24b91995-25f8-4ad7-8fa6-2e4c15750e5e
  datetime: 2026-05-04T08:41:00Z
  region_id: US-MO
  currency_code: USD
  product_id: PY-VIZ-003
  unit_price: 39.99
  quantity: 1
  is_online: true
  customer_id: CUST-8573
  is_new_customer: false
  device_type: mobile
  payment_method: apple_pay
  referral_source: paid_search
  discount_code: 
  customer_note: Learning at my own pace
}
2026-06-02 15:35:27 | INFO | P03 | {
  order_id: 1ec0fc8b-998c-4f43-8a66-19e1fa7d5fa8
  datetime: 2026-05-04T08:54:00Z
  region_id: CA-ON
  currency_code: CAD
  product_id: PY-SQL-004
  unit_price: 44.99
  quantity: 1
  is_online: true
  customer_id: CUST-8062
  is_new_customer: false
  device_type: tablet
  payment_method: paypal
  referral_source: organic
  discount_code: 
  customer_note: 
}
2026-06-02 15:35:27 | INFO | P03 | {
  order_id: 392dd49b-b385-499c-9b4a-a38387fa39ae
  datetime: 2026-05-04T09:07:00Z
  region_id: CA-ON
  currency_code: CAD
  product_id: PY-INTRO-001
  unit_price: 29.99
  quantity: 1
  is_online: false
  customer_id: CUST-9348
  is_new_customer: false
  device_type: desktop
  payment_method: credit_card
  referral_source: paid_search
  discount_code: 
  customer_note: For my study group
}
2026-06-02 15:35:27 | INFO | P03 | {
  order_id: 02782ab7-dd7d-4ebe-8abc-ef81cdc4193b
  datetime: 2026-05-04T09:15:00Z
  region_id: US-CA
  currency_code: USD
  product_id: PY-VIZ-003
  unit_price: 39.99
  quantity: 1
  is_online: true
  customer_id: CUST-5889
  is_new_customer: false
  device_type: tablet
  payment_method: paypal
  referral_source: organic
  discount_code: 
  customer_note: 
}
2026-06-02 15:35:27 | INFO | P03 | {
  order_id: 67bd3492-cc96-429a-9a91-1b4d2132d261
  datetime: 2026-05-04T09:19:00Z
  region_id: CA-ON
  currency_code: CAD
  product_id: PY-VIZ-003
  unit_price: 39.99
  quantity: 1
  is_online: true
  customer_id: CUST-4770
  is_new_customer: false
  device_type: desktop
  payment_method: credit_card
  referral_source: paid_search
  discount_code: 
  customer_note: Excellent content
}
2026-06-02 15:35:27 | INFO | P03 | {
  order_id: 0a021628-6937-4876-8875-b00c07a39e0f
  datetime: 2026-05-04T09:37:00Z
  region_id: MX-CMX
  currency_code: MXN
  product_id: PY-DATA-002
  unit_price: 49.99
  quantity: 1
  is_online: true
  customer_id: CUST-6168
  is_new_customer: false
  device_type: desktop
  payment_method: paypal
  referral_source: organic
  discount_code: 
  customer_note: 
}
2026-06-02 15:35:27 | INFO | P03 | {
  order_id: b05fc600-a5fc-4826-934c-cc1f188b0715
  datetime: 2026-05-04T09:42:00Z
  region_id: US-MO
  currency_code: USD
  product_id: PY-DATA-002
  unit_price: 49.99
  quantity: 3
  is_online: true
  customer_id: CUST-3340
  is_new_customer: false
  device_type: tablet
  payment_method: credit_card
  referral_source: organic
  discount_code: 
  customer_note: Recommended by a colleague
}
2026-06-02 15:35:27 | INFO | P03 | {
  order_id: 03d437fb-6966-47ad-a67a-728630c8b3f8
  datetime: 2026-05-04T10:06:00Z
  region_id: US-MO
  currency_code: USD
  product_id: PY-INTRO-001
  unit_price: 29.99
  quantity: 1
  is_online: true
  customer_id: CUST-8668
  is_new_customer: false
  device_type: mobile
  payment_method: apple_pay
  referral_source: email
  discount_code: 
  customer_note: 
}
2026-06-02 15:35:27 | INFO | P03 | Checking for rejected records...
2026-06-02 15:35:27 | INFO | P03 |   No records rejected.
2026-06-02 15:35:27 | INFO | P03 | ========================
2026-06-02 15:35:27 | INFO | P03 | SECTION E. Exit
2026-06-02 15:35:27 | INFO | P03 | ========================
2026-06-02 15:35:27 | INFO | P03 | Summary:
2026-06-02 15:35:27 | INFO | P03 | Sent 0 message(s) to topic 'streaming-03-analytics-kjleopold'.
2026-06-02 15:35:27 | INFO | P03 | Rejected 0 message(s).
2026-06-02 15:35:27 | INFO | P03 | ========================
2026-06-02 15:35:27 | INFO | P03 | Producer executed successfully!
2026-06-02 15:35:27 | INFO | P03 | ========================
2026-06-02 15:35:35 | INFO | C03 | Topic 'streaming-03-analytics-kjleopold' exists.
2026-06-02 15:35:35 | INFO | C03 | Found 0 message(s) available.
2026-06-02 15:35:35 | ERROR | C03 | Topic is empty. Run the producer first.
2026-06-02 15:38:18 | DEBUG | P03 | KAFKA_BOOTSTRAP_SERVERS           = localhost:9092
2026-06-02 15:38:18 | DEBUG | P03 | KAFKA_BROKER_ADDRESS_FAMILY       = v6
2026-06-02 15:38:18 | DEBUG | P03 | KAFKA_TOPIC                       = streaming-03-analytics-kjleopold
2026-06-02 15:38:18 | DEBUG | P03 | KAFKA_CLEAR_TOPIC_ON_START        = true
2026-06-02 15:38:18 | DEBUG | P03 | PRODUCER_MESSAGE_COUNT            = 200
2026-06-02 15:38:18 | DEBUG | P03 | PRODUCER_MESSAGE_INTERVAL_SECONDS = 1
2026-06-02 15:38:18 | DEBUG | P03 | PRODUCER_MAX_MESSAGES             = 50
2026-06-02 15:38:18 | DEBUG | P03 | PRODUCER_POLL_INTERVAL_SECONDS    = 15
2026-06-02 15:38:18 | DEBUG | P03 | KAFKA_GROUP_ID                    = streaming-consumer-group-A
2026-06-02 15:38:18 | DEBUG | P03 | KAFKA_AUTO_OFFSET_RESET           = earliest
2026-06-02 15:38:18 | DEBUG | P03 | CONSUMER_TIMEOUT_SECONDS          = 10
2026-06-02 15:38:18 | DEBUG | P03 | CONSUMER_MAX_MESSAGES             = 1000
2026-06-02 15:38:18 | INFO | P03 | === RUN START ===
2026-06-02 15:38:18 | INFO | P03 | project=P03
2026-06-02 15:38:18 | INFO | P03 | repo_dir=streaming-03-analytics
2026-06-02 15:38:18 | INFO | P03 | python=3.14.3
2026-06-02 15:38:18 | INFO | P03 | os=Windows 11
2026-06-02 15:38:18 | INFO | P03 | shell=powershell
2026-06-02 15:38:18 | INFO | P03 | cwd=.
2026-06-02 15:38:18 | INFO | P03 | github_actions=False
2026-06-02 15:38:18 | INFO | P03 | ========================
2026-06-02 15:38:18 | INFO | P03 | START producer main()
2026-06-02 15:38:18 | INFO | P03 | ========================
2026-06-02 15:38:18 | INFO | P03 | ROOT_DIR = .
2026-06-02 15:38:18 | INFO | P03 | DATA_DIR = data
2026-06-02 15:38:18 | INFO | P03 | SALES_CSV = data\sales.csv
2026-06-02 15:38:18 | INFO | P03 | REGIONS_CSV = data\regions.csv
2026-06-02 15:38:18 | INFO | P03 | PRODUCTS_CSV = data\products.csv
2026-06-02 15:38:18 | INFO | P03 | REJECTED_SALES_CSV = data\output\producer_rejected_sales.csv
2026-06-02 15:38:18 | INFO | P03 | ========================
2026-06-02 15:38:18 | INFO | P03 | SECTION A. Acquire
2026-06-02 15:38:18 | INFO | P03 | ========================
2026-06-02 15:38:18 | INFO | P03 | Loading settings from .env...
2026-06-02 15:38:18 | INFO | P03 | KAFKA_BOOTSTRAP_SERVERS           = localhost:9092
2026-06-02 15:38:18 | INFO | P03 | KAFKA_TOPIC                       = streaming-03-analytics-kjleopold
2026-06-02 15:38:18 | INFO | P03 | PRODUCER_MESSAGE_COUNT            = 200
2026-06-02 15:38:18 | INFO | P03 | PRODUCER_MESSAGE_INTERVAL_SECONDS = 1.0
2026-06-02 15:38:18 | INFO | P03 | KAFKA_CLEAR_TOPIC_ON_START        = True
2026-06-02 15:38:18 | INFO | P03 | Verifying Kafka connection...
2026-06-02 15:38:18 | INFO | P03 | Kafka port is reachable.
2026-06-02 15:38:18 | DEBUG | C03 | KAFKA_BOOTSTRAP_SERVERS           = localhost:9092
2026-06-02 15:38:18 | DEBUG | C03 | KAFKA_BROKER_ADDRESS_FAMILY       = v6
2026-06-02 15:38:18 | DEBUG | C03 | KAFKA_TOPIC                       = streaming-03-analytics-kjleopold
2026-06-02 15:38:18 | DEBUG | C03 | KAFKA_CLEAR_TOPIC_ON_START        = true
2026-06-02 15:38:18 | DEBUG | C03 | PRODUCER_MESSAGE_COUNT            = 200
2026-06-02 15:38:18 | DEBUG | C03 | PRODUCER_MESSAGE_INTERVAL_SECONDS = 1
2026-06-02 15:38:18 | DEBUG | C03 | PRODUCER_MAX_MESSAGES             = 50
2026-06-02 15:38:18 | DEBUG | C03 | PRODUCER_POLL_INTERVAL_SECONDS    = 15
2026-06-02 15:38:18 | DEBUG | C03 | KAFKA_GROUP_ID                    = streaming-consumer-group-A
2026-06-02 15:38:18 | DEBUG | C03 | KAFKA_AUTO_OFFSET_RESET           = earliest
2026-06-02 15:38:18 | DEBUG | C03 | CONSUMER_TIMEOUT_SECONDS          = 10
2026-06-02 15:38:18 | DEBUG | C03 | CONSUMER_MAX_MESSAGES             = 1000
2026-06-02 15:38:18 | INFO | C03 | === RUN START ===
2026-06-02 15:38:18 | INFO | C03 | project=C03
2026-06-02 15:38:18 | INFO | C03 | repo_dir=streaming-03-analytics
2026-06-02 15:38:18 | INFO | C03 | python=3.14.3
2026-06-02 15:38:19 | INFO | C03 | os=Windows 11
2026-06-02 15:38:19 | INFO | C03 | shell=powershell
2026-06-02 15:38:19 | INFO | C03 | cwd=.
2026-06-02 15:38:19 | INFO | C03 | github_actions=False
2026-06-02 15:38:19 | INFO | C03 | ========================
2026-06-02 15:38:19 | INFO | C03 | START consumer main()
2026-06-02 15:38:19 | INFO | C03 | ========================
2026-06-02 15:38:19 | INFO | C03 | ROOT_DIR = .
2026-06-02 15:38:19 | INFO | C03 | DATA_DIR = data
2026-06-02 15:38:19 | INFO | C03 | OUTPUT_CSV = data\output\consumed_sales_kjleopold.csv
2026-06-02 15:38:19 | INFO | C03 | REGIONS_CSV = data\regions.csv
2026-06-02 15:38:19 | INFO | C03 | PRODUCTS_CSV = data\products.csv
2026-06-02 15:38:19 | INFO | C03 | CURRENCIES_CSV = data\currencies.csv
2026-06-02 15:38:19 | INFO | C03 | DISCOUNT_CODES_CSV = data\discount_codes.csv
2026-06-02 15:38:19 | INFO | C03 | ========================
2026-06-02 15:38:19 | INFO | C03 | SECTION A. Acquire
2026-06-02 15:38:19 | INFO | C03 | ========================
2026-06-02 15:38:19 | INFO | C03 | Loading settings from .env...
2026-06-02 15:38:19 | INFO | C03 | KAFKA_BOOTSTRAP_SERVERS  = localhost:9092
2026-06-02 15:38:19 | INFO | C03 | KAFKA_TOPIC              = streaming-03-analytics-kjleopold
2026-06-02 15:38:19 | INFO | C03 | KAFKA_GROUP_ID           = streaming-consumer-group-A
2026-06-02 15:38:19 | INFO | C03 | CONSUMER_TIMEOUT_SECONDS = 10.0
2026-06-02 15:38:19 | INFO | C03 | CONSUMER_MAX_MESSAGES    = 1000
2026-06-02 15:38:19 | INFO | C03 | Verifying Kafka connection...
2026-06-02 15:38:19 | INFO | C03 | Kafka port is reachable.
2026-06-02 15:38:19 | INFO | C03 | Verifying Kafka topic...
2026-06-02 15:38:26 | INFO | P03 | Loading validation reference data...
2026-06-02 15:38:26 | INFO | P03 | Found 6 valid regions, 
2026-06-02 15:38:26 | INFO | P03 | 6 valid products.
2026-06-02 15:38:26 | INFO | P03 | ========================
2026-06-02 15:38:26 | INFO | P03 | SECTION P. Produce Messages
2026-06-02 15:38:26 | INFO | P03 | ========================
2026-06-02 15:38:26 | INFO | P03 | Initializing output...
2026-06-02 15:38:26 | INFO | P03 | Output directory ready: output
2026-06-02 15:38:26 | INFO | P03 | Sending messages...
2026-06-02 15:38:26 | INFO | P03 | Sending up to 200 message(s) to topic 'streaming-03-analytics-kjleopold'.
2026-06-02 15:38:26 | INFO | P03 | Watch each sale arrive. Press CTRL+C to stop early.

2026-06-02 15:38:26 | INFO | P03 | {
  order_id: e7324981-a9f0-419f-b708-d0a333451fff
  datetime: 2026-05-04T08:11:00Z
  region_id: US-TX
  currency_code: USD
  product_id: PY-STREAM-005
  unit_price: 59.99
  quantity: 3
  is_online: true
  customer_id: CUST-4150
  is_new_customer: false
  device_type: tablet
  payment_method: paypal
  referral_source: paid_search
  discount_code: 
  customer_note: Gift for my team
}
2026-06-02 15:38:26 | INFO | P03 | Skipping non-discounted sale
2026-06-02 15:38:26 | INFO | P03 | {
  order_id: d61943e0-f543-4b5f-9c9a-18605ea4cfe5
  datetime: 2026-05-04T08:23:00Z
  region_id: US-TX
  currency_code: USD
  product_id: PY-DATA-002
  unit_price: 49.99
  quantity: 1
  is_online: true
  customer_id: CUST-1106
  is_new_customer: false
  device_type: mobile
  payment_method: paypal
  referral_source: paid_search
  discount_code: 
  customer_note: Gift for my team
}
2026-06-02 15:38:26 | INFO | P03 | Skipping non-discounted sale
2026-06-02 15:38:26 | INFO | P03 | {
  order_id: 14da1915-8e74-47be-9e10-f7275d31af46
  datetime: 2026-05-04T08:28:00Z
  region_id: CA-QC
  currency_code: CAD
  product_id: PY-NLP-006
  unit_price: 54.99
  quantity: 1
  is_online: true
  customer_id: CUST-2133
  is_new_customer: false
  device_type: desktop
  payment_method: paypal
  referral_source: organic
  discount_code: 
  customer_note: Learning at my own pace
}
2026-06-02 15:38:26 | INFO | P03 | Skipping non-discounted sale
2026-06-02 15:38:26 | INFO | P03 | {
  order_id: d77ed935-9b28-431d-bc25-0a3fd98f4154
  datetime: 2026-05-04T08:40:00Z
  region_id: US-CA
  currency_code: USD
  product_id: PY-STREAM-005
  unit_price: 59.99
  quantity: 1
  is_online: true
  customer_id: CUST-5333
  is_new_customer: false
  device_type: mobile
  payment_method: paypal
  referral_source: organic
  discount_code: 
  customer_note: Highly recommend
}
2026-06-02 15:38:26 | INFO | P03 | Skipping non-discounted sale
2026-06-02 15:38:26 | INFO | P03 | {
  order_id: 24b91995-25f8-4ad7-8fa6-2e4c15750e5e
  datetime: 2026-05-04T08:41:00Z
  region_id: US-MO
  currency_code: USD
  product_id: PY-VIZ-003
  unit_price: 39.99
  quantity: 1
  is_online: true
  customer_id: CUST-8573
  is_new_customer: false
  device_type: mobile
  payment_method: apple_pay
  referral_source: paid_search
  discount_code: 
  customer_note: Learning at my own pace
}
2026-06-02 15:38:26 | INFO | P03 | Skipping non-discounted sale
2026-06-02 15:38:26 | INFO | P03 | {
  order_id: 1ec0fc8b-998c-4f43-8a66-19e1fa7d5fa8
  datetime: 2026-05-04T08:54:00Z
  region_id: CA-ON
  currency_code: CAD
  product_id: PY-SQL-004
  unit_price: 44.99
  quantity: 1
  is_online: true
  customer_id: CUST-8062
  is_new_customer: false
  device_type: tablet
  payment_method: paypal
  referral_source: organic
  discount_code: 
  customer_note: 
}
2026-06-02 15:38:26 | INFO | P03 | Skipping non-discounted sale
2026-06-02 15:38:26 | INFO | P03 | {
  order_id: 392dd49b-b385-499c-9b4a-a38387fa39ae
  datetime: 2026-05-04T09:07:00Z
  region_id: CA-ON
  currency_code: CAD
  product_id: PY-INTRO-001
  unit_price: 29.99
  quantity: 1
  is_online: false
  customer_id: CUST-9348
  is_new_customer: false
  device_type: desktop
  payment_method: credit_card
  referral_source: paid_search
  discount_code: 
  customer_note: For my study group
}
2026-06-02 15:38:26 | INFO | P03 | Skipping non-discounted sale
2026-06-02 15:38:26 | INFO | P03 | {
  order_id: 02782ab7-dd7d-4ebe-8abc-ef81cdc4193b
  datetime: 2026-05-04T09:15:00Z
  region_id: US-CA
  currency_code: USD
  product_id: PY-VIZ-003
  unit_price: 39.99
  quantity: 1
  is_online: true
  customer_id: CUST-5889
  is_new_customer: false
  device_type: tablet
  payment_method: paypal
  referral_source: organic
  discount_code: 
  customer_note: 
}
2026-06-02 15:38:26 | INFO | P03 | Skipping non-discounted sale
2026-06-02 15:38:26 | INFO | P03 | {
  order_id: 67bd3492-cc96-429a-9a91-1b4d2132d261
  datetime: 2026-05-04T09:19:00Z
  region_id: CA-ON
  currency_code: CAD
  product_id: PY-VIZ-003
  unit_price: 39.99
  quantity: 1
  is_online: true
  customer_id: CUST-4770
  is_new_customer: false
  device_type: desktop
  payment_method: credit_card
  referral_source: paid_search
  discount_code: 
  customer_note: Excellent content
}
2026-06-02 15:38:26 | INFO | P03 | Skipping non-discounted sale
2026-06-02 15:38:26 | INFO | P03 | {
  order_id: 0a021628-6937-4876-8875-b00c07a39e0f
  datetime: 2026-05-04T09:37:00Z
  region_id: MX-CMX
  currency_code: MXN
  product_id: PY-DATA-002
  unit_price: 49.99
  quantity: 1
  is_online: true
  customer_id: CUST-6168
  is_new_customer: false
  device_type: desktop
  payment_method: paypal
  referral_source: organic
  discount_code: 
  customer_note: 
}
2026-06-02 15:38:26 | INFO | P03 | Skipping non-discounted sale
2026-06-02 15:38:26 | INFO | P03 | {
  order_id: b05fc600-a5fc-4826-934c-cc1f188b0715
  datetime: 2026-05-04T09:42:00Z
  region_id: US-MO
  currency_code: USD
  product_id: PY-DATA-002
  unit_price: 49.99
  quantity: 3
  is_online: true
  customer_id: CUST-3340
  is_new_customer: false
  device_type: tablet
  payment_method: credit_card
  referral_source: organic
  discount_code: 
  customer_note: Recommended by a colleague
}
2026-06-02 15:38:26 | INFO | P03 | Skipping non-discounted sale
2026-06-02 15:38:26 | INFO | P03 | {
  order_id: 03d437fb-6966-47ad-a67a-728630c8b3f8
  datetime: 2026-05-04T10:06:00Z
  region_id: US-MO
  currency_code: USD
  product_id: PY-INTRO-001
  unit_price: 29.99
  quantity: 1
  is_online: true
  customer_id: CUST-8668
  is_new_customer: false
  device_type: mobile
  payment_method: apple_pay
  referral_source: email
  discount_code: 
  customer_note: 
}
2026-06-02 15:38:26 | INFO | P03 | Skipping non-discounted sale
2026-06-02 15:38:26 | INFO | P03 | {
  order_id: 6914aea4-448f-4dc1-b68f-0fe4a2c06188
  datetime: 2026-05-04T10:15:00Z
  region_id: US-TX
  currency_code: USD
  product_id: PY-DATA-002
  unit_price: 49.99
  quantity: 1
  is_online: true
  customer_id: CUST-2827
  is_new_customer: false
  device_type: tablet
  payment_method: credit_card
  referral_source: organic
  discount_code: 
  customer_note: Learning at my own pace
}
2026-06-02 15:38:26 | INFO | P03 | Skipping non-discounted sale
2026-06-02 15:38:26 | INFO | P03 | {
  order_id: e1adb233-3aa8-4d60-9684-1ddf52e9d656
  datetime: 2026-05-04T10:16:00Z
  region_id: US-MO
  currency_code: USD
  product_id: PY-STREAM-005
  unit_price: 59.99
  quantity: 5
  is_online: false
  customer_id: CUST-4295
  is_new_customer: false
  device_type: desktop
  payment_method: paypal
  referral_source: organic
  discount_code: 
  customer_note: For my study group
}
2026-06-02 15:38:26 | INFO | P03 | Skipping non-discounted sale
2026-06-02 15:38:26 | INFO | P03 | {
  order_id: 80e9a9ea-9add-4d51-981a-d26aaacd4dc9
  datetime: 2026-05-04T10:30:00Z
  region_id: US-MO
  currency_code: USD
  product_id: PY-DATA-002
  unit_price: 49.99
  quantity: 1
  is_online: true
  customer_id: CUST-8953
  is_new_customer: false
  device_type: desktop
  payment_method: credit_card
  referral_source: social
  discount_code: 
  customer_note: For my study group
}
2026-06-02 15:38:26 | INFO | P03 | Skipping non-discounted sale
2026-06-02 15:38:26 | INFO | P03 | {
  order_id: 68920c43-44f0-4e51-bd21-7904c9427810
  datetime: 2026-05-04T10:43:00Z
  region_id: CA-ON
  currency_code: CAD
  product_id: PY-INTRO-001
  unit_price: 29.99
  quantity: 1
  is_online: true
  customer_id: CUST-1488
  is_new_customer: true
  device_type: mobile
  payment_method: apple_pay
  referral_source: organic
  discount_code: 
  customer_note: 
}
2026-06-02 15:38:26 | INFO | P03 | Skipping non-discounted sale
2026-06-02 15:38:26 | INFO | P03 | {
  order_id: d22acb5c-8fa2-437a-be68-16a3407c5919
  datetime: 2026-05-04T10:43:00Z
  region_id: US-MO
  currency_code: USD
  product_id: PY-SQL-004
  unit_price: 44.99
  quantity: 1
  is_online: true
  customer_id: CUST-1319
  is_new_customer: false
  device_type: desktop
  payment_method: credit_card
  referral_source: social
  discount_code: 
  customer_note: Recommended by a colleague
}
2026-06-02 15:38:26 | INFO | P03 | Skipping non-discounted sale
2026-06-02 15:38:26 | INFO | P03 | {
  order_id: 89715d88-8d25-4fee-9179-438fe49ebd60
  datetime: 2026-05-04T11:00:00Z
  region_id: US-TX
  currency_code: USD
  product_id: PY-INTRO-001
  unit_price: 29.99
  quantity: 1
  is_online: true
  customer_id: CUST-6977
  is_new_customer: false
  device_type: desktop
  payment_method: credit_card
  referral_source: email
  discount_code: 
  customer_note: For my study group
}
2026-06-02 15:38:26 | INFO | P03 | Skipping non-discounted sale
2026-06-02 15:38:26 | INFO | P03 | {
  order_id: 733e6b9b-c9e7-49ef-82d8-b976d0df90cc
  datetime: 2026-05-04T11:06:00Z
  region_id: MX-CMX
  currency_code: MXN
  product_id: PY-INTRO-001
  unit_price: 29.99
  quantity: 1
  is_online: true
  customer_id: CUST-9099
  is_new_customer: false
  device_type: desktop
  payment_method: paypal
  referral_source: paid_search
  discount_code: 
  customer_note: Learning at my own pace
}
2026-06-02 15:38:26 | INFO | P03 | Skipping non-discounted sale
2026-06-02 15:38:26 | INFO | P03 | {
  order_id: 267b5686-afa9-4ce6-bf68-4b861afa6a29
  datetime: 2026-05-04T11:10:00Z
  region_id: US-MO
  currency_code: USD
  product_id: PY-NLP-006
  unit_price: 54.99
  quantity: 5
  is_online: true
  customer_id: CUST-4878
  is_new_customer: true
  device_type: mobile
  payment_method: apple_pay
  referral_source: email
  discount_code: 
  customer_note: Learning at my own pace
}
2026-06-02 15:38:26 | INFO | P03 | Skipping non-discounted sale
2026-06-02 15:38:26 | INFO | P03 | {
  order_id: d6710a67-a351-4185-8d11-3b4e71407f5b
  datetime: 2026-05-04T11:12:00Z
  region_id: US-TX
  currency_code: USD
  product_id: PY-STREAM-005
  unit_price: 59.99
  quantity: 1
  is_online: true
  customer_id: CUST-7570
  is_new_customer: true
  device_type: mobile
  payment_method: credit_card
  referral_source: email
  discount_code: 
  customer_note: Excellent content
}
2026-06-02 15:38:26 | INFO | P03 | Skipping non-discounted sale
2026-06-02 15:38:26 | INFO | P03 | {
  order_id: cbe8f6e2-a71e-4d62-9004-4dbbf6eb5cfe
  datetime: 2026-05-04T11:15:00Z
  region_id: US-MO
  currency_code: USD
  product_id: PY-INTRO-001
  unit_price: 29.99
  quantity: 5
  is_online: false
  customer_id: CUST-8973
  is_new_customer: false
  device_type: desktop
  payment_method: credit_card
  referral_source: email
  discount_code: 
  customer_note: Expected more content
}
2026-06-02 15:38:26 | INFO | P03 | Skipping non-discounted sale
2026-06-02 15:38:26 | INFO | P03 | {
  order_id: 09bc34b3-c566-400b-bc7b-c114a4a63983
  datetime: 2026-05-04T11:23:00Z
  region_id: CA-ON
  currency_code: CAD
  product_id: PY-SQL-004
  unit_price: 44.99
  quantity: 1
  is_online: true
  customer_id: CUST-1158
  is_new_customer: false
  device_type: mobile
  payment_method: credit_card
  referral_source: organic
  discount_code: 
  customer_note: Love the examples
}
2026-06-02 15:38:26 | INFO | P03 | Skipping non-discounted sale
2026-06-02 15:38:26 | INFO | P03 | {
  order_id: 891a7917-4541-457a-b0d5-45a3cd33a260
  datetime: 2026-05-04T11:27:00Z
  region_id: US-MO
  currency_code: USD
  product_id: PY-STREAM-005
  unit_price: 59.99
  quantity: 1
  is_online: true
  customer_id: CUST-1832
  is_new_customer: false
  device_type: mobile
  payment_method: apple_pay
  referral_source: organic
  discount_code: 
  customer_note: 
}
2026-06-02 15:38:26 | INFO | P03 | Skipping non-discounted sale
2026-06-02 15:38:26 | INFO | P03 | {
  order_id: 5c877bff-f1b6-467b-abc4-23b946a24014
  datetime: 2026-05-04T11:28:00Z
  region_id: CA-QC
  currency_code: CAD
  product_id: PY-INTRO-001
  unit_price: 29.99
  quantity: 1
  is_online: true
  customer_id: CUST-6974
  is_new_customer: false
  device_type: tablet
  payment_method: paypal
  referral_source: email
  discount_code: 
  customer_note: For my study group
}
2026-06-02 15:38:26 | INFO | P03 | Skipping non-discounted sale
2026-06-02 15:38:26 | INFO | P03 | {
  order_id: a62c8c45-e0a4-4697-8ca7-b173c7f4487e
  datetime: 2026-05-04T11:39:00Z
  region_id: US-MO
  currency_code: USD
  product_id: PY-INTRO-001
  unit_price: 29.99
  quantity: 1
  is_online: true
  customer_id: CUST-9701
  is_new_customer: false
  device_type: mobile
  payment_method: credit_card
  referral_source: organic
  discount_code: 
  customer_note: Good but could go deeper
}
2026-06-02 15:38:26 | INFO | P03 | Skipping non-discounted sale
2026-06-02 15:38:26 | INFO | P03 | {
  order_id: 3ae2798c-087b-473c-b120-d2c9d0f7289b
  datetime: 2026-05-04T11:40:00Z
  region_id: US-TX
  currency_code: USD
  product_id: PY-INTRO-001
  unit_price: 29.99
  quantity: 1
  is_online: true
  customer_id: CUST-5033
  is_new_customer: true
  device_type: tablet
  payment_method: credit_card
  referral_source: organic
  discount_code: 
  customer_note: For my study group
}
2026-06-02 15:38:26 | INFO | P03 | Skipping non-discounted sale
2026-06-02 15:38:26 | INFO | P03 | {
  order_id: fbf2b25f-c658-4716-88e7-e5574bb71a39
  datetime: 2026-05-04T11:41:00Z
  region_id: CA-ON
  currency_code: CAD
  product_id: PY-NLP-006
  unit_price: 54.99
  quantity: 1
  is_online: true
  customer_id: CUST-5065
  is_new_customer: true
  device_type: tablet
  payment_method: paypal
  referral_source: email
  discount_code: 
  customer_note: Good but could go deeper
}
2026-06-02 15:38:26 | INFO | P03 | Skipping non-discounted sale
2026-06-02 15:38:26 | INFO | P03 | {
  order_id: 9eb81520-7ef0-4b18-b6d8-a6083cd5ca58
  datetime: 2026-05-04T11:43:00Z
  region_id: US-CA
  currency_code: USD
  product_id: PY-STREAM-005
  unit_price: 59.99
  quantity: 1
  is_online: true
  customer_id: CUST-3414
  is_new_customer: false
  device_type: desktop
  payment_method: credit_card
  referral_source: organic
  discount_code: 
  customer_note: 
}
2026-06-02 15:38:26 | INFO | P03 | Skipping non-discounted sale
2026-06-02 15:38:26 | INFO | P03 | {
  order_id: 2eb467ee-85d9-4ac5-b9d8-376bbba7770b
  datetime: 2026-05-04T11:57:00Z
  region_id: US-MO
  currency_code: USD
  product_id: PY-INTRO-001
  unit_price: 29.99
  quantity: 1
  is_online: true
  customer_id: CUST-9785
  is_new_customer: false
  device_type: mobile
  payment_method: paypal
  referral_source: social
  discount_code: 
  customer_note: Love the examples
}
2026-06-02 15:38:26 | INFO | P03 | Skipping non-discounted sale
2026-06-02 15:38:26 | INFO | P03 | {
  order_id: b7c4cb3b-3a5d-434c-b737-20be9efb1c72
  datetime: 2026-05-04T12:03:00Z
  region_id: US-TX
  currency_code: USD
  product_id: PY-INTRO-001
  unit_price: 29.99
  quantity: 1
  is_online: true
  customer_id: CUST-2604
  is_new_customer: false
  device_type: mobile
  payment_method: apple_pay
  referral_source: paid_search
  discount_code: 
  customer_note: For my study group
}
2026-06-02 15:38:26 | INFO | P03 | Skipping non-discounted sale
2026-06-02 15:38:26 | INFO | P03 | {
  order_id: ea5b5880-1df0-4918-8134-bc18553bedaa
  datetime: 2026-05-04T12:08:00Z
  region_id: CA-ON
  currency_code: CAD
  product_id: PY-INTRO-001
  unit_price: 29.99
  quantity: 1
  is_online: true
  customer_id: CUST-4728
  is_new_customer: true
  device_type: desktop
  payment_method: paypal
  referral_source: paid_search
  discount_code: 
  customer_note: Already applying this at work
}
2026-06-02 15:38:26 | INFO | P03 | Skipping non-discounted sale
2026-06-02 15:38:26 | INFO | P03 | {
  order_id: d71f2498-1b58-4d6c-8613-e03125f655be
  datetime: 2026-05-04T12:23:00Z
  region_id: US-CA
  currency_code: USD
  product_id: PY-VIZ-003
  unit_price: 39.99
  quantity: 1
  is_online: true
  customer_id: CUST-7653
  is_new_customer: false
  device_type: mobile
  payment_method: apple_pay
  referral_source: social
  discount_code: 
  customer_note: 
}
2026-06-02 15:38:26 | INFO | P03 | Skipping non-discounted sale
2026-06-02 15:38:26 | INFO | P03 | {
  order_id: 6cf3770d-340a-4b36-a1ff-c0e73ceaaf0e
  datetime: 2026-05-04T12:24:00Z
  region_id: US-MO
  currency_code: USD
  product_id: PY-NLP-006
  unit_price: 54.99
  quantity: 1
  is_online: true
  customer_id: CUST-6139
  is_new_customer: false
  device_type: tablet
  payment_method: credit_card
  referral_source: social
  discount_code: 
  customer_note: Love the examples
}
2026-06-02 15:38:26 | INFO | P03 | Skipping non-discounted sale
2026-06-02 15:38:26 | INFO | P03 | {
  order_id: 5e687b11-93d6-4999-94eb-835827055b4a
  datetime: 2026-05-04T12:30:00Z
  region_id: US-CA
  currency_code: USD
  product_id: PY-VIZ-003
  unit_price: 39.99
  quantity: 2
  is_online: true
  customer_id: CUST-2790
  is_new_customer: false
  device_type: desktop
  payment_method: credit_card
  referral_source: social
  discount_code: 
  customer_note: Very helpful
}
2026-06-02 15:38:26 | INFO | P03 | Skipping non-discounted sale
2026-06-02 15:38:26 | INFO | P03 | {
  order_id: d611de65-6c4f-4d98-be66-c2024e9b784d
  datetime: 2026-05-04T12:33:00Z
  region_id: MX-CMX
  currency_code: MXN
  product_id: PY-VIZ-003
  unit_price: 39.99
  quantity: 1
  is_online: true
  customer_id: CUST-7691
  is_new_customer: false
  device_type: tablet
  payment_method: paypal
  referral_source: paid_search
  discount_code: 
  customer_note: Very helpful
}
2026-06-02 15:38:26 | INFO | P03 | Skipping non-discounted sale
2026-06-02 15:38:26 | INFO | P03 | {
  order_id: ee5d541b-b139-427b-bbb6-cca7c33f4552
  datetime: 2026-05-04T12:41:00Z
  region_id: US-TX
  currency_code: USD
  product_id: PY-INTRO-001
  unit_price: 29.99
  quantity: 5
  is_online: false
  customer_id: CUST-2200
  is_new_customer: false
  device_type: desktop
  payment_method: credit_card
  referral_source: social
  discount_code: 
  customer_note: Great course!
}
2026-06-02 15:38:26 | INFO | P03 | Skipping non-discounted sale
2026-06-02 15:38:26 | INFO | P03 | {
  order_id: 13c46aba-5aeb-496f-b169-39b2cb940b18
  datetime: 2026-05-04T12:42:00Z
  region_id: US-TX
  currency_code: USD
  product_id: PY-DATA-002
  unit_price: 49.99
  quantity: 1
  is_online: true
  customer_id: CUST-9486
  is_new_customer: false
  device_type: mobile
  payment_method: apple_pay
  referral_source: email
  discount_code: 
  customer_note: Very helpful
}
2026-06-02 15:38:26 | INFO | P03 | Skipping non-discounted sale
2026-06-02 15:38:26 | INFO | P03 | {
  order_id: a1ecdada-a22f-43fe-a98b-275327c2b035
  datetime: 2026-05-04T12:51:00Z
  region_id: US-TX
  currency_code: USD
  product_id: PY-SQL-004
  unit_price: 44.99
  quantity: 1
  is_online: true
  customer_id: CUST-4228
  is_new_customer: false
  device_type: desktop
  payment_method: credit_card
  referral_source: organic
  discount_code: 
  customer_note: 
}
2026-06-02 15:38:26 | INFO | P03 | Skipping non-discounted sale
2026-06-02 15:38:26 | INFO | P03 | {
  order_id: be4612b4-429e-4573-8a1a-1b2b7cbcc28e
  datetime: 2026-05-04T12:58:00Z
  region_id: US-MO
  currency_code: USD
  product_id: PY-INTRO-001
  unit_price: 29.99
  quantity: 1
  is_online: true
  customer_id: CUST-8251
  is_new_customer: false
  device_type: desktop
  payment_method: credit_card
  referral_source: email
  discount_code: 
  customer_note: 
}
2026-06-02 15:38:26 | INFO | P03 | Skipping non-discounted sale
2026-06-02 15:38:26 | INFO | P03 | {
  order_id: 4f68b52f-5f79-48aa-8984-dfffe3c6f167
  datetime: 2026-05-04T13:17:00Z
  region_id: US-CA
  currency_code: USD
  product_id: PY-INTRO-001
  unit_price: 29.99
  quantity: 1
  is_online: true
  customer_id: CUST-5956
  is_new_customer: false
  device_type: tablet
  payment_method: credit_card
  referral_source: email
  discount_code: 
  customer_note: Slower than I expected
}
2026-06-02 15:38:26 | INFO | P03 | Skipping non-discounted sale
2026-06-02 15:38:26 | INFO | P03 | {
  order_id: 52b2092c-89bb-428b-a7a4-2b024e7c8521
  datetime: 2026-05-04T13:20:00Z
  region_id: US-CA
  currency_code: USD
  product_id: PY-STREAM-005
  unit_price: 59.99
  quantity: 1
  is_online: true
  customer_id: CUST-8752
  is_new_customer: false
  device_type: mobile
  payment_method: paypal
  referral_source: paid_search
  discount_code: 
  customer_note: Good but could go deeper
}
2026-06-02 15:38:26 | INFO | P03 | Skipping non-discounted sale
2026-06-02 15:38:26 | INFO | P03 | {
  order_id: baabebfe-7225-412e-ad8e-25d8eea97659
  datetime: 2026-05-04T13:28:00Z
  region_id: US-TX
  currency_code: USD
  product_id: PY-SQL-004
  unit_price: 44.99
  quantity: 2
  is_online: true
  customer_id: CUST-5351
  is_new_customer: false
  device_type: desktop
  payment_method: credit_card
  referral_source: paid_search
  discount_code: 
  customer_note: Recommended by a colleague
}
2026-06-02 15:38:26 | INFO | P03 | Skipping non-discounted sale
2026-06-02 15:38:26 | INFO | P03 | {
  order_id: 5e3bb592-7961-42ae-b9d0-7460a9187473
  datetime: 2026-05-04T13:36:00Z
  region_id: CA-ON
  currency_code: CAD
  product_id: PY-NLP-006
  unit_price: 54.99
  quantity: 4
  is_online: true
  customer_id: CUST-2891
  is_new_customer: false
  device_type: desktop
  payment_method: paypal
  referral_source: paid_search
  discount_code: 
  customer_note: Recommended by a colleague
}
2026-06-02 15:38:26 | INFO | P03 | Skipping non-discounted sale
2026-06-02 15:38:26 | INFO | P03 | {
  order_id: 98e30deb-4608-4d70-80d6-6dfc3488abe0
  datetime: 2026-05-04T13:36:00Z
  region_id: CA-QC
  currency_code: CAD
  product_id: PY-STREAM-005
  unit_price: 59.99
  quantity: 1
  is_online: true
  customer_id: CUST-5050
  is_new_customer: false
  device_type: desktop
  payment_method: paypal
  referral_source: paid_search
  discount_code: 
  customer_note: Worth every penny
}
2026-06-02 15:38:26 | INFO | P03 | Skipping non-discounted sale
2026-06-02 15:38:26 | INFO | P03 | {
  order_id: c63829e5-d98f-4d61-94ff-9eee84858af9
  datetime: 2026-05-04T13:43:00Z
  region_id: CA-ON
  currency_code: CAD
  product_id: PY-DATA-002
  unit_price: 49.99
  quantity: 1
  is_online: true
  customer_id: CUST-9849
  is_new_customer: false
  device_type: desktop
  payment_method: credit_card
  referral_source: paid_search
  discount_code: 
  customer_note: 
}
2026-06-02 15:38:26 | INFO | P03 | Skipping non-discounted sale
2026-06-02 15:38:26 | INFO | P03 | {
  order_id: e6093d4b-9f32-463a-a245-85f0c8e47fb9
  datetime: 2026-05-04T14:17:00Z
  region_id: US-CA
  currency_code: USD
  product_id: PY-SQL-004
  unit_price: 44.99
  quantity: 3
  is_online: true
  customer_id: CUST-8135
  is_new_customer: false
  device_type: desktop
  payment_method: paypal
  referral_source: organic
  discount_code: 
  customer_note: Slower than I expected
}
2026-06-02 15:38:26 | INFO | P03 | Skipping non-discounted sale
2026-06-02 15:38:26 | INFO | P03 | {
  order_id: 76698ca8-703d-4ed1-ab59-159cee460b3a
  datetime: 2026-05-04T14:20:00Z
  region_id: US-MO
  currency_code: USD
  product_id: PY-INTRO-001
  unit_price: 29.99
  quantity: 1
  is_online: true
  customer_id: CUST-7883
  is_new_customer: false
  device_type: desktop
  payment_method: credit_card
  referral_source: organic
  discount_code: 
  customer_note: 
}
2026-06-02 15:38:26 | INFO | P03 | Skipping non-discounted sale
2026-06-02 15:38:26 | INFO | P03 | {
  order_id: cdda7ee3-ba67-43ec-b342-66905d02c519
  datetime: 2026-05-04T14:20:00Z
  region_id: CA-ON
  currency_code: CAD
  product_id: PY-VIZ-003
  unit_price: 39.99
  quantity: 2
  is_online: true
  customer_id: CUST-5051
  is_new_customer: false
  device_type: mobile
  payment_method: paypal
  referral_source: organic
  discount_code: 
  customer_note: Highly recommend
}
2026-06-02 15:38:26 | INFO | P03 | Skipping non-discounted sale
2026-06-02 15:38:26 | INFO | P03 | {
  order_id: 88e83571-ace3-4960-bbff-a31700bda114
  datetime: 2026-05-04T14:26:00Z
  region_id: US-CA
  currency_code: USD
  product_id: PY-STREAM-005
  unit_price: 59.99
  quantity: 1
  is_online: true
  customer_id: CUST-7071
  is_new_customer: false
  device_type: desktop
  payment_method: paypal
  referral_source: email
  discount_code: 
  customer_note: For my study group
}
2026-06-02 15:38:26 | INFO | P03 | Skipping non-discounted sale
2026-06-02 15:38:26 | INFO | P03 | {
  order_id: 468f9779-61c8-4918-8282-4e070ae8705b
  datetime: 2026-05-04T14:41:00Z
  region_id: US-MO
  currency_code: USD
  product_id: PY-NLP-006
  unit_price: 54.99
  quantity: 2
  is_online: true
  customer_id: CUST-4978
  is_new_customer: false
  device_type: mobile
  payment_method: paypal
  referral_source: paid_search
  discount_code: 
  customer_note: 
}
2026-06-02 15:38:26 | INFO | P03 | Skipping non-discounted sale
2026-06-02 15:38:26 | INFO | P03 | {
  order_id: d9ec6a6e-8155-4ce8-96c5-446f4dd41c2e
  datetime: 2026-05-04T14:42:00Z
  region_id: MX-CMX
  currency_code: MXN
  product_id: PY-STREAM-005
  unit_price: 59.99
  quantity: 1
  is_online: true
  customer_id: CUST-3223
  is_new_customer: false
  device_type: tablet
  payment_method: paypal
  referral_source: social
  discount_code: 
  customer_note: For my study group
}
2026-06-02 15:38:26 | INFO | P03 | Skipping non-discounted sale
2026-06-02 15:38:26 | INFO | P03 | {
  order_id: fe65e48b-ac48-4d17-b9ff-bfa9c123bab8
  datetime: 2026-05-04T14:45:00Z
  region_id: MX-CMX
  currency_code: MXN
  product_id: PY-STREAM-005
  unit_price: 59.99
  quantity: 3
  is_online: true
  customer_id: CUST-6280
  is_new_customer: false
  device_type: mobile
  payment_method: credit_card
  referral_source: paid_search
  discount_code: 
  customer_note: 
}
2026-06-02 15:38:26 | INFO | P03 | Skipping non-discounted sale
2026-06-02 15:38:26 | INFO | P03 | {
  order_id: 603a792d-8dad-446d-95b3-e77b11452681
  datetime: 2026-05-04T14:46:00Z
  region_id: US-CA
  currency_code: USD
  product_id: PY-VIZ-003
  unit_price: 39.99
  quantity: 1
  is_online: false
  customer_id: CUST-2402
  is_new_customer: false
  device_type: mobile
  payment_method: credit_card
  referral_source: paid_search
  discount_code: 
  customer_note: Learning at my own pace
}
2026-06-02 15:38:26 | INFO | P03 | Skipping non-discounted sale
2026-06-02 15:38:26 | INFO | P03 | {
  order_id: 14be4fe3-4f49-40ff-9747-69d8a432f491
  datetime: 2026-05-04T14:51:00Z
  region_id: US-TX
  currency_code: USD
  product_id: PY-STREAM-005
  unit_price: 59.99
  quantity: 1
  is_online: true
  customer_id: CUST-2876
  is_new_customer: false
  device_type: mobile
  payment_method: paypal
  referral_source: organic
  discount_code: 
  customer_note: Already applying this at work
}
2026-06-02 15:38:26 | INFO | P03 | Skipping non-discounted sale
2026-06-02 15:38:26 | INFO | P03 | {
  order_id: 92e3f57d-70bb-47b2-8f45-c00baa7d3759
  datetime: 2026-05-04T15:01:00Z
  region_id: US-CA
  currency_code: USD
  product_id: PY-STREAM-005
  unit_price: 59.99
  quantity: 1
  is_online: true
  customer_id: CUST-7625
  is_new_customer: false
  device_type: desktop
  payment_method: credit_card
  referral_source: paid_search
  discount_code: 
  customer_note: 
}
2026-06-02 15:38:26 | INFO | P03 | Skipping non-discounted sale
2026-06-02 15:38:26 | INFO | P03 | {
  order_id: a781677c-5a0a-4179-ae0c-fcd01f8c6c18
  datetime: 2026-05-04T15:02:00Z
  region_id: US-MO
  currency_code: USD
  product_id: PY-STREAM-005
  unit_price: 59.99
  quantity: 1
  is_online: true
  customer_id: CUST-6325
  is_new_customer: false
  device_type: tablet
  payment_method: paypal
  referral_source: paid_search
  discount_code: 
  customer_note: Learning at my own pace
}
2026-06-02 15:38:26 | INFO | P03 | Skipping non-discounted sale
2026-06-02 15:38:26 | INFO | P03 | {
  order_id: 31b21a55-fc47-4cfb-9d47-f60ec1e320e1
  datetime: 2026-05-04T15:04:00Z
  region_id: CA-ON
  currency_code: CAD
  product_id: PY-DATA-002
  unit_price: 49.99
  quantity: 1
  is_online: true
  customer_id: CUST-9595
  is_new_customer: false
  device_type: mobile
  payment_method: credit_card
  referral_source: social
  discount_code: 
  customer_note: 
}
2026-06-02 15:38:26 | INFO | P03 | Skipping non-discounted sale
2026-06-02 15:38:26 | INFO | P03 | {
  order_id: c227653e-6b83-438b-90e9-6f1de30ec8e7
  datetime: 2026-05-04T15:39:00Z
  region_id: US-TX
  currency_code: USD
  product_id: PY-NLP-006
  unit_price: 54.99
  quantity: 4
  is_online: true
  customer_id: CUST-7389
  is_new_customer: false
  device_type: desktop
  payment_method: credit_card
  referral_source: email
  discount_code: 
  customer_note: 
}
2026-06-02 15:38:26 | INFO | P03 | Skipping non-discounted sale
2026-06-02 15:38:26 | INFO | P03 | {
  order_id: a9221080-b74d-40e9-9e6e-da3a0a4eb460
  datetime: 2026-05-04T15:47:00Z
  region_id: CA-ON
  currency_code: CAD
  product_id: PY-SQL-004
  unit_price: 44.99
  quantity: 1
  is_online: true
  customer_id: CUST-7624
  is_new_customer: false
  device_type: desktop
  payment_method: credit_card
  referral_source: paid_search
  discount_code: 
  customer_note: Love the examples
}
2026-06-02 15:38:26 | INFO | P03 | Skipping non-discounted sale
2026-06-02 15:38:26 | INFO | P03 | {
  order_id: f3c86d98-dc10-4fec-8f02-cc8fc351bf8c
  datetime: 2026-05-04T15:58:00Z
  region_id: US-CA
  currency_code: USD
  product_id: PY-INTRO-001
  unit_price: 29.99
  quantity: 2
  is_online: true
  customer_id: CUST-5133
  is_new_customer: false
  device_type: mobile
  payment_method: paypal
  referral_source: organic
  discount_code: 
  customer_note: Learning at my own pace
}
2026-06-02 15:38:26 | INFO | P03 | Skipping non-discounted sale
2026-06-02 15:38:26 | INFO | P03 | {
  order_id: fbc09551-b54a-4788-b015-809bbf2dd0a2
  datetime: 2026-05-04T16:21:00Z
  region_id: MX-CMX
  currency_code: MXN
  product_id: PY-DATA-002
  unit_price: 49.99
  quantity: 1
  is_online: true
  customer_id: CUST-4020
  is_new_customer: false
  device_type: desktop
  payment_method: paypal
  referral_source: organic
  discount_code: 
  customer_note: Great course!
}
2026-06-02 15:38:26 | INFO | P03 | Skipping non-discounted sale
2026-06-02 15:38:26 | INFO | P03 | {
  order_id: ad73fc8d-3dc9-416e-b7ae-862d8f19bda5
  datetime: 2026-05-04T16:32:00Z
  region_id: US-MO
  currency_code: USD
  product_id: PY-DATA-002
  unit_price: 49.99
  quantity: 1
  is_online: true
  customer_id: CUST-1893
  is_new_customer: false
  device_type: mobile
  payment_method: apple_pay
  referral_source: organic
  discount_code: 
  customer_note: Great course!
}
2026-06-02 15:38:26 | INFO | P03 | Skipping non-discounted sale
2026-06-02 15:38:26 | INFO | P03 | {
  order_id: 952398e4-34c9-43c6-9451-d52321647803
  datetime: 2026-05-04T16:57:00Z
  region_id: US-TX
  currency_code: USD
  product_id: PY-DATA-002
  unit_price: 49.99
  quantity: 1
  is_online: true
  customer_id: CUST-6023
  is_new_customer: false
  device_type: desktop
  payment_method: paypal
  referral_source: organic
  discount_code: 
  customer_note: 
}
2026-06-02 15:38:26 | INFO | P03 | Skipping non-discounted sale
2026-06-02 15:38:26 | INFO | P03 | {
  order_id: 2c5e0a19-8c92-49f1-873b-66f975d9ec38
  datetime: 2026-05-04T18:07:00Z
  region_id: US-TX
  currency_code: USD
  product_id: PY-NLP-006
  unit_price: 54.99
  quantity: 1
  is_online: true
  customer_id: CUST-2858
  is_new_customer: false
  device_type: mobile
  payment_method: paypal
  referral_source: paid_search
  discount_code: 
  customer_note: Gift for my team
}
2026-06-02 15:38:26 | INFO | P03 | Skipping non-discounted sale
2026-06-02 15:38:26 | INFO | P03 | {
  order_id: e5e51a38-1c78-4cc3-b0a4-ef19a95f40f0
  datetime: 2026-05-04T18:13:00Z
  region_id: CA-QC
  currency_code: CAD
  product_id: PY-DATA-002
  unit_price: 49.99
  quantity: 1
  is_online: true
  customer_id: CUST-5978
  is_new_customer: true
  device_type: mobile
  payment_method: paypal
  referral_source: paid_search
  discount_code: 
  customer_note: For my study group
}
2026-06-02 15:38:26 | INFO | P03 | Skipping non-discounted sale
2026-06-02 15:38:26 | INFO | P03 | {
  order_id: eaa53f43-3dc2-44bf-8625-6894ba340e3a
  datetime: 2026-05-04T18:18:00Z
  region_id: MX-CMX
  currency_code: MXN
  product_id: PY-STREAM-005
  unit_price: 59.99
  quantity: 1
  is_online: true
  customer_id: CUST-3441
  is_new_customer: false
  device_type: desktop
  payment_method: credit_card
  referral_source: paid_search
  discount_code: 
  customer_note: Recommended by a colleague
}
2026-06-02 15:38:26 | INFO | P03 | Skipping non-discounted sale
2026-06-02 15:38:26 | INFO | P03 | {
  order_id: f4ad1071-a035-4252-9394-647caea81412
  datetime: 2026-05-04T18:21:00Z
  region_id: US-MO
  currency_code: USD
  product_id: PY-NLP-006
  unit_price: 54.99
  quantity: 1
  is_online: true
  customer_id: CUST-5871
  is_new_customer: false
  device_type: desktop
  payment_method: paypal
  referral_source: email
  discount_code: 
  customer_note: Excellent content
}
2026-06-02 15:38:26 | INFO | P03 | Skipping non-discounted sale
2026-06-02 15:38:26 | INFO | P03 | {
  order_id: ce10e8d9-c1be-4604-ace4-fcf735a9272b
  datetime: 2026-05-04T18:58:00Z
  region_id: CA-QC
  currency_code: CAD
  product_id: PY-NLP-006
  unit_price: 54.99
  quantity: 1
  is_online: true
  customer_id: CUST-3870
  is_new_customer: false
  device_type: desktop
  payment_method: paypal
  referral_source: social
  discount_code: 
  customer_note: 
}
2026-06-02 15:38:26 | INFO | P03 | Skipping non-discounted sale
2026-06-02 15:38:26 | INFO | P03 | {
  order_id: 6b94916d-c1a0-43ee-a4bb-216838b89966
  datetime: 2026-05-04T19:01:00Z
  region_id: US-MO
  currency_code: USD
  product_id: PY-INTRO-001
  unit_price: 29.99
  quantity: 1
  is_online: true
  customer_id: CUST-8438
  is_new_customer: false
  device_type: mobile
  payment_method: credit_card
  referral_source: paid_search
  discount_code: 
  customer_note: Expected more content
}
2026-06-02 15:38:26 | INFO | P03 | Skipping non-discounted sale
2026-06-02 15:38:26 | INFO | P03 | {
  order_id: 4861ab40-1b19-4f0c-99d6-febd0f9cba43
  datetime: 2026-05-04T19:04:00Z
  region_id: MX-CMX
  currency_code: MXN
  product_id: PY-DATA-002
  unit_price: 49.99
  quantity: 1
  is_online: true
  customer_id: CUST-9494
  is_new_customer: false
  device_type: desktop
  payment_method: apple_pay
  referral_source: social
  discount_code: 
  customer_note: 
}
2026-06-02 15:38:26 | INFO | P03 | Skipping non-discounted sale
2026-06-02 15:38:26 | INFO | P03 | {
  order_id: e75ec4c7-ee3b-47a1-b41a-b3483fcc3ca0
  datetime: 2026-05-04T19:08:00Z
  region_id: US-MO
  currency_code: USD
  product_id: PY-STREAM-005
  unit_price: 59.99
  quantity: 1
  is_online: true
  customer_id: CUST-5982
  is_new_customer: false
  device_type: mobile
  payment_method: apple_pay
  referral_source: email
  discount_code: 
  customer_note: For my study group
}
2026-06-02 15:38:26 | INFO | P03 | Skipping non-discounted sale
2026-06-02 15:38:26 | INFO | P03 | {
  order_id: c0b51b76-43f5-4de0-b5c5-5318c9dfc149
  datetime: 2026-05-04T19:22:00Z
  region_id: CA-QC
  currency_code: CAD
  product_id: PY-STREAM-005
  unit_price: 59.99
  quantity: 1
  is_online: true
  customer_id: CUST-6153
  is_new_customer: false
  device_type: mobile
  payment_method: paypal
  referral_source: organic
  discount_code: 
  customer_note: 
}
2026-06-02 15:38:26 | INFO | P03 | Skipping non-discounted sale
2026-06-02 15:38:26 | INFO | P03 | {
  order_id: c8e78c5a-43f4-4e8b-abf0-83e6544d6295
  datetime: 2026-05-04T19:32:00Z
  region_id: US-CA
  currency_code: USD
  product_id: PY-SQL-004
  unit_price: 44.99
  quantity: 1
  is_online: true
  customer_id: CUST-2989
  is_new_customer: true
  device_type: desktop
  payment_method: apple_pay
  referral_source: organic
  discount_code: 
  customer_note: Clear explanations
}
2026-06-02 15:38:26 | INFO | P03 | Skipping non-discounted sale
2026-06-02 15:38:26 | INFO | P03 | {
  order_id: 84255838-f145-4ab4-bea2-317b796d056d
  datetime: 2026-05-04T19:56:00Z
  region_id: US-CA
  currency_code: USD
  product_id: PY-SQL-004
  unit_price: 44.99
  quantity: 2
  is_online: true
  customer_id: CUST-6568
  is_new_customer: false
  device_type: tablet
  payment_method: credit_card
  referral_source: email
  discount_code: 
  customer_note: For my study group
}
2026-06-02 15:38:26 | INFO | P03 | Skipping non-discounted sale
2026-06-02 15:38:26 | INFO | P03 | {
  order_id: 588c62d0-57e6-4063-bdd0-992253e7cd9c
  datetime: 2026-05-04T19:58:00Z
  region_id: US-TX
  currency_code: USD
  product_id: PY-NLP-006
  unit_price: 54.99
  quantity: 3
  is_online: false
  customer_id: CUST-4993
  is_new_customer: false
  device_type: mobile
  payment_method: credit_card
  referral_source: organic
  discount_code: 
  customer_note: 
}
2026-06-02 15:38:26 | INFO | P03 | Skipping non-discounted sale
2026-06-02 15:38:26 | INFO | P03 | {
  order_id: 64f9b543-2419-4d39-becd-362d97338891
  datetime: 2026-05-04T20:00:00Z
  region_id: US-CA
  currency_code: USD
  product_id: PY-SQL-004
  unit_price: 44.99
  quantity: 1
  is_online: true
  customer_id: CUST-6460
  is_new_customer: false
  device_type: mobile
  payment_method: paypal
  referral_source: paid_search
  discount_code: 
  customer_note: Gift for my team
}
2026-06-02 15:38:26 | INFO | P03 | Skipping non-discounted sale
2026-06-02 15:38:26 | INFO | P03 | {
  order_id: 3f921531-78a4-4b01-b936-d9c95dadaa55
  datetime: 2026-05-04T20:09:00Z
  region_id: US-MO
  currency_code: USD
  product_id: PY-DATA-002
  unit_price: 49.99
  quantity: 1
  is_online: true
  customer_id: CUST-6654
  is_new_customer: false
  device_type: desktop
  payment_method: credit_card
  referral_source: paid_search
  discount_code: 
  customer_note: 
}
2026-06-02 15:38:26 | INFO | P03 | Skipping non-discounted sale
2026-06-02 15:38:26 | INFO | P03 | {
  order_id: 9c3843ef-44fb-400b-ab23-efccf184bd57
  datetime: 2026-05-04T20:30:00Z
  region_id: US-CA
  currency_code: USD
  product_id: PY-NLP-006
  unit_price: 54.99
  quantity: 1
  is_online: true
  customer_id: CUST-3573
  is_new_customer: false
  device_type: desktop
  payment_method: credit_card
  referral_source: email
  discount_code: 
  customer_note: 
}
2026-06-02 15:38:26 | INFO | P03 | Skipping non-discounted sale
2026-06-02 15:38:26 | INFO | P03 | {
  order_id: b32fb0d1-313c-4c3f-a7b9-77f86b9e64fb
  datetime: 2026-05-04T20:59:00Z
  region_id: US-CA
  currency_code: USD
  product_id: PY-VIZ-003
  unit_price: 39.99
  quantity: 1
  is_online: true
  customer_id: CUST-2496
  is_new_customer: false
  device_type: desktop
  payment_method: credit_card
  referral_source: paid_search
  discount_code: 
  customer_note: Learning at my own pace
}
2026-06-02 15:38:26 | INFO | P03 | Skipping non-discounted sale
2026-06-02 15:38:26 | INFO | P03 | {
  order_id: 3fb11c63-9889-4d6a-ab59-bdd87a2b1aa1
  datetime: 2026-05-05T08:11:00Z
  region_id: US-CA
  currency_code: USD
  product_id: PY-DATA-002
  unit_price: 49.99
  quantity: 5
  is_online: true
  customer_id: CUST-1606
  is_new_customer: false
  device_type: tablet
  payment_method: paypal
  referral_source: social
  discount_code: 
  customer_note: 
}
2026-06-02 15:38:26 | INFO | P03 | Skipping non-discounted sale
2026-06-02 15:38:26 | INFO | P03 | {
  order_id: 9d4b9c84-0a80-4843-860e-6d6bd48cb8e4
  datetime: 2026-05-05T08:19:00Z
  region_id: MX-CMX
  currency_code: MXN
  product_id: PY-VIZ-003
  unit_price: 39.99
  quantity: 2
  is_online: true
  customer_id: CUST-6188
  is_new_customer: false
  device_type: desktop
  payment_method: credit_card
  referral_source: paid_search
  discount_code: 
  customer_note: For my study group
}
2026-06-02 15:38:26 | INFO | P03 | Skipping non-discounted sale
2026-06-02 15:38:26 | INFO | P03 | {
  order_id: fbb258c6-5219-48b4-9d00-1984e98201e6
  datetime: 2026-05-05T08:32:00Z
  region_id: US-TX
  currency_code: USD
  product_id: PY-SQL-004
  unit_price: 44.99
  quantity: 1
  is_online: true
  customer_id: CUST-3529
  is_new_customer: false
  device_type: tablet
  payment_method: apple_pay
  referral_source: paid_search
  discount_code: 
  customer_note: 
}
2026-06-02 15:38:26 | INFO | P03 | Skipping non-discounted sale
2026-06-02 15:38:26 | INFO | P03 | {
  order_id: c0e557be-ebbb-4483-a040-5483a2af1bfc
  datetime: 2026-05-05T09:25:00Z
  region_id: US-TX
  currency_code: USD
  product_id: PY-SQL-004
  unit_price: 44.99
  quantity: 1
  is_online: true
  customer_id: CUST-7730
  is_new_customer: false
  device_type: desktop
  payment_method: credit_card
  referral_source: organic
  discount_code: 
  customer_note: 
}
2026-06-02 15:38:26 | INFO | P03 | Skipping non-discounted sale
2026-06-02 15:38:26 | INFO | P03 | {
  order_id: 11482de3-c5f5-4337-a6be-81e0ac8741f4
  datetime: 2026-05-05T09:31:00Z
  region_id: US-MO
  currency_code: USD
  product_id: PY-VIZ-003
  unit_price: 39.99
  quantity: 2
  is_online: true
  customer_id: CUST-4945
  is_new_customer: false
  device_type: desktop
  payment_method: credit_card
  referral_source: email
  discount_code: 
  customer_note: Worth every penny
}
2026-06-02 15:38:26 | INFO | P03 | Skipping non-discounted sale
2026-06-02 15:38:26 | INFO | P03 | {
  order_id: aa0ac5f3-f4e1-4804-aaf5-678cb1ffab35
  datetime: 2026-05-05T09:51:00Z
  region_id: CA-ON
  currency_code: CAD
  product_id: PY-NLP-006
  unit_price: 54.99
  quantity: 1
  is_online: true
  customer_id: CUST-5806
  is_new_customer: true
  device_type: desktop
  payment_method: apple_pay
  referral_source: organic
  discount_code: 
  customer_note: Expected more content
}
2026-06-02 15:38:26 | INFO | P03 | Skipping non-discounted sale
2026-06-02 15:38:26 | INFO | P03 | {
  order_id: 5e800459-007a-4280-b11b-6c0251bd597c
  datetime: 2026-05-05T10:07:00Z
  region_id: US-MO
  currency_code: USD
  product_id: PY-NLP-006
  unit_price: 54.99
  quantity: 1
  is_online: true
  customer_id: CUST-9955
  is_new_customer: false
  device_type: desktop
  payment_method: apple_pay
  referral_source: organic
  discount_code: 
  customer_note: Great course!
}
2026-06-02 15:38:26 | INFO | P03 | Skipping non-discounted sale
2026-06-02 15:38:26 | INFO | P03 | {
  order_id: a3380bb4-539a-4759-b363-d1fd1f399632
  datetime: 2026-05-05T10:40:00Z
  region_id: CA-ON
  currency_code: CAD
  product_id: PY-STREAM-005
  unit_price: 59.99
  quantity: 1
  is_online: true
  customer_id: CUST-2480
  is_new_customer: true
  device_type: tablet
  payment_method: paypal
  referral_source: organic
  discount_code: 
  customer_note: Recommended by a colleague
}
2026-06-02 15:38:26 | INFO | P03 | Skipping non-discounted sale
2026-06-02 15:38:26 | INFO | P03 | {
  order_id: 30d8f3f2-e499-4a31-9a28-cb14259cf4ba
  datetime: 2026-05-05T11:08:00Z
  region_id: US-MO
  currency_code: USD
  product_id: PY-INTRO-001
  unit_price: 29.99
  quantity: 1
  is_online: true
  customer_id: CUST-1710
  is_new_customer: false
  device_type: desktop
  payment_method: credit_card
  referral_source: email
  discount_code: SPRING25
  customer_note: Gifting this to my team
}
2026-06-02 15:38:26 | INFO | P03 | FOUND DISCOUNT: SPRING25
2026-06-02 15:38:26 | INFO | P03 |   Sending message with key=US-MO
2026-06-02 15:38:26 | INFO | P03 |   MESSAGE SENT  sent=1
2026-06-02 15:38:27 | INFO | P03 | {
  order_id: 428171bf-e203-41b8-a1b0-339f9a76359f
  datetime: 2026-05-05T11:39:00Z
  region_id: US-TX
  currency_code: USD
  product_id: PY-STREAM-005
  unit_price: 59.99
  quantity: 1
  is_online: false
  customer_id: CUST-8538
  is_new_customer: true
  device_type: desktop
  payment_method: gift_card
  referral_source: organic
  discount_code: SPRING25
  customer_note: Great deal!
}
2026-06-02 15:38:27 | INFO | P03 | FOUND DISCOUNT: SPRING25
2026-06-02 15:38:27 | INFO | P03 |   Sending message with key=US-TX
2026-06-02 15:38:27 | INFO | P03 |   MESSAGE SENT  sent=2
2026-06-02 15:38:28 | INFO | P03 | {
  order_id: b0dbe64c-d31f-4596-9ed8-c71da9c4ebc2
  datetime: 2026-05-05T11:47:00Z
  region_id: US-CA
  currency_code: USD
  product_id: PY-STREAM-005
  unit_price: 59.99
  quantity: 5
  is_online: true
  customer_id: CUST-5846
  is_new_customer: true
  device_type: mobile
  payment_method: credit_card
  referral_source: paid_search
  discount_code: SPRING25
  customer_note: Excellent content
}
2026-06-02 15:38:28 | INFO | P03 | FOUND DISCOUNT: SPRING25
2026-06-02 15:38:28 | INFO | P03 |   Sending message with key=US-CA
2026-06-02 15:38:28 | INFO | P03 |   MESSAGE SENT  sent=3
2026-06-02 15:38:29 | INFO | P03 | {
  order_id: 17b4eac7-1b8a-4695-8111-72c1d25c38f8
  datetime: 2026-05-05T11:48:00Z
  region_id: US-CA
  currency_code: USD
  product_id: PY-SQL-004
  unit_price: 44.99
  quantity: 1
  is_online: true
  customer_id: CUST-6731
  is_new_customer: false
  device_type: tablet
  payment_method: credit_card
  referral_source: email
  discount_code: SPRING25
  customer_note: Bought two courses with this deal
}
2026-06-02 15:38:29 | INFO | P03 | FOUND DISCOUNT: SPRING25
2026-06-02 15:38:29 | INFO | P03 |   Sending message with key=US-CA
2026-06-02 15:38:29 | INFO | P03 |   MESSAGE SENT  sent=4
2026-06-02 15:38:30 | INFO | P03 | {
  order_id: 5fbd05e9-b2da-4a03-9bc8-86048207abaf
  datetime: 2026-05-05T11:49:00Z
  region_id: US-TX
  currency_code: USD
  product_id: PY-NLP-006
  unit_price: 54.99
  quantity: 1
  is_online: true
  customer_id: CUST-4289
  is_new_customer: true
  device_type: mobile
  payment_method: apple_pay
  referral_source: social
  discount_code: SPRING25
  customer_note: Gifting this to my team
}
2026-06-02 15:38:30 | INFO | P03 | FOUND DISCOUNT: SPRING25
2026-06-02 15:38:30 | INFO | P03 |   Sending message with key=US-TX
2026-06-02 15:38:30 | INFO | P03 |   MESSAGE SENT  sent=5
2026-06-02 15:38:31 | INFO | P03 | {
  order_id: 9650209c-dffb-44ed-b9ac-8f9ad3958d48
  datetime: 2026-05-05T11:51:00Z
  region_id: US-TX
  currency_code: USD
  product_id: PY-SQL-004
  unit_price: 44.99
  quantity: 1
  is_online: true
  customer_id: CUST-3712
  is_new_customer: false
  device_type: desktop
  payment_method: credit_card
  referral_source: social
  discount_code: SPRING25
  customer_note: For my study group
}
2026-06-02 15:38:31 | INFO | P03 | FOUND DISCOUNT: SPRING25
2026-06-02 15:38:31 | INFO | P03 |   Sending message with key=US-TX
2026-06-02 15:38:31 | INFO | P03 |   MESSAGE SENT  sent=6
2026-06-02 15:38:32 | INFO | P03 | {
  order_id: 294cd274-7557-44e8-9b0b-a5b7aa906985
  datetime: 2026-05-05T11:54:00Z
  region_id: US-TX
  currency_code: USD
  product_id: PY-DATA-002
  unit_price: 49.99
  quantity: 1
  is_online: true
  customer_id: CUST-1803
  is_new_customer: true
  device_type: tablet
  payment_method: credit_card
  referral_source: social
  discount_code: SPRING25
  customer_note: Just what I needed
}
2026-06-02 15:38:32 | INFO | P03 | FOUND DISCOUNT: SPRING25
2026-06-02 15:38:32 | INFO | P03 |   Sending message with key=US-TX
2026-06-02 15:38:32 | INFO | P03 |   MESSAGE SENT  sent=7
2026-06-02 15:38:33 | INFO | P03 | {
  order_id: 6bec3e65-27e6-4374-81c2-f70c2a8322e4
  datetime: 2026-05-05T11:58:00Z
  region_id: US-TX
  currency_code: USD
  product_id: PY-STREAM-005
  unit_price: 59.99
  quantity: 3
  is_online: true
  customer_id: CUST-2557
  is_new_customer: true
  device_type: desktop
  payment_method: credit_card
  referral_source: email
  discount_code: SPRING25
  customer_note: Sharing with friends
}
2026-06-02 15:38:33 | INFO | P03 | FOUND DISCOUNT: SPRING25
2026-06-02 15:38:33 | INFO | P03 |   Sending message with key=US-TX
2026-06-02 15:38:33 | INFO | P03 |   MESSAGE SENT  sent=8
2026-06-02 15:38:34 | INFO | P03 | {
  order_id: 456700b3-71ae-49f3-b40e-e197064c021a
  datetime: 2026-05-05T12:02:00Z
  region_id: US-CA
  currency_code: USD
  product_id: PY-INTRO-001
  unit_price: 29.99
  quantity: 2
  is_online: true
  customer_id: CUST-3352
  is_new_customer: true
  device_type: mobile
  payment_method: apple_pay
  referral_source: social
  discount_code: SPRING25
  customer_note: Gift for my team
}
2026-06-02 15:38:34 | INFO | P03 | FOUND DISCOUNT: SPRING25
2026-06-02 15:38:34 | INFO | P03 |   Sending message with key=US-CA
2026-06-02 15:38:34 | INFO | P03 |   MESSAGE SENT  sent=9
2026-06-02 15:38:35 | INFO | P03 | {
  order_id: 3cfeff27-d69e-4e46-8b75-c16a3b1d3d24
  datetime: 2026-05-05T12:03:00Z
  region_id: CA-ON
  currency_code: CAD
  product_id: PY-VIZ-003
  unit_price: 39.99
  quantity: 1
  is_online: true
  customer_id: CUST-6374
  is_new_customer: false
  device_type: desktop
  payment_method: paypal
  referral_source: social
  discount_code: SPRING25
  customer_note: Love the discount!
}
2026-06-02 15:38:35 | INFO | P03 | FOUND DISCOUNT: SPRING25
2026-06-02 15:38:35 | INFO | P03 |   Sending message with key=CA-ON
2026-06-02 15:38:35 | INFO | P03 |   MESSAGE SENT  sent=10
2026-06-02 15:38:36 | INFO | P03 | {
  order_id: 6e001c71-e65f-437a-9be4-b210ec5c48aa
  datetime: 2026-05-05T12:07:00Z
  region_id: CA-QC
  currency_code: CAD
  product_id: PY-STREAM-005
  unit_price: 59.99
  quantity: 1
  is_online: true
  customer_id: CUST-2886
  is_new_customer: true
  device_type: desktop
  payment_method: gift_card
  referral_source: paid_search
  discount_code: SPRING25
  customer_note: Already applying this at work
}
2026-06-02 15:38:36 | INFO | P03 | FOUND DISCOUNT: SPRING25
2026-06-02 15:38:36 | INFO | P03 |   Sending message with key=CA-QC
2026-06-02 15:38:36 | INFO | P03 |   MESSAGE SENT  sent=11
2026-06-02 15:38:37 | INFO | P03 | {
  order_id: 5e8e0db6-5d82-4cb0-9b2c-8a5e50e1f144
  datetime: 2026-05-05T12:15:00Z
  region_id: US-MO
  currency_code: USD
  product_id: PY-STREAM-005
  unit_price: 59.99
  quantity: 1
  is_online: true
  customer_id: CUST-2337
  is_new_customer: false
  device_type: tablet
  payment_method: credit_card
  referral_source: social
  discount_code: 
  customer_note: Highly recommend
}
2026-06-02 15:38:37 | INFO | P03 | Skipping non-discounted sale
2026-06-02 15:38:37 | INFO | P03 | {
  order_id: 1a49b0ce-05ad-4a0c-8cda-241a258d2c20
  datetime: 2026-05-05T12:20:00Z
  region_id: MX-CMX
  currency_code: MXN
  product_id: PY-INTRO-001
  unit_price: 29.99
  quantity: 1
  is_online: true
  customer_id: CUST-8916
  is_new_customer: false
  device_type: mobile
  payment_method: paypal
  referral_source: social
  discount_code: 
  customer_note: Worth every penny
}
2026-06-02 15:38:37 | INFO | P03 | Skipping non-discounted sale
2026-06-02 15:38:37 | INFO | P03 | {
  order_id: 7f42d7a3-443e-494b-97f1-af4d83826bd8
  datetime: 2026-05-05T12:28:00Z
  region_id: CA-ON
  currency_code: CAD
  product_id: PY-STREAM-005
  unit_price: 59.99
  quantity: 1
  is_online: false
  customer_id: CUST-6295
  is_new_customer: false
  device_type: mobile
  payment_method: paypal
  referral_source: email
  discount_code: SPRING25
  customer_note: 
}
2026-06-02 15:38:37 | INFO | P03 | FOUND DISCOUNT: SPRING25
2026-06-02 15:38:37 | INFO | P03 |   Sending message with key=CA-ON
2026-06-02 15:38:37 | INFO | P03 |   MESSAGE SENT  sent=12
2026-06-02 15:38:38 | INFO | P03 | {
  order_id: d4032b33-7e64-464d-880f-c9ea68963efb
  datetime: 2026-05-05T12:39:00Z
  region_id: MX-CMX
  currency_code: MXN
  product_id: PY-VIZ-003
  unit_price: 39.99
  quantity: 1
  is_online: true
  customer_id: CUST-3267
  is_new_customer: true
  device_type: mobile
  payment_method: credit_card
  referral_source: email
  discount_code: 
  customer_note: 
}
2026-06-02 15:38:38 | INFO | P03 | Skipping non-discounted sale
2026-06-02 15:38:38 | INFO | P03 | {
  order_id: b4e2aef3-7637-44c1-9713-825a4f150cb5
  datetime: 2026-05-05T12:53:00Z
  region_id: US-TX
  currency_code: USD
  product_id: PY-STREAM-005
  unit_price: 59.99
  quantity: 1
  is_online: true
  customer_id: CUST-2592
  is_new_customer: false
  device_type: desktop
  payment_method: apple_pay
  referral_source: organic
  discount_code: SPRING25
  customer_note: Sharing with friends
}
2026-06-02 15:38:38 | INFO | P03 | FOUND DISCOUNT: SPRING25
2026-06-02 15:38:38 | INFO | P03 |   Sending message with key=US-TX
2026-06-02 15:38:39 | INFO | P03 |   MESSAGE SENT  sent=13
2026-06-02 15:38:40 | INFO | P03 | {
  order_id: af8591ac-9bf1-4f9f-9c7f-3e354c7ddcf5
  datetime: 2026-05-05T13:00:00Z
  region_id: US-MO
  currency_code: USD
  product_id: PY-NLP-006
  unit_price: 54.99
  quantity: 2
  is_online: true
  customer_id: CUST-2622
  is_new_customer: false
  device_type: desktop
  payment_method: paypal
  referral_source: social
  discount_code: SPRING25
  customer_note: Highly recommend
}
2026-06-02 15:38:40 | INFO | P03 | FOUND DISCOUNT: SPRING25
2026-06-02 15:38:40 | INFO | P03 |   Sending message with key=US-MO
2026-06-02 15:38:40 | INFO | P03 |   MESSAGE SENT  sent=14
2026-06-02 15:38:41 | INFO | P03 | {
  order_id: 94a53572-2263-48fd-822c-fa6d46c4b037
  datetime: 2026-05-05T13:04:00Z
  region_id: CA-ON
  currency_code: CAD
  product_id: PY-NLP-006
  unit_price: 54.99
  quantity: 1
  is_online: true
  customer_id: CUST-1046
  is_new_customer: true
  device_type: tablet
  payment_method: credit_card
  referral_source: email
  discount_code: SPRING25
  customer_note: Sharing with friends
}
2026-06-02 15:38:41 | INFO | P03 | FOUND DISCOUNT: SPRING25
2026-06-02 15:38:41 | INFO | P03 |   Sending message with key=CA-ON
2026-06-02 15:38:41 | INFO | P03 |   MESSAGE SENT  sent=15
2026-06-02 15:38:42 | INFO | P03 | {
  order_id: 5b147175-d760-4755-ab93-f0b5ee4aaa4a
  datetime: 2026-05-05T13:08:00Z
  region_id: US-CA
  currency_code: USD
  product_id: PY-INTRO-001
  unit_price: 29.99
  quantity: 2
  is_online: true
  customer_id: CUST-9410
  is_new_customer: false
  device_type: tablet
  payment_method: credit_card
  referral_source: email
  discount_code: SPRING25
  customer_note: Great deal!
}
2026-06-02 15:38:42 | INFO | P03 | FOUND DISCOUNT: SPRING25
2026-06-02 15:38:42 | INFO | P03 |   Sending message with key=US-CA
2026-06-02 15:38:42 | INFO | P03 |   MESSAGE SENT  sent=16
2026-06-02 15:38:43 | INFO | P03 | {
  order_id: e7cdb664-4dd2-4f2a-883c-eb2ef5e8d16d
  datetime: 2026-05-05T13:21:00Z
  region_id: US-MO
  currency_code: USD
  product_id: PY-STREAM-005
  unit_price: 59.99
  quantity: 1
  is_online: true
  customer_id: CUST-6304
  is_new_customer: true
  device_type: mobile
  payment_method: credit_card
  referral_source: social
  discount_code: SPRING25
  customer_note: Great deal!
}
2026-06-02 15:38:43 | INFO | P03 | FOUND DISCOUNT: SPRING25
2026-06-02 15:38:43 | INFO | P03 |   Sending message with key=US-MO
2026-06-02 15:38:43 | INFO | P03 |   MESSAGE SENT  sent=17
2026-06-02 15:38:43 | INFO | C03 | Topic 'streaming-03-analytics-kjleopold' exists.
2026-06-02 15:38:43 | INFO | C03 | Found 17 message(s) available.
2026-06-02 15:38:43 | INFO | C03 | Creating Kafka consumer...
2026-06-02 15:38:43 | INFO | C03 | Subscribed to topic: 'streaming-03-analytics-kjleopold' (reading from beginning)
2026-06-02 15:38:43 | INFO | C03 | ========================
2026-06-02 15:38:43 | INFO | C03 | SECTION C. Consume and Process Messages
2026-06-02 15:38:43 | INFO | C03 | ========================
2026-06-02 15:38:43 | INFO | C03 | Initializing output...
2026-06-02 15:38:43 | INFO | C03 | Output CSV cleared: consumed_sales_kjleopold.csv
2026-06-02 15:38:43 | INFO | C03 | Loading enrichment reference data...
2026-06-02 15:38:43 | INFO | C03 | Found 6 region tax rates.
2026-06-02 15:38:43 | INFO | C03 | Consuming messages...
2026-06-02 15:38:43 | INFO | C03 | Waiting for up to 1000 message(s).
2026-06-02 15:38:43 | INFO | C03 | Press CTRL+C to stop early.

2026-06-02 15:38:44 | INFO | P03 | {
  order_id: 0929bf4c-a9df-4a08-a8b9-16487eec3bca
  datetime: 2026-05-05T13:26:00Z
  region_id: CA-QC
  currency_code: CAD
  product_id: PY-INTRO-001
  unit_price: 29.99
  quantity: 2
  is_online: true
  customer_id: CUST-4084
  is_new_customer: true
  device_type: desktop
  payment_method: gift_card
  referral_source: email
  discount_code: 
  customer_note: 
}
2026-06-02 15:38:44 | INFO | P03 | Skipping non-discounted sale
2026-06-02 15:38:44 | INFO | P03 | {
  order_id: 0d340684-70aa-4e55-a0ff-7379bf6e386c
  datetime: 2026-05-05T13:37:00Z
  region_id: US-CA
  currency_code: USD
  product_id: PY-INTRO-001
  unit_price: 29.99
  quantity: 1
  is_online: true
  customer_id: CUST-9149
  is_new_customer: true
  device_type: mobile
  payment_method: apple_pay
  referral_source: paid_search
  discount_code: SPRING25
  customer_note: Sharing with friends
}
2026-06-02 15:38:44 | INFO | P03 | FOUND DISCOUNT: SPRING25
2026-06-02 15:38:44 | INFO | P03 |   Sending message with key=US-CA
2026-06-02 15:38:44 | INFO | P03 |   MESSAGE SENT  sent=18
2026-06-02 15:38:45 | INFO | P03 | {
  order_id: 39f5e2c6-75cb-4db4-82cf-e56467f1464b
  datetime: 2026-05-05T13:38:00Z
  region_id: CA-ON
  currency_code: CAD
  product_id: PY-NLP-006
  unit_price: 54.99
  quantity: 1
  is_online: true
  customer_id: CUST-9624
  is_new_customer: false
  device_type: desktop
  payment_method: paypal
  referral_source: paid_search
  discount_code: SPRING25
  customer_note: Great course!
}
2026-06-02 15:38:45 | INFO | P03 | FOUND DISCOUNT: SPRING25
2026-06-02 15:38:45 | INFO | P03 |   Sending message with key=CA-ON
2026-06-02 15:38:45 | INFO | P03 |   MESSAGE SENT  sent=19
2026-06-02 15:38:46 | INFO | P03 | {
  order_id: dee021c8-fafd-4dfb-9065-c17c4b105baf
  datetime: 2026-05-05T13:40:00Z
  region_id: US-TX
  currency_code: USD
  product_id: PY-VIZ-003
  unit_price: 39.99
  quantity: 1
  is_online: true
  customer_id: CUST-3131
  is_new_customer: false
  device_type: mobile
  payment_method: credit_card
  referral_source: organic
  discount_code: SPRING25
  customer_note: Gifting this to my team
}
2026-06-02 15:38:46 | INFO | P03 | FOUND DISCOUNT: SPRING25
2026-06-02 15:38:46 | INFO | P03 |   Sending message with key=US-TX
2026-06-02 15:38:46 | INFO | P03 |   MESSAGE SENT  sent=20
2026-06-02 15:38:46 | INFO | C03 | {'currency_code': 'USD', 'customer_id': 'CUST-1710', 'customer_note': 'Gifting this to my team', 'datetime': '2026-05-05T11:08:00Z', 'device_type': 'desktop', 'discount_code': 'SPRING25', 'is_new_customer': 'false', 'is_online': 'true', 'order_id': '30d8f3f2-e499-4a31-9a28-cb14259cf4ba', 'payment_method': 'credit_card', 'product_id': 'PY-INTRO-001', 'quantity': '1', 'referral_source': 'email', 'region_id': 'US-MO', 'unit_price': '29.99', '_kafka_key': 'US-MO', '_kafka_partition': 0, '_kafka_offset': 0}
2026-06-02 15:38:46 | INFO | C03 | subtotal=29.99
2026-06-02 15:38:46 | INFO | C03 | tax=2.4
2026-06-02 15:38:46 | INFO | C03 | total=32.39
2026-06-02 15:38:46 | INFO | C03 | running_total=32.39
2026-06-02 15:38:46 | INFO | C03 | Sale is below average.
2026-06-02 15:38:46 | INFO | C03 | MESSAGE ACCEPTED
2026-06-02 15:38:46 | INFO | C03 | order=30d8f3f2-e499-4a31-9a28-cb14259cf4ba
2026-06-02 15:38:46 | INFO | C03 | total=$32.39
2026-06-02 15:38:46 | INFO | C03 | consumed=1
2026-06-02 15:38:46 | INFO | C03 | RUNNING STATS
2026-06-02 15:38:46 | INFO | C03 | total_sales=$32.39
2026-06-02 15:38:46 | INFO | C03 | average=$32.39
2026-06-02 15:38:46 | INFO | C03 | min=$32.39
2026-06-02 15:38:46 | INFO | C03 | max=$32.39
2026-06-02 15:38:46 | INFO | C03 | {'currency_code': 'USD', 'customer_id': 'CUST-8538', 'customer_note': 'Great deal!', 'datetime': '2026-05-05T11:39:00Z', 'device_type': 'desktop', 'discount_code': 'SPRING25', 'is_new_customer': 'true', 'is_online': 'false', 'order_id': '428171bf-e203-41b8-a1b0-339f9a76359f', 'payment_method': 'gift_card', 'product_id': 'PY-STREAM-005', 'quantity': '1', 'referral_source': 'organic', 'region_id': 'US-TX', 'unit_price': '59.99', '_kafka_key': 'US-TX', '_kafka_partition': 0, '_kafka_offset': 1}
2026-06-02 15:38:46 | INFO | C03 | subtotal=59.99
2026-06-02 15:38:46 | INFO | C03 | tax=4.95
2026-06-02 15:38:46 | INFO | C03 | total=64.94
2026-06-02 15:38:46 | INFO | C03 | running_total=97.33
2026-06-02 15:38:46 | INFO | C03 | Sale is above average.
2026-06-02 15:38:46 | INFO | C03 | MESSAGE ACCEPTED
2026-06-02 15:38:46 | INFO | C03 | order=428171bf-e203-41b8-a1b0-339f9a76359f
2026-06-02 15:38:46 | INFO | C03 | total=$64.94
2026-06-02 15:38:46 | INFO | C03 | consumed=2
2026-06-02 15:38:46 | INFO | C03 | RUNNING STATS
2026-06-02 15:38:46 | INFO | C03 | total_sales=$97.33
2026-06-02 15:38:46 | INFO | C03 | average=$48.66
2026-06-02 15:38:46 | INFO | C03 | min=$32.39
2026-06-02 15:38:46 | INFO | C03 | max=$64.94
2026-06-02 15:38:46 | INFO | C03 | {'currency_code': 'USD', 'customer_id': 'CUST-5846', 'customer_note': 'Excellent content', 'datetime': '2026-05-05T11:47:00Z', 'device_type': 'mobile', 'discount_code': 'SPRING25', 'is_new_customer': 'true', 'is_online': 'true', 'order_id': 'b0dbe64c-d31f-4596-9ed8-c71da9c4ebc2', 'payment_method': 'credit_card', 'product_id': 'PY-STREAM-005', 'quantity': '5', 'referral_source': 'paid_search', 'region_id': 'US-CA', 'unit_price': '59.99', '_kafka_key': 'US-CA', '_kafka_partition': 0, '_kafka_offset': 2}
2026-06-02 15:38:46 | INFO | C03 | subtotal=299.95
2026-06-02 15:38:46 | INFO | C03 | tax=28.5
2026-06-02 15:38:46 | INFO | C03 | total=328.45
2026-06-02 15:38:46 | INFO | C03 | running_total=425.78
2026-06-02 15:38:46 | INFO | C03 | Sale is above average.
2026-06-02 15:38:46 | INFO | C03 | MESSAGE ACCEPTED
2026-06-02 15:38:46 | INFO | C03 | order=b0dbe64c-d31f-4596-9ed8-c71da9c4ebc2
2026-06-02 15:38:46 | INFO | C03 | total=$328.45
2026-06-02 15:38:46 | INFO | C03 | consumed=3
2026-06-02 15:38:46 | INFO | C03 | RUNNING STATS
2026-06-02 15:38:46 | INFO | C03 | total_sales=$425.78
2026-06-02 15:38:46 | INFO | C03 | average=$141.93
2026-06-02 15:38:46 | INFO | C03 | min=$32.39
2026-06-02 15:38:46 | INFO | C03 | max=$328.45
2026-06-02 15:38:46 | INFO | C03 | {'currency_code': 'USD', 'customer_id': 'CUST-6731', 'customer_note': 'Bought two courses with this deal', 'datetime': '2026-05-05T11:48:00Z', 'device_type': 'tablet', 'discount_code': 'SPRING25', 'is_new_customer': 'false', 'is_online': 'true', 'order_id': '17b4eac7-1b8a-4695-8111-72c1d25c38f8', 'payment_method': 'credit_card', 'product_id': 'PY-SQL-004', 'quantity': '1', 'referral_source': 'email', 'region_id': 'US-CA', 'unit_price': '44.99', '_kafka_key': 'US-CA', '_kafka_partition': 0, '_kafka_offset': 3}
2026-06-02 15:38:46 | INFO | C03 | subtotal=44.99
2026-06-02 15:38:46 | INFO | C03 | tax=4.27
2026-06-02 15:38:46 | INFO | C03 | total=49.26
2026-06-02 15:38:46 | INFO | C03 | running_total=475.04
2026-06-02 15:38:46 | INFO | C03 | Sale is below average.
2026-06-02 15:38:46 | INFO | C03 | MESSAGE ACCEPTED
2026-06-02 15:38:46 | INFO | C03 | order=17b4eac7-1b8a-4695-8111-72c1d25c38f8
2026-06-02 15:38:46 | INFO | C03 | total=$49.26
2026-06-02 15:38:46 | INFO | C03 | consumed=4
2026-06-02 15:38:46 | INFO | C03 | RUNNING STATS
2026-06-02 15:38:46 | INFO | C03 | total_sales=$475.04
2026-06-02 15:38:46 | INFO | C03 | average=$118.76
2026-06-02 15:38:46 | INFO | C03 | min=$32.39
2026-06-02 15:38:46 | INFO | C03 | max=$328.45
2026-06-02 15:38:46 | INFO | C03 | {'currency_code': 'USD', 'customer_id': 'CUST-4289', 'customer_note': 'Gifting this to my team', 'datetime': '2026-05-05T11:49:00Z', 'device_type': 'mobile', 'discount_code': 'SPRING25', 'is_new_customer': 'true', 'is_online': 'true', 'order_id': '5fbd05e9-b2da-4a03-9bc8-86048207abaf', 'payment_method': 'apple_pay', 'product_id': 'PY-NLP-006', 'quantity': '1', 'referral_source': 'social', 'region_id': 'US-TX', 'unit_price': '54.99', '_kafka_key': 'US-TX', '_kafka_partition': 0, '_kafka_offset': 4}
2026-06-02 15:38:46 | INFO | C03 | subtotal=54.99
2026-06-02 15:38:46 | INFO | C03 | tax=4.54
2026-06-02 15:38:46 | INFO | C03 | total=59.53
2026-06-02 15:38:46 | INFO | C03 | running_total=534.57
2026-06-02 15:38:46 | INFO | C03 | Sale is below average.
2026-06-02 15:38:46 | INFO | C03 | MESSAGE ACCEPTED
2026-06-02 15:38:46 | INFO | C03 | order=5fbd05e9-b2da-4a03-9bc8-86048207abaf
2026-06-02 15:38:46 | INFO | C03 | total=$59.53
2026-06-02 15:38:46 | INFO | C03 | consumed=5
2026-06-02 15:38:46 | INFO | C03 | RUNNING STATS
2026-06-02 15:38:46 | INFO | C03 | total_sales=$534.57
2026-06-02 15:38:46 | INFO | C03 | average=$106.91
2026-06-02 15:38:46 | INFO | C03 | min=$32.39
2026-06-02 15:38:46 | INFO | C03 | max=$328.45
2026-06-02 15:38:46 | INFO | C03 | {'currency_code': 'USD', 'customer_id': 'CUST-3712', 'customer_note': 'For my study group', 'datetime': '2026-05-05T11:51:00Z', 'device_type': 'desktop', 'discount_code': 'SPRING25', 'is_new_customer': 'false', 'is_online': 'true', 'order_id': '9650209c-dffb-44ed-b9ac-8f9ad3958d48', 'payment_method': 'credit_card', 'product_id': 'PY-SQL-004', 'quantity': '1', 'referral_source': 'social', 'region_id': 'US-TX', 'unit_price': '44.99', '_kafka_key': 'US-TX', '_kafka_partition': 0, '_kafka_offset': 5}
2026-06-02 15:38:46 | INFO | C03 | subtotal=44.99
2026-06-02 15:38:46 | INFO | C03 | tax=3.71
2026-06-02 15:38:46 | INFO | C03 | total=48.7
2026-06-02 15:38:46 | INFO | C03 | running_total=583.27
2026-06-02 15:38:46 | INFO | C03 | Sale is below average.
2026-06-02 15:38:46 | INFO | C03 | MESSAGE ACCEPTED
2026-06-02 15:38:46 | INFO | C03 | order=9650209c-dffb-44ed-b9ac-8f9ad3958d48
2026-06-02 15:38:46 | INFO | C03 | total=$48.70
2026-06-02 15:38:46 | INFO | C03 | consumed=6
2026-06-02 15:38:46 | INFO | C03 | RUNNING STATS
2026-06-02 15:38:46 | INFO | C03 | total_sales=$583.27
2026-06-02 15:38:46 | INFO | C03 | average=$97.21
2026-06-02 15:38:46 | INFO | C03 | min=$32.39
2026-06-02 15:38:46 | INFO | C03 | max=$328.45
2026-06-02 15:38:46 | INFO | C03 | {'currency_code': 'USD', 'customer_id': 'CUST-1803', 'customer_note': 'Just what I needed', 'datetime': '2026-05-05T11:54:00Z', 'device_type': 'tablet', 'discount_code': 'SPRING25', 'is_new_customer': 'true', 'is_online': 'true', 'order_id': '294cd274-7557-44e8-9b0b-a5b7aa906985', 'payment_method': 'credit_card', 'product_id': 'PY-DATA-002', 'quantity': '1', 'referral_source': 'social', 'region_id': 'US-TX', 'unit_price': '49.99', '_kafka_key': 'US-TX', '_kafka_partition': 0, '_kafka_offset': 6}
2026-06-02 15:38:46 | INFO | C03 | subtotal=49.99
2026-06-02 15:38:46 | INFO | C03 | tax=4.12
2026-06-02 15:38:46 | INFO | C03 | total=54.11
2026-06-02 15:38:46 | INFO | C03 | running_total=637.38
2026-06-02 15:38:46 | INFO | C03 | Sale is below average.
2026-06-02 15:38:46 | INFO | C03 | MESSAGE ACCEPTED
2026-06-02 15:38:46 | INFO | C03 | order=294cd274-7557-44e8-9b0b-a5b7aa906985
2026-06-02 15:38:46 | INFO | C03 | total=$54.11
2026-06-02 15:38:46 | INFO | C03 | consumed=7
2026-06-02 15:38:46 | INFO | C03 | RUNNING STATS
2026-06-02 15:38:46 | INFO | C03 | total_sales=$637.38
2026-06-02 15:38:46 | INFO | C03 | average=$91.05
2026-06-02 15:38:46 | INFO | C03 | min=$32.39
2026-06-02 15:38:46 | INFO | C03 | max=$328.45
2026-06-02 15:38:46 | INFO | C03 | {'currency_code': 'USD', 'customer_id': 'CUST-2557', 'customer_note': 'Sharing with friends', 'datetime': '2026-05-05T11:58:00Z', 'device_type': 'desktop', 'discount_code': 'SPRING25', 'is_new_customer': 'true', 'is_online': 'true', 'order_id': '6bec3e65-27e6-4374-81c2-f70c2a8322e4', 'payment_method': 'credit_card', 'product_id': 'PY-STREAM-005', 'quantity': '3', 'referral_source': 'email', 'region_id': 'US-TX', 'unit_price': '59.99', '_kafka_key': 'US-TX', '_kafka_partition': 0, '_kafka_offset': 7}
2026-06-02 15:38:46 | INFO | C03 | subtotal=179.97
2026-06-02 15:38:46 | INFO | C03 | tax=14.85
2026-06-02 15:38:46 | INFO | C03 | total=194.82
2026-06-02 15:38:46 | INFO | C03 | running_total=832.20
2026-06-02 15:38:46 | INFO | C03 | Sale is above average.
2026-06-02 15:38:46 | INFO | C03 | MESSAGE ACCEPTED
2026-06-02 15:38:46 | INFO | C03 | order=6bec3e65-27e6-4374-81c2-f70c2a8322e4
2026-06-02 15:38:46 | INFO | C03 | total=$194.82
2026-06-02 15:38:46 | INFO | C03 | consumed=8
2026-06-02 15:38:46 | INFO | C03 | RUNNING STATS
2026-06-02 15:38:46 | INFO | C03 | total_sales=$832.20
2026-06-02 15:38:46 | INFO | C03 | average=$104.03
2026-06-02 15:38:46 | INFO | C03 | min=$32.39
2026-06-02 15:38:46 | INFO | C03 | max=$328.45
2026-06-02 15:38:46 | INFO | C03 | {'currency_code': 'USD', 'customer_id': 'CUST-3352', 'customer_note': 'Gift for my team', 'datetime': '2026-05-05T12:02:00Z', 'device_type': 'mobile', 'discount_code': 'SPRING25', 'is_new_customer': 'true', 'is_online': 'true', 'order_id': '456700b3-71ae-49f3-b40e-e197064c021a', 'payment_method': 'apple_pay', 'product_id': 'PY-INTRO-001', 'quantity': '2', 'referral_source': 'social', 'region_id': 'US-CA', 'unit_price': '29.99', '_kafka_key': 'US-CA', '_kafka_partition': 0, '_kafka_offset': 8}
2026-06-02 15:38:46 | INFO | C03 | subtotal=59.98
2026-06-02 15:38:46 | INFO | C03 | tax=5.7
2026-06-02 15:38:46 | INFO | C03 | total=65.68
2026-06-02 15:38:46 | INFO | C03 | running_total=897.88
2026-06-02 15:38:46 | INFO | C03 | Sale is below average.
2026-06-02 15:38:46 | INFO | C03 | MESSAGE ACCEPTED
2026-06-02 15:38:46 | INFO | C03 | order=456700b3-71ae-49f3-b40e-e197064c021a
2026-06-02 15:38:46 | INFO | C03 | total=$65.68
2026-06-02 15:38:46 | INFO | C03 | consumed=9
2026-06-02 15:38:46 | INFO | C03 | RUNNING STATS
2026-06-02 15:38:46 | INFO | C03 | total_sales=$897.88
2026-06-02 15:38:46 | INFO | C03 | average=$99.76
2026-06-02 15:38:46 | INFO | C03 | min=$32.39
2026-06-02 15:38:46 | INFO | C03 | max=$328.45
2026-06-02 15:38:46 | INFO | C03 | {'currency_code': 'CAD', 'customer_id': 'CUST-6374', 'customer_note': 'Love the discount!', 'datetime': '2026-05-05T12:03:00Z', 'device_type': 'desktop', 'discount_code': 'SPRING25', 'is_new_customer': 'false', 'is_online': 'true', 'order_id': '3cfeff27-d69e-4e46-8b75-c16a3b1d3d24', 'payment_method': 'paypal', 'product_id': 'PY-VIZ-003', 'quantity': '1', 'referral_source': 'social', 'region_id': 'CA-ON', 'unit_price': '39.99', '_kafka_key': 'CA-ON', '_kafka_partition': 0, '_kafka_offset': 9}
2026-06-02 15:38:46 | INFO | C03 | subtotal=39.99
2026-06-02 15:38:46 | INFO | C03 | tax=5.2
2026-06-02 15:38:46 | INFO | C03 | total=45.19
2026-06-02 15:38:46 | INFO | C03 | running_total=943.07
2026-06-02 15:38:46 | INFO | C03 | Sale is below average.
2026-06-02 15:38:46 | INFO | C03 | MESSAGE ACCEPTED
2026-06-02 15:38:46 | INFO | C03 | order=3cfeff27-d69e-4e46-8b75-c16a3b1d3d24
2026-06-02 15:38:46 | INFO | C03 | total=$45.19
2026-06-02 15:38:46 | INFO | C03 | consumed=10
2026-06-02 15:38:46 | INFO | C03 | RUNNING STATS
2026-06-02 15:38:46 | INFO | C03 | total_sales=$943.07
2026-06-02 15:38:46 | INFO | C03 | average=$94.31
2026-06-02 15:38:46 | INFO | C03 | min=$32.39
2026-06-02 15:38:46 | INFO | C03 | max=$328.45
2026-06-02 15:38:46 | INFO | C03 | {'currency_code': 'CAD', 'customer_id': 'CUST-2886', 'customer_note': 'Already applying this at work', 'datetime': '2026-05-05T12:07:00Z', 'device_type': 'desktop', 'discount_code': 'SPRING25', 'is_new_customer': 'true', 'is_online': 'true', 'order_id': '6e001c71-e65f-437a-9be4-b210ec5c48aa', 'payment_method': 'gift_card', 'product_id': 'PY-STREAM-005', 'quantity': '1', 'referral_source': 'paid_search', 'region_id': 'CA-QC', 'unit_price': '59.99', '_kafka_key': 'CA-QC', '_kafka_partition': 0, '_kafka_offset': 10}
2026-06-02 15:38:46 | INFO | C03 | subtotal=59.99
2026-06-02 15:38:46 | INFO | C03 | tax=8.98
2026-06-02 15:38:46 | INFO | C03 | total=68.97
2026-06-02 15:38:46 | INFO | C03 | running_total=1012.04
2026-06-02 15:38:46 | INFO | C03 | Sale is below average.
2026-06-02 15:38:46 | INFO | C03 | MESSAGE ACCEPTED
2026-06-02 15:38:46 | INFO | C03 | order=6e001c71-e65f-437a-9be4-b210ec5c48aa
2026-06-02 15:38:46 | INFO | C03 | total=$68.97
2026-06-02 15:38:46 | INFO | C03 | consumed=11
2026-06-02 15:38:46 | INFO | C03 | RUNNING STATS
2026-06-02 15:38:46 | INFO | C03 | total_sales=$1,012.04
2026-06-02 15:38:46 | INFO | C03 | average=$92.00
2026-06-02 15:38:46 | INFO | C03 | min=$32.39
2026-06-02 15:38:46 | INFO | C03 | max=$328.45
2026-06-02 15:38:46 | INFO | C03 | {'currency_code': 'CAD', 'customer_id': 'CUST-6295', 'customer_note': '', 'datetime': '2026-05-05T12:28:00Z', 'device_type': 'mobile', 'discount_code': 'SPRING25', 'is_new_customer': 'false', 'is_online': 'false', 'order_id': '7f42d7a3-443e-494b-97f1-af4d83826bd8', 'payment_method': 'paypal', 'product_id': 'PY-STREAM-005', 'quantity': '1', 'referral_source': 'email', 'region_id': 'CA-ON', 'unit_price': '59.99', '_kafka_key': 'CA-ON', '_kafka_partition': 0, '_kafka_offset': 11}
2026-06-02 15:38:46 | INFO | C03 | subtotal=59.99
2026-06-02 15:38:46 | INFO | C03 | tax=7.8
2026-06-02 15:38:46 | INFO | C03 | total=67.79
2026-06-02 15:38:46 | INFO | C03 | running_total=1079.83
2026-06-02 15:38:46 | INFO | C03 | Sale is below average.
2026-06-02 15:38:46 | INFO | C03 | MESSAGE ACCEPTED
2026-06-02 15:38:46 | INFO | C03 | order=7f42d7a3-443e-494b-97f1-af4d83826bd8
2026-06-02 15:38:46 | INFO | C03 | total=$67.79
2026-06-02 15:38:46 | INFO | C03 | consumed=12
2026-06-02 15:38:46 | INFO | C03 | RUNNING STATS
2026-06-02 15:38:46 | INFO | C03 | total_sales=$1,079.83
2026-06-02 15:38:46 | INFO | C03 | average=$89.99
2026-06-02 15:38:46 | INFO | C03 | min=$32.39
2026-06-02 15:38:46 | INFO | C03 | max=$328.45
2026-06-02 15:38:46 | INFO | C03 | {'currency_code': 'USD', 'customer_id': 'CUST-2592', 'customer_note': 'Sharing with friends', 'datetime': '2026-05-05T12:53:00Z', 'device_type': 'desktop', 'discount_code': 'SPRING25', 'is_new_customer': 'false', 'is_online': 'true', 'order_id': 'b4e2aef3-7637-44c1-9713-825a4f150cb5', 'payment_method': 'apple_pay', 'product_id': 'PY-STREAM-005', 'quantity': '1', 'referral_source': 'organic', 'region_id': 'US-TX', 'unit_price': '59.99', '_kafka_key': 'US-TX', '_kafka_partition': 0, '_kafka_offset': 12}
2026-06-02 15:38:46 | INFO | C03 | subtotal=59.99
2026-06-02 15:38:46 | INFO | C03 | tax=4.95
2026-06-02 15:38:46 | INFO | C03 | total=64.94
2026-06-02 15:38:46 | INFO | C03 | running_total=1144.77
2026-06-02 15:38:46 | INFO | C03 | Sale is below average.
2026-06-02 15:38:46 | INFO | C03 | MESSAGE ACCEPTED
2026-06-02 15:38:46 | INFO | C03 | order=b4e2aef3-7637-44c1-9713-825a4f150cb5
2026-06-02 15:38:46 | INFO | C03 | total=$64.94
2026-06-02 15:38:46 | INFO | C03 | consumed=13
2026-06-02 15:38:46 | INFO | C03 | RUNNING STATS
2026-06-02 15:38:46 | INFO | C03 | total_sales=$1,144.77
2026-06-02 15:38:46 | INFO | C03 | average=$88.06
2026-06-02 15:38:46 | INFO | C03 | min=$32.39
2026-06-02 15:38:46 | INFO | C03 | max=$328.45
2026-06-02 15:38:46 | INFO | C03 | {'currency_code': 'USD', 'customer_id': 'CUST-2622', 'customer_note': 'Highly recommend', 'datetime': '2026-05-05T13:00:00Z', 'device_type': 'desktop', 'discount_code': 'SPRING25', 'is_new_customer': 'false', 'is_online': 'true', 'order_id': 'af8591ac-9bf1-4f9f-9c7f-3e354c7ddcf5', 'payment_method': 'paypal', 'product_id': 'PY-NLP-006', 'quantity': '2', 'referral_source': 'social', 'region_id': 'US-MO', 'unit_price': '54.99', '_kafka_key': 'US-MO', '_kafka_partition': 0, '_kafka_offset': 13}
2026-06-02 15:38:46 | INFO | C03 | subtotal=109.98
2026-06-02 15:38:46 | INFO | C03 | tax=8.8
2026-06-02 15:38:46 | INFO | C03 | total=118.78
2026-06-02 15:38:46 | INFO | C03 | running_total=1263.55
2026-06-02 15:38:46 | INFO | C03 | Sale is above average.
2026-06-02 15:38:46 | INFO | C03 | MESSAGE ACCEPTED
2026-06-02 15:38:46 | INFO | C03 | order=af8591ac-9bf1-4f9f-9c7f-3e354c7ddcf5
2026-06-02 15:38:46 | INFO | C03 | total=$118.78
2026-06-02 15:38:46 | INFO | C03 | consumed=14
2026-06-02 15:38:46 | INFO | C03 | RUNNING STATS
2026-06-02 15:38:46 | INFO | C03 | total_sales=$1,263.55
2026-06-02 15:38:46 | INFO | C03 | average=$90.25
2026-06-02 15:38:46 | INFO | C03 | min=$32.39
2026-06-02 15:38:46 | INFO | C03 | max=$328.45
2026-06-02 15:38:46 | INFO | C03 | {'currency_code': 'CAD', 'customer_id': 'CUST-1046', 'customer_note': 'Sharing with friends', 'datetime': '2026-05-05T13:04:00Z', 'device_type': 'tablet', 'discount_code': 'SPRING25', 'is_new_customer': 'true', 'is_online': 'true', 'order_id': '94a53572-2263-48fd-822c-fa6d46c4b037', 'payment_method': 'credit_card', 'product_id': 'PY-NLP-006', 'quantity': '1', 'referral_source': 'email', 'region_id': 'CA-ON', 'unit_price': '54.99', '_kafka_key': 'CA-ON', '_kafka_partition': 0, '_kafka_offset': 14}
2026-06-02 15:38:46 | INFO | C03 | subtotal=54.99
2026-06-02 15:38:46 | INFO | C03 | tax=7.15
2026-06-02 15:38:46 | INFO | C03 | total=62.14
2026-06-02 15:38:46 | INFO | C03 | running_total=1325.69
2026-06-02 15:38:46 | INFO | C03 | Sale is below average.
2026-06-02 15:38:46 | INFO | C03 | MESSAGE ACCEPTED
2026-06-02 15:38:46 | INFO | C03 | order=94a53572-2263-48fd-822c-fa6d46c4b037
2026-06-02 15:38:46 | INFO | C03 | total=$62.14
2026-06-02 15:38:46 | INFO | C03 | consumed=15
2026-06-02 15:38:46 | INFO | C03 | RUNNING STATS
2026-06-02 15:38:46 | INFO | C03 | total_sales=$1,325.69
2026-06-02 15:38:46 | INFO | C03 | average=$88.38
2026-06-02 15:38:46 | INFO | C03 | min=$32.39
2026-06-02 15:38:46 | INFO | C03 | max=$328.45
2026-06-02 15:38:46 | INFO | C03 | {'currency_code': 'USD', 'customer_id': 'CUST-9410', 'customer_note': 'Great deal!', 'datetime': '2026-05-05T13:08:00Z', 'device_type': 'tablet', 'discount_code': 'SPRING25', 'is_new_customer': 'false', 'is_online': 'true', 'order_id': '5b147175-d760-4755-ab93-f0b5ee4aaa4a', 'payment_method': 'credit_card', 'product_id': 'PY-INTRO-001', 'quantity': '2', 'referral_source': 'email', 'region_id': 'US-CA', 'unit_price': '29.99', '_kafka_key': 'US-CA', '_kafka_partition': 0, '_kafka_offset': 15}
2026-06-02 15:38:46 | INFO | C03 | subtotal=59.98
2026-06-02 15:38:46 | INFO | C03 | tax=5.7
2026-06-02 15:38:46 | INFO | C03 | total=65.68
2026-06-02 15:38:46 | INFO | C03 | running_total=1391.37
2026-06-02 15:38:46 | INFO | C03 | Sale is below average.
2026-06-02 15:38:46 | INFO | C03 | MESSAGE ACCEPTED
2026-06-02 15:38:46 | INFO | C03 | order=5b147175-d760-4755-ab93-f0b5ee4aaa4a
2026-06-02 15:38:46 | INFO | C03 | total=$65.68
2026-06-02 15:38:46 | INFO | C03 | consumed=16
2026-06-02 15:38:46 | INFO | C03 | RUNNING STATS
2026-06-02 15:38:46 | INFO | C03 | total_sales=$1,391.37
2026-06-02 15:38:46 | INFO | C03 | average=$86.96
2026-06-02 15:38:46 | INFO | C03 | min=$32.39
2026-06-02 15:38:46 | INFO | C03 | max=$328.45
2026-06-02 15:38:46 | INFO | C03 | {'currency_code': 'USD', 'customer_id': 'CUST-6304', 'customer_note': 'Great deal!', 'datetime': '2026-05-05T13:21:00Z', 'device_type': 'mobile', 'discount_code': 'SPRING25', 'is_new_customer': 'true', 'is_online': 'true', 'order_id': 'e7cdb664-4dd2-4f2a-883c-eb2ef5e8d16d', 'payment_method': 'credit_card', 'product_id': 'PY-STREAM-005', 'quantity': '1', 'referral_source': 'social', 'region_id': 'US-MO', 'unit_price': '59.99', '_kafka_key': 'US-MO', '_kafka_partition': 0, '_kafka_offset': 16}
2026-06-02 15:38:46 | INFO | C03 | subtotal=59.99
2026-06-02 15:38:46 | INFO | C03 | tax=4.8
2026-06-02 15:38:46 | INFO | C03 | total=64.79
2026-06-02 15:38:46 | INFO | C03 | running_total=1456.16
2026-06-02 15:38:46 | INFO | C03 | Sale is below average.
2026-06-02 15:38:46 | INFO | C03 | MESSAGE ACCEPTED
2026-06-02 15:38:46 | INFO | C03 | order=e7cdb664-4dd2-4f2a-883c-eb2ef5e8d16d
2026-06-02 15:38:46 | INFO | C03 | total=$64.79
2026-06-02 15:38:46 | INFO | C03 | consumed=17
2026-06-02 15:38:46 | INFO | C03 | RUNNING STATS
2026-06-02 15:38:46 | INFO | C03 | total_sales=$1,456.16
2026-06-02 15:38:46 | INFO | C03 | average=$85.66
2026-06-02 15:38:46 | INFO | C03 | min=$32.39
2026-06-02 15:38:46 | INFO | C03 | max=$328.45
2026-06-02 15:38:46 | INFO | C03 | {'currency_code': 'USD', 'customer_id': 'CUST-9149', 'customer_note': 'Sharing with friends', 'datetime': '2026-05-05T13:37:00Z', 'device_type': 'mobile', 'discount_code': 'SPRING25', 'is_new_customer': 'true', 'is_online': 'true', 'order_id': '0d340684-70aa-4e55-a0ff-7379bf6e386c', 'payment_method': 'apple_pay', 'product_id': 'PY-INTRO-001', 'quantity': '1', 'referral_source': 'paid_search', 'region_id': 'US-CA', 'unit_price': '29.99', '_kafka_key': 'US-CA', '_kafka_partition': 0, '_kafka_offset': 17}
2026-06-02 15:38:46 | INFO | C03 | subtotal=29.99
2026-06-02 15:38:46 | INFO | C03 | tax=2.85
2026-06-02 15:38:46 | INFO | C03 | total=32.84
2026-06-02 15:38:46 | INFO | C03 | running_total=1489.00
2026-06-02 15:38:46 | INFO | C03 | Sale is below average.
2026-06-02 15:38:46 | INFO | C03 | MESSAGE ACCEPTED
2026-06-02 15:38:46 | INFO | C03 | order=0d340684-70aa-4e55-a0ff-7379bf6e386c
2026-06-02 15:38:46 | INFO | C03 | total=$32.84
2026-06-02 15:38:46 | INFO | C03 | consumed=18
2026-06-02 15:38:46 | INFO | C03 | RUNNING STATS
2026-06-02 15:38:46 | INFO | C03 | total_sales=$1,489.00
2026-06-02 15:38:46 | INFO | C03 | average=$82.72
2026-06-02 15:38:46 | INFO | C03 | min=$32.39
2026-06-02 15:38:46 | INFO | C03 | max=$328.45
2026-06-02 15:38:46 | INFO | C03 | {'currency_code': 'CAD', 'customer_id': 'CUST-9624', 'customer_note': 'Great course!', 'datetime': '2026-05-05T13:38:00Z', 'device_type': 'desktop', 'discount_code': 'SPRING25', 'is_new_customer': 'false', 'is_online': 'true', 'order_id': '39f5e2c6-75cb-4db4-82cf-e56467f1464b', 'payment_method': 'paypal', 'product_id': 'PY-NLP-006', 'quantity': '1', 'referral_source': 'paid_search', 'region_id': 'CA-ON', 'unit_price': '54.99', '_kafka_key': 'CA-ON', '_kafka_partition': 0, '_kafka_offset': 18}
2026-06-02 15:38:46 | INFO | C03 | subtotal=54.99
2026-06-02 15:38:46 | INFO | C03 | tax=7.15
2026-06-02 15:38:46 | INFO | C03 | total=62.14
2026-06-02 15:38:46 | INFO | C03 | running_total=1551.14
2026-06-02 15:38:46 | INFO | C03 | Sale is below average.
2026-06-02 15:38:46 | INFO | C03 | MESSAGE ACCEPTED
2026-06-02 15:38:46 | INFO | C03 | order=39f5e2c6-75cb-4db4-82cf-e56467f1464b
2026-06-02 15:38:46 | INFO | C03 | total=$62.14
2026-06-02 15:38:46 | INFO | C03 | consumed=19
2026-06-02 15:38:46 | INFO | C03 | RUNNING STATS
2026-06-02 15:38:46 | INFO | C03 | total_sales=$1,551.14
2026-06-02 15:38:46 | INFO | C03 | average=$81.64
2026-06-02 15:38:46 | INFO | C03 | min=$32.39
2026-06-02 15:38:46 | INFO | C03 | max=$328.45
2026-06-02 15:38:46 | INFO | C03 | {'currency_code': 'USD', 'customer_id': 'CUST-3131', 'customer_note': 'Gifting this to my team', 'datetime': '2026-05-05T13:40:00Z', 'device_type': 'mobile', 'discount_code': 'SPRING25', 'is_new_customer': 'false', 'is_online': 'true', 'order_id': 'dee021c8-fafd-4dfb-9065-c17c4b105baf', 'payment_method': 'credit_card', 'product_id': 'PY-VIZ-003', 'quantity': '1', 'referral_source': 'organic', 'region_id': 'US-TX', 'unit_price': '39.99', '_kafka_key': 'US-TX', '_kafka_partition': 0, '_kafka_offset': 19}
2026-06-02 15:38:46 | INFO | C03 | subtotal=39.99
2026-06-02 15:38:46 | INFO | C03 | tax=3.3
2026-06-02 15:38:46 | INFO | C03 | total=43.29
2026-06-02 15:38:46 | INFO | C03 | running_total=1594.43
2026-06-02 15:38:46 | INFO | C03 | Sale is below average.
2026-06-02 15:38:46 | INFO | C03 | MESSAGE ACCEPTED
2026-06-02 15:38:46 | INFO | C03 | order=dee021c8-fafd-4dfb-9065-c17c4b105baf
2026-06-02 15:38:46 | INFO | C03 | total=$43.29
2026-06-02 15:38:46 | INFO | C03 | consumed=20
2026-06-02 15:38:46 | INFO | C03 | RUNNING STATS
2026-06-02 15:38:46 | INFO | C03 | total_sales=$1,594.43
2026-06-02 15:38:46 | INFO | C03 | average=$79.72
2026-06-02 15:38:46 | INFO | C03 | min=$32.39
2026-06-02 15:38:46 | INFO | C03 | max=$328.45
2026-06-02 15:38:47 | INFO | P03 | {
  order_id: 3520eb78-df1e-4600-adfc-bc0364690ddf
  datetime: 2026-05-05T13:41:00Z
  region_id: US-MO
  currency_code: USD
  product_id: PY-INTRO-001
  unit_price: 29.99
  quantity: 1
  is_online: true
  customer_id: CUST-7041
  is_new_customer: true
  device_type: mobile
  payment_method: credit_card
  referral_source: organic
  discount_code: SPRING25
  customer_note: Love the examples
}
2026-06-02 15:38:47 | INFO | P03 | FOUND DISCOUNT: SPRING25
2026-06-02 15:38:47 | INFO | P03 |   Sending message with key=US-MO
2026-06-02 15:38:47 | INFO | P03 |   MESSAGE SENT  sent=21
'customer_id': 'CUST-7041', 'customer_note': 'Love the examples', 'datetime': '2026-05-05T13:41:00Z', 'device_type': 'mobile', 'discount_code': 'SPRING25', 'is_new_customer': 'true', 'is_online': 'true', 'order_id': '3520eb78-df1e-4600-adfc-bc0364690ddf', 'payment_method': 'credit_card', 'product_id': 'PY-INTRO-001', 'quantity': '1', 'referral_source': 'organic', 'region_id': 'US-MO', 'unit_price': '29.99', '_kafka_key': 'US-MO', '_kafka_partition': 0, '_kafka_offset': 20}
2026-06-02 15:38:47 | INFO | C03 | subtotal=29.99
2026-06-02 15:38:47 | INFO | C03 | tax=2.4
2026-06-02 15:38:47 | INFO | C03 | total=32.39
2026-06-02 15:38:47 | INFO | C03 | running_total=1626.82
2026-06-02 15:38:47 | INFO | C03 | Sale is below average.
2026-06-02 15:38:47 | INFO | C03 | MESSAGE ACCEPTED
2026-06-02 15:38:47 | INFO | C03 | order=3520eb78-df1e-4600-adfc-bc0364690ddf
2026-06-02 15:38:47 | INFO | C03 | total=$32.39
2026-06-02 15:38:47 | INFO | C03 | consumed=21
2026-06-02 15:38:47 | INFO | C03 | RUNNING STATS
2026-06-02 15:38:47 | INFO | C03 | total_sales=$1,626.82
2026-06-02 15:38:47 | INFO | C03 | average=$77.47
2026-06-02 15:38:47 | INFO | C03 | min=$32.39
2026-06-02 15:38:47 | INFO | C03 | max=$328.45
2026-06-02 15:38:48 | INFO | P03 | {
  order_id: 1325fde8-2696-4989-a892-ad064ed75c89
  datetime: 2026-05-05T13:44:00Z
  region_id: US-MO
  currency_code: USD
  product_id: PY-STREAM-005
  unit_price: 59.99
  quantity: 1
  is_online: true
  customer_id: CUST-2624
  is_new_customer: true
  device_type: desktop
  payment_method: credit_card
  referral_source: paid_search
  discount_code: SPRING25
  customer_note: Gift for my team
}
2026-06-02 15:38:48 | INFO | P03 | FOUND DISCOUNT: SPRING25
2026-06-02 15:38:48 | INFO | P03 |   Sending message with key=US-MO
2026-06-02 15:38:48 | INFO | P03 |   MESSAGE SENT  sent=22
2026-06-02 15:38:48 | INFO | C03 | {'currency_code': 'USD', 'customer_id': 'CUST-2624', 'customer_note': 'Gift for my team', 'datetime': '2026-05-05T13:44:00Z', 'device_type': 'desktop', 'discount_code': 'SPRING25', 'is_new_customer': 'true', 'is_online': 'true', 'order_id': '1325fde8-2696-4989-a892-ad064ed75c89', 'payment_method': 'credit_card', 'product_id': 'PY-STREAM-005', 'quantity': '1', 'referral_source': 'paid_search', 'region_id': 'US-MO', 'unit_price': '59.99', '_kafka_key': 'US-MO', '_kafka_partition': 0, '_kafka_offset': 21}
2026-06-02 15:38:48 | INFO | C03 | subtotal=59.99
2026-06-02 15:38:48 | INFO | C03 | tax=4.8
2026-06-02 15:38:48 | INFO | C03 | total=64.79
2026-06-02 15:38:48 | INFO | C03 | running_total=1691.61
2026-06-02 15:38:48 | INFO | C03 | Sale is below average.
2026-06-02 15:38:48 | INFO | C03 | MESSAGE ACCEPTED
2026-06-02 15:38:48 | INFO | C03 | order=1325fde8-2696-4989-a892-ad064ed75c89
2026-06-02 15:38:48 | INFO | C03 | total=$64.79
2026-06-02 15:38:48 | INFO | C03 | consumed=22
2026-06-02 15:38:48 | INFO | C03 | RUNNING STATS
2026-06-02 15:38:48 | INFO | C03 | total_sales=$1,691.61
2026-06-02 15:38:48 | INFO | C03 | average=$76.89
2026-06-02 15:38:48 | INFO | C03 | min=$32.39
2026-06-02 15:38:48 | INFO | C03 | max=$328.45
2026-06-02 15:38:49 | INFO | P03 | {
  order_id: 21bdf58e-b29b-4a29-8fd2-87bba2597965
  datetime: 2026-05-05T13:44:00Z
  region_id: US-TX
  currency_code: USD
  product_id: PY-STREAM-005
  unit_price: 59.99
  quantity: 1
  is_online: true
  customer_id: CUST-8172
  is_new_customer: false
  device_type: mobile
  payment_method: apple_pay
  referral_source: social
  discount_code: 
  customer_note: Gifting this to my team
}
2026-06-02 15:38:49 | INFO | P03 | Skipping non-discounted sale
2026-06-02 15:38:49 | INFO | P03 | {
  order_id: 2133738d-67aa-4d12-a9dc-df2423b6da35
  datetime: 2026-05-05T13:54:00Z
  region_id: US-CA
  currency_code: USD
  product_id: PY-INTRO-001
  unit_price: 29.99
  quantity: 2
  is_online: true
  customer_id: CUST-5458
  is_new_customer: true
  device_type: tablet
  payment_method: credit_card
  referral_source: social
  discount_code: SPRING25
  customer_note: Bought two courses with this deal
}
2026-06-02 15:38:49 | INFO | P03 | FOUND DISCOUNT: SPRING25
2026-06-02 15:38:49 | INFO | P03 |   Sending message with key=US-CA
2026-06-02 15:38:49 | INFO | P03 |   MESSAGE SENT  sent=23
2026-06-02 15:38:49 | INFO | C03 | {'currency_code': 'USD', 'customer_id': 'CUST-5458', 'customer_note': 'Bought two courses with this deal', 'datetime': '2026-05-05T13:54:00Z', 'device_type': 'tablet', 'discount_code': 'SPRING25', 'is_new_customer': 'true', 'is_online': 'true', 'order_id': '2133738d-67aa-4d12-a9dc-df2423b6da35', 'payment_method': 'credit_card', 'product_id': 'PY-INTRO-001', 'quantity': '2', 'referral_source': 'social', 'region_id': 'US-CA', 'unit_price': '29.99', '_kafka_key': 'US-CA', '_kafka_partition': 0, '_kafka_offset': 22}
2026-06-02 15:38:49 | INFO | C03 | subtotal=59.98
2026-06-02 15:38:49 | INFO | C03 | tax=5.7
2026-06-02 15:38:49 | INFO | C03 | total=65.68
2026-06-02 15:38:49 | INFO | C03 | running_total=1757.29
2026-06-02 15:38:49 | INFO | C03 | Sale is below average.
2026-06-02 15:38:49 | INFO | C03 | MESSAGE ACCEPTED
2026-06-02 15:38:49 | INFO | C03 | order=2133738d-67aa-4d12-a9dc-df2423b6da35
2026-06-02 15:38:49 | INFO | C03 | total=$65.68
2026-06-02 15:38:49 | INFO | C03 | consumed=23
2026-06-02 15:38:49 | INFO | C03 | RUNNING STATS
2026-06-02 15:38:49 | INFO | C03 | total_sales=$1,757.29
2026-06-02 15:38:49 | INFO | C03 | average=$76.40
2026-06-02 15:38:49 | INFO | C03 | min=$32.39
2026-06-02 15:38:49 | INFO | C03 | max=$328.45
2026-06-02 15:38:50 | INFO | P03 | {
  order_id: 7faaee79-1597-4622-a28a-3a91ab2576fd
  datetime: 2026-05-05T13:59:00Z
  region_id: CA-QC
  currency_code: CAD
  product_id: PY-INTRO-001
  unit_price: 29.99
  quantity: 1
  is_online: true
  customer_id: CUST-8432
  is_new_customer: true
  device_type: mobile
  payment_method: credit_card
  referral_source: email
  discount_code: SPRING25
  customer_note: Great deal!
}
2026-06-02 15:38:50 | INFO | P03 | FOUND DISCOUNT: SPRING25
2026-06-02 15:38:50 | INFO | P03 |   Sending message with key=CA-QC
2026-06-02 15:38:50 | INFO | P03 |   MESSAGE SENT  sent=24
2026-06-02 15:38:50 | INFO | C03 | {'currency_code': 'CAD', 'customer_id': 'CUST-8432', 'customer_note': 'Great deal!', 'datetime': '2026-05-05T13:59:00Z', 'device_type': 'mobile', 'discount_code': 'SPRING25', 'is_new_customer': 'true', 'is_online': 'true', 'order_id': '7faaee79-1597-4622-a28a-3a91ab2576fd', 'payment_method': 'credit_card', 'product_id': 'PY-INTRO-001', 'quantity': '1', 'referral_source': 'email', 'region_id': 'CA-QC', 'unit_price': '29.99', '_kafka_key': 'CA-QC', '_kafka_partition': 0, '_kafka_offset': 23}
2026-06-02 15:38:50 | INFO | C03 | subtotal=29.99
2026-06-02 15:38:50 | INFO | C03 | tax=4.49
2026-06-02 15:38:50 | INFO | C03 | total=34.48
2026-06-02 15:38:50 | INFO | C03 | running_total=1791.77
2026-06-02 15:38:50 | INFO | C03 | Sale is below average.
2026-06-02 15:38:50 | INFO | C03 | MESSAGE ACCEPTED
2026-06-02 15:38:50 | INFO | C03 | order=7faaee79-1597-4622-a28a-3a91ab2576fd
2026-06-02 15:38:50 | INFO | C03 | total=$34.48
2026-06-02 15:38:50 | INFO | C03 | consumed=24
2026-06-02 15:38:50 | INFO | C03 | RUNNING STATS
2026-06-02 15:38:50 | INFO | C03 | total_sales=$1,791.77
2026-06-02 15:38:50 | INFO | C03 | average=$74.66
2026-06-02 15:38:50 | INFO | C03 | min=$32.39
2026-06-02 15:38:50 | INFO | C03 | max=$328.45
2026-06-02 15:38:51 | INFO | P03 | {
  order_id: f9f85bff-b476-46fa-93b6-d199f2a9aaf7
  datetime: 2026-05-05T14:00:00Z
  region_id: US-TX
  currency_code: USD
  product_id: PY-INTRO-001
  unit_price: 29.99
  quantity: 2
  is_online: true
  customer_id: CUST-8030
  is_new_customer: false
  device_type: mobile
  payment_method: paypal
  referral_source: email
  discount_code: SPRING25
  customer_note: 
}
2026-06-02 15:38:51 | INFO | P03 | FOUND DISCOUNT: SPRING25
2026-06-02 15:38:51 | INFO | P03 |   Sending message with key=US-TX
2026-06-02 15:38:51 | INFO | P03 |   MESSAGE SENT  sent=25
2026-06-02 15:38:51 | INFO | C03 | {'currency_code': 'USD', 'customer_id': 'CUST-8030', 'customer_note': '', 'datetime': '2026-05-05T14:00:00Z', 'device_type': 'mobile', 'discount_code': 'SPRING25', 'is_new_customer': 'false', 'is_online': 'true', 'order_id': 'f9f85bff-b476-46fa-93b6-d199f2a9aaf7', 'payment_method': 'paypal', 'product_id': 'PY-INTRO-001', 'quantity': '2', 'referral_source': 'email', 'region_id': 'US-TX', 'unit_price': '29.99', '_kafka_key': 'US-TX', '_kafka_partition': 0, '_kafka_offset': 24}
2026-06-02 15:38:51 | INFO | C03 | subtotal=59.98
2026-06-02 15:38:51 | INFO | C03 | tax=4.95
2026-06-02 15:38:51 | INFO | C03 | total=64.93
2026-06-02 15:38:51 | INFO | C03 | running_total=1856.70
2026-06-02 15:38:51 | INFO | C03 | Sale is below average.
2026-06-02 15:38:51 | INFO | C03 | MESSAGE ACCEPTED
2026-06-02 15:38:51 | INFO | C03 | order=f9f85bff-b476-46fa-93b6-d199f2a9aaf7
2026-06-02 15:38:51 | INFO | C03 | total=$64.93
2026-06-02 15:38:51 | INFO | C03 | consumed=25
2026-06-02 15:38:51 | INFO | C03 | RUNNING STATS
2026-06-02 15:38:51 | INFO | C03 | total_sales=$1,856.70
2026-06-02 15:38:51 | INFO | C03 | average=$74.27
2026-06-02 15:38:51 | INFO | C03 | min=$32.39
2026-06-02 15:38:51 | INFO | C03 | max=$328.45
2026-06-02 15:38:52 | INFO | P03 | {
  order_id: 135af2eb-ea89-4d73-b390-a05a96c827d9
  datetime: 2026-05-05T14:03:00Z
  region_id: US-CA
  currency_code: USD
  product_id: PY-INTRO-001
  unit_price: 29.99
  quantity: 1
  is_online: true
  customer_id: CUST-6464
  is_new_customer: false
  device_type: tablet
  payment_method: paypal
  referral_source: organic
  discount_code: 
  customer_note: Great deal!
}
2026-06-02 15:38:52 | INFO | P03 | Skipping non-discounted sale
2026-06-02 15:38:52 | INFO | P03 | {
  order_id: 2ed50446-8962-41da-ab13-951420dafdc4
  datetime: 2026-05-05T14:05:00Z
  region_id: CA-QC
  currency_code: CAD
  product_id: PY-INTRO-001
  unit_price: 29.99
  quantity: 1
  is_online: true
  customer_id: CUST-2251
  is_new_customer: true
  device_type: desktop
  payment_method: paypal
  referral_source: email
  discount_code: SPRING25
  customer_note: Great deal!
}
2026-06-02 15:38:52 | INFO | P03 | FOUND DISCOUNT: SPRING25
2026-06-02 15:38:52 | INFO | P03 |   Sending message with key=CA-QC
2026-06-02 15:38:52 | INFO | P03 |   MESSAGE SENT  sent=26
2026-06-02 15:38:52 | INFO | C03 | {'currency_code': 'CAD', 'customer_id': 'CUST-2251', 'customer_note': 'Great deal!', 'datetime': '2026-05-05T14:05:00Z', 'device_type': 'desktop', 'discount_code': 'SPRING25', 'is_new_customer': 'true', 'is_online': 'true', 'order_id': '2ed50446-8962-41da-ab13-951420dafdc4', 'payment_method': 'paypal', 'product_id': 'PY-INTRO-001', 'quantity': '1', 'referral_source': 'email', 'region_id': 'CA-QC', 'unit_price': '29.99', '_kafka_key': 'CA-QC', '_kafka_partition': 0, '_kafka_offset': 25}
2026-06-02 15:38:52 | INFO | C03 | subtotal=29.99
2026-06-02 15:38:52 | INFO | C03 | tax=4.49
2026-06-02 15:38:52 | INFO | C03 | total=34.48
2026-06-02 15:38:52 | INFO | C03 | running_total=1891.18
2026-06-02 15:38:52 | INFO | C03 | Sale is below average.
2026-06-02 15:38:52 | INFO | C03 | MESSAGE ACCEPTED
2026-06-02 15:38:52 | INFO | C03 | order=2ed50446-8962-41da-ab13-951420dafdc4
2026-06-02 15:38:52 | INFO | C03 | total=$34.48
2026-06-02 15:38:52 | INFO | C03 | consumed=26
2026-06-02 15:38:52 | INFO | C03 | RUNNING STATS
2026-06-02 15:38:52 | INFO | C03 | total_sales=$1,891.18
2026-06-02 15:38:52 | INFO | C03 | average=$72.74
2026-06-02 15:38:52 | INFO | C03 | min=$32.39
2026-06-02 15:38:52 | INFO | C03 | max=$328.45
2026-06-02 15:38:53 | INFO | P03 | {
  order_id: 64f3afc3-e00d-4520-892b-b58ed136542d
  datetime: 2026-05-05T14:11:00Z
  region_id: US-CA
  currency_code: USD
  product_id: PY-DATA-002
  unit_price: 49.99
  quantity: 3
  is_online: true
  customer_id: CUST-3273
  is_new_customer: true
  device_type: desktop
  payment_method: credit_card
  referral_source: organic
  discount_code: SPRING25
  customer_note: Sharing with friends
}
2026-06-02 15:38:53 | INFO | P03 | FOUND DISCOUNT: SPRING25
2026-06-02 15:38:53 | INFO | P03 |   Sending message with key=US-CA
2026-06-02 15:38:53 | INFO | P03 |   MESSAGE SENT  sent=27
2026-06-02 15:38:53 | INFO | C03 | {'currency_code': 'USD', 'customer_id': 'CUST-3273', 'customer_note': 'Sharing with friends', 'datetime': '2026-05-05T14:11:00Z', 'device_type': 'desktop', 'discount_code': 'SPRING25', 'is_new_customer': 'true', 'is_online': 'true', 'order_id': '64f3afc3-e00d-4520-892b-b58ed136542d', 'payment_method': 'credit_card', 'product_id': 'PY-DATA-002', 'quantity': '3', 'referral_source': 'organic', 'region_id': 'US-CA', 'unit_price': '49.99', '_kafka_key': 'US-CA', '_kafka_partition': 0, '_kafka_offset': 26}
2026-06-02 15:38:53 | INFO | C03 | subtotal=149.97
2026-06-02 15:38:53 | INFO | C03 | tax=14.25
2026-06-02 15:38:53 | INFO | C03 | total=164.22
2026-06-02 15:38:53 | INFO | C03 | running_total=2055.40
2026-06-02 15:38:53 | INFO | C03 | Sale is above average.
2026-06-02 15:38:53 | INFO | C03 | MESSAGE ACCEPTED
2026-06-02 15:38:53 | INFO | C03 | order=64f3afc3-e00d-4520-892b-b58ed136542d
2026-06-02 15:38:53 | INFO | C03 | total=$164.22
2026-06-02 15:38:53 | INFO | C03 | consumed=27
2026-06-02 15:38:53 | INFO | C03 | RUNNING STATS
2026-06-02 15:38:53 | INFO | C03 | total_sales=$2,055.40
2026-06-02 15:38:53 | INFO | C03 | average=$76.13
2026-06-02 15:38:53 | INFO | C03 | min=$32.39
2026-06-02 15:38:53 | INFO | C03 | max=$328.45
2026-06-02 15:38:54 | INFO | P03 | {
  order_id: 6efed168-724d-49c9-82fd-93576de102f8
  datetime: 2026-05-05T14:40:00Z
  region_id: US-CA
  currency_code: USD
  product_id: PY-INTRO-001
  unit_price: 29.99
  quantity: 2
  is_online: true
  customer_id: CUST-8532
  is_new_customer: false
  device_type: desktop
  payment_method: credit_card
  referral_source: social
  discount_code: SPRING25
  customer_note: Finally pulled the trigger at this price
}
2026-06-02 15:38:54 | INFO | P03 | FOUND DISCOUNT: SPRING25
2026-06-02 15:38:54 | INFO | P03 |   Sending message with key=US-CA
2026-06-02 15:38:54 | INFO | P03 |   MESSAGE SENT  sent=28
2026-06-02 15:38:54 | INFO | C03 | {'currency_code': 'USD', 'customer_id': 'CUST-8532', 'customer_note': 'Finally pulled the trigger at this price', 'datetime': '2026-05-05T14:40:00Z', 'device_type': 'desktop', 'discount_code': 'SPRING25', 'is_new_customer': 'false', 'is_online': 'true', 'order_id': '6efed168-724d-49c9-82fd-93576de102f8', 'payment_method': 'credit_card', 'product_id': 'PY-INTRO-001', 'quantity': '2', 'referral_source': 'social', 'region_id': 'US-CA', 'unit_price': '29.99', '_kafka_key': 'US-CA', '_kafka_partition': 0, '_kafka_offset': 27}
2026-06-02 15:38:54 | INFO | C03 | subtotal=59.98
2026-06-02 15:38:54 | INFO | C03 | tax=5.7
2026-06-02 15:38:54 | INFO | C03 | total=65.68
2026-06-02 15:38:54 | INFO | C03 | running_total=2121.08
2026-06-02 15:38:54 | INFO | C03 | Sale is below average.
2026-06-02 15:38:54 | INFO | C03 | MESSAGE ACCEPTED
2026-06-02 15:38:54 | INFO | C03 | order=6efed168-724d-49c9-82fd-93576de102f8
2026-06-02 15:38:54 | INFO | C03 | total=$65.68
2026-06-02 15:38:54 | INFO | C03 | consumed=28
2026-06-02 15:38:54 | INFO | C03 | RUNNING STATS
2026-06-02 15:38:54 | INFO | C03 | total_sales=$2,121.08
2026-06-02 15:38:54 | INFO | C03 | average=$75.75
2026-06-02 15:38:54 | INFO | C03 | min=$32.39
2026-06-02 15:38:54 | INFO | C03 | max=$328.45
2026-06-02 15:38:55 | INFO | P03 | {
  order_id: e8d706c1-61ba-4657-9572-72b74249aacd
  datetime: 2026-05-05T14:44:00Z
  region_id: US-TX
  currency_code: USD
  product_id: PY-SQL-004
  unit_price: 44.99
  quantity: 2
  is_online: true
  customer_id: CUST-6401
  is_new_customer: true
  device_type: tablet
  payment_method: credit_card
  referral_source: social
  discount_code: SPRING25
  customer_note: Gift for my team
}
2026-06-02 15:38:55 | INFO | P03 | FOUND DISCOUNT: SPRING25
2026-06-02 15:38:55 | INFO | P03 |   Sending message with key=US-TX
2026-06-02 15:38:55 | INFO | P03 |   MESSAGE SENT  sent=29
2026-06-02 15:38:55 | INFO | C03 | {'currency_code': 'USD', 'customer_id': 'CUST-6401', 'customer_note': 'Gift for my team', 'datetime': '2026-05-05T14:44:00Z', 'device_type': 'tablet', 'discount_code': 'SPRING25', 'is_new_customer': 'true', 'is_online': 'true', 'order_id': 'e8d706c1-61ba-4657-9572-72b74249aacd', 'payment_method': 'credit_card', 'product_id': 'PY-SQL-004', 'quantity': '2', 'referral_source': 'social', 'region_id': 'US-TX', 'unit_price': '44.99', '_kafka_key': 'US-TX', '_kafka_partition': 0, '_kafka_offset': 28}
2026-06-02 15:38:55 | INFO | C03 | subtotal=89.98
2026-06-02 15:38:55 | INFO | C03 | tax=7.42
2026-06-02 15:38:55 | INFO | C03 | total=97.4
2026-06-02 15:38:55 | INFO | C03 | running_total=2218.48
2026-06-02 15:38:55 | INFO | C03 | Sale is above average.
2026-06-02 15:38:55 | INFO | C03 | MESSAGE ACCEPTED
2026-06-02 15:38:55 | INFO | C03 | order=e8d706c1-61ba-4657-9572-72b74249aacd
2026-06-02 15:38:55 | INFO | C03 | total=$97.40
2026-06-02 15:38:55 | INFO | C03 | consumed=29
2026-06-02 15:38:55 | INFO | C03 | RUNNING STATS
2026-06-02 15:38:55 | INFO | C03 | total_sales=$2,218.48
2026-06-02 15:38:55 | INFO | C03 | average=$76.50
2026-06-02 15:38:55 | INFO | C03 | min=$32.39
2026-06-02 15:38:55 | INFO | C03 | max=$328.45
2026-06-02 15:38:56 | INFO | P03 | {
  order_id: a8f1de2b-badd-43b6-b268-3e7b0e2e00fc
  datetime: 2026-05-05T14:44:00Z
  region_id: US-CA
  currency_code: USD
  product_id: PY-INTRO-001
  unit_price: 29.99
  quantity: 1
  is_online: false
  customer_id: CUST-8684
  is_new_customer: false
  device_type: tablet
  payment_method: credit_card
  referral_source: social
  discount_code: SPRING25
  customer_note: Clear explanations
}
2026-06-02 15:38:56 | INFO | P03 | FOUND DISCOUNT: SPRING25
2026-06-02 15:38:56 | INFO | P03 |   Sending message with key=US-CA
2026-06-02 15:38:56 | INFO | P03 |   MESSAGE SENT  sent=30
2026-06-02 15:38:56 | INFO | C03 | {'currency_code': 'USD', 'customer_id': 'CUST-8684', 'customer_note': 'Clear explanations', 'datetime': '2026-05-05T14:44:00Z', 'device_type': 'tablet', 'discount_code': 'SPRING25', 'is_new_customer': 'false', 'is_online': 'false', 'order_id': 'a8f1de2b-badd-43b6-b268-3e7b0e2e00fc', 'payment_method': 'credit_card', 'product_id': 'PY-INTRO-001', 'quantity': '1', 'referral_source': 'social', 'region_id': 'US-CA', 'unit_price': '29.99', '_kafka_key': 'US-CA', '_kafka_partition': 0, '_kafka_offset': 29}
2026-06-02 15:38:56 | INFO | C03 | subtotal=29.99
2026-06-02 15:38:56 | INFO | C03 | tax=2.85
2026-06-02 15:38:56 | INFO | C03 | total=32.84
2026-06-02 15:38:56 | INFO | C03 | running_total=2251.32
2026-06-02 15:38:56 | INFO | C03 | Sale is below average.
2026-06-02 15:38:56 | INFO | C03 | MESSAGE ACCEPTED
2026-06-02 15:38:56 | INFO | C03 | order=a8f1de2b-badd-43b6-b268-3e7b0e2e00fc
2026-06-02 15:38:56 | INFO | C03 | total=$32.84
2026-06-02 15:38:56 | INFO | C03 | consumed=30
2026-06-02 15:38:56 | INFO | C03 | RUNNING STATS
2026-06-02 15:38:56 | INFO | C03 | total_sales=$2,251.32
2026-06-02 15:38:56 | INFO | C03 | average=$75.04
2026-06-02 15:38:56 | INFO | C03 | min=$32.39
2026-06-02 15:38:56 | INFO | C03 | max=$328.45
2026-06-02 15:38:57 | INFO | P03 | {
  order_id: ab7f6995-24e5-432d-9309-cd05b5e4e84a
  datetime: 2026-05-05T14:46:00Z
  region_id: US-CA
  currency_code: USD
  product_id: PY-STREAM-005
  unit_price: 59.99
  quantity: 2
  is_online: true
  customer_id: CUST-9633
  is_new_customer: false
  device_type: mobile
  payment_method: credit_card
  referral_source: organic
  discount_code: SPRING25
  customer_note: Very helpful
}
2026-06-02 15:38:57 | INFO | P03 | FOUND DISCOUNT: SPRING25
2026-06-02 15:38:57 | INFO | P03 |   Sending message with key=US-CA
2026-06-02 15:38:57 | INFO | P03 |   MESSAGE SENT  sent=31
2026-06-02 15:38:57 | INFO | C03 | {'currency_code': 'USD', 'customer_id': 'CUST-9633', 'customer_note': 'Very helpful', 'datetime': '2026-05-05T14:46:00Z', 'device_type': 'mobile', 'discount_code': 'SPRING25', 'is_new_customer': 'false', 'is_online': 'true', 'order_id': 'ab7f6995-24e5-432d-9309-cd05b5e4e84a', 'payment_method': 'credit_card', 'product_id': 'PY-STREAM-005', 'quantity': '2', 'referral_source': 'organic', 'region_id': 'US-CA', 'unit_price': '59.99', '_kafka_key': 'US-CA', '_kafka_partition': 0, '_kafka_offset': 30}
2026-06-02 15:38:57 | INFO | C03 | subtotal=119.98
2026-06-02 15:38:57 | INFO | C03 | tax=11.4
2026-06-02 15:38:57 | INFO | C03 | total=131.38
2026-06-02 15:38:57 | INFO | C03 | running_total=2382.70
2026-06-02 15:38:57 | INFO | C03 | Sale is above average.
2026-06-02 15:38:57 | INFO | C03 | MESSAGE ACCEPTED
2026-06-02 15:38:57 | INFO | C03 | order=ab7f6995-24e5-432d-9309-cd05b5e4e84a
2026-06-02 15:38:57 | INFO | C03 | total=$131.38
2026-06-02 15:38:57 | INFO | C03 | consumed=31
2026-06-02 15:38:57 | INFO | C03 | RUNNING STATS
2026-06-02 15:38:57 | INFO | C03 | total_sales=$2,382.70
2026-06-02 15:38:57 | INFO | C03 | average=$76.86
2026-06-02 15:38:57 | INFO | C03 | min=$32.39
2026-06-02 15:38:57 | INFO | C03 | max=$328.45
2026-06-02 15:38:58 | INFO | P03 | {
  order_id: 2aa7bda3-8471-4fc3-88d5-efb0d8678e81
  datetime: 2026-05-05T14:59:00Z
  region_id: US-MO
  currency_code: USD
  product_id: PY-NLP-006
  unit_price: 54.99
  quantity: 2
  is_online: true
  customer_id: CUST-9791
  is_new_customer: false
  device_type: tablet
  payment_method: credit_card
  referral_source: social
  discount_code: 
  customer_note: 
}
2026-06-02 15:38:58 | INFO | P03 | Skipping non-discounted sale
2026-06-02 15:38:58 | INFO | P03 | {
  order_id: 1f6b2a97-3848-4f14-b0ac-f60fda3f3349
  datetime: 2026-05-05T15:00:00Z
  region_id: US-MO
  currency_code: USD
  product_id: PY-VIZ-003
  unit_price: 39.99
  quantity: 1
  is_online: true
  customer_id: CUST-5934
  is_new_customer: false
  device_type: mobile
  payment_method: apple_pay
  referral_source: email
  discount_code: SPRING25
  customer_note: Gift for my team
}
2026-06-02 15:38:58 | INFO | P03 | FOUND DISCOUNT: SPRING25
2026-06-02 15:38:58 | INFO | P03 |   Sending message with key=US-MO
2026-06-02 15:38:58 | INFO | P03 |   MESSAGE SENT  sent=32
2026-06-02 15:38:58 | INFO | C03 | {'currency_code': 'USD', 'customer_id': 'CUST-5934', 'customer_note': 'Gift for my team', 'datetime': '2026-05-05T15:00:00Z', 'device_type': 'mobile', 'discount_code': 'SPRING25', 'is_new_customer': 'false', 'is_online': 'true', 'order_id': '1f6b2a97-3848-4f14-b0ac-f60fda3f3349', 'payment_method': 'apple_pay', 'product_id': 'PY-VIZ-003', 'quantity': '1', 'referral_source': 'email', 'region_id': 'US-MO', 'unit_price': '39.99', '_kafka_key': 'US-MO', '_kafka_partition': 0, '_kafka_offset': 31}
2026-06-02 15:38:58 | INFO | C03 | subtotal=39.99
2026-06-02 15:38:58 | INFO | C03 | tax=3.2
2026-06-02 15:38:58 | INFO | C03 | total=43.19
2026-06-02 15:38:58 | INFO | C03 | running_total=2425.89
2026-06-02 15:38:58 | INFO | C03 | Sale is below average.
2026-06-02 15:38:58 | INFO | C03 | MESSAGE ACCEPTED
2026-06-02 15:38:58 | INFO | C03 | order=1f6b2a97-3848-4f14-b0ac-f60fda3f3349
2026-06-02 15:38:58 | INFO | C03 | total=$43.19
2026-06-02 15:38:58 | INFO | C03 | consumed=32
2026-06-02 15:38:58 | INFO | C03 | RUNNING STATS
2026-06-02 15:38:58 | INFO | C03 | total_sales=$2,425.89
2026-06-02 15:38:58 | INFO | C03 | average=$75.81
2026-06-02 15:38:58 | INFO | C03 | min=$32.39
2026-06-02 15:38:58 | INFO | C03 | max=$328.45
2026-06-02 15:38:59 | INFO | P03 | {
  order_id: 98e6ac14-8098-4e63-a6e7-1023744976bb
  datetime: 2026-05-05T15:10:00Z
  region_id: MX-CMX
  currency_code: MXN
  product_id: PY-STREAM-005
  unit_price: 59.99
  quantity: 1
  is_online: true
  customer_id: CUST-9920
  is_new_customer: true
  device_type: desktop
  payment_method: apple_pay
  referral_source: email
  discount_code: SPRING25
  customer_note: Bought two courses with this deal
}
2026-06-02 15:38:59 | INFO | P03 | FOUND DISCOUNT: SPRING25
2026-06-02 15:38:59 | INFO | P03 |   Sending message with key=MX-CMX
2026-06-02 15:38:59 | INFO | P03 |   MESSAGE SENT  sent=33
2026-06-02 15:38:59 | INFO | C03 | {'currency_code': 'MXN', 'customer_id': 'CUST-9920', 'customer_note': 'Bought two courses with this deal', 'datetime': '2026-05-05T15:10:00Z', 'device_type': 'desktop', 'discount_code': 'SPRING25', 'is_new_customer': 'true', 'is_online': 'true', 'order_id': '98e6ac14-8098-4e63-a6e7-1023744976bb', 'payment_method': 'apple_pay', 'product_id': 'PY-STREAM-005', 'quantity': '1', 'referral_source': 'email', 'region_id': 'MX-CMX', 'unit_price': '59.99', '_kafka_key': 'MX-CMX', '_kafka_partition': 0, '_kafka_offset': 32}
2026-06-02 15:38:59 | INFO | C03 | subtotal=59.99
2026-06-02 15:38:59 | INFO | C03 | tax=9.6
2026-06-02 15:38:59 | INFO | C03 | total=69.59
2026-06-02 15:38:59 | INFO | C03 | running_total=2495.48
2026-06-02 15:38:59 | INFO | C03 | Sale is below average.
2026-06-02 15:38:59 | INFO | C03 | MESSAGE ACCEPTED
2026-06-02 15:38:59 | INFO | C03 | order=98e6ac14-8098-4e63-a6e7-1023744976bb
2026-06-02 15:38:59 | INFO | C03 | total=$69.59
2026-06-02 15:38:59 | INFO | C03 | consumed=33
2026-06-02 15:38:59 | INFO | C03 | RUNNING STATS
2026-06-02 15:38:59 | INFO | C03 | total_sales=$2,495.48
2026-06-02 15:38:59 | INFO | C03 | average=$75.62
2026-06-02 15:38:59 | INFO | C03 | min=$32.39
2026-06-02 15:38:59 | INFO | C03 | max=$328.45
2026-06-02 15:39:00 | INFO | P03 | {
  order_id: 3d70c575-df45-44ec-ab79-158fc0246ae3
  datetime: 2026-05-05T15:14:00Z
  region_id: CA-QC
  currency_code: CAD
  product_id: PY-STREAM-005
  unit_price: 59.99
  quantity: 2
  is_online: true
  customer_id: CUST-3240
  is_new_customer: false
  device_type: mobile
  payment_method: paypal
  referral_source: paid_search
  discount_code: SPRING25
  customer_note: Love the discount!
}
2026-06-02 15:39:00 | INFO | P03 | FOUND DISCOUNT: SPRING25
2026-06-02 15:39:00 | INFO | P03 |   Sending message with key=CA-QC
2026-06-02 15:39:00 | INFO | P03 |   MESSAGE SENT  sent=34
2026-06-02 15:39:00 | INFO | C03 | {'currency_code': 'CAD', 'customer_id': 'CUST-3240', 'customer_note': 'Love the discount!', 'datetime': '2026-05-05T15:14:00Z', 'device_type': 'mobile', 'discount_code': 'SPRING25', 'is_new_customer': 'false', 'is_online': 'true', 'order_id': '3d70c575-df45-44ec-ab79-158fc0246ae3', 'payment_method': 'paypal', 'product_id': 'PY-STREAM-005', 'quantity': '2', 'referral_source': 'paid_search', 'region_id': 'CA-QC', 'unit_price': '59.99', '_kafka_key': 'CA-QC', '_kafka_partition': 0, '_kafka_offset': 33}
2026-06-02 15:39:00 | INFO | C03 | subtotal=119.98
2026-06-02 15:39:00 | INFO | C03 | tax=17.97
2026-06-02 15:39:00 | INFO | C03 | total=137.95
2026-06-02 15:39:00 | INFO | C03 | running_total=2633.43
2026-06-02 15:39:00 | INFO | C03 | Sale is above average.
2026-06-02 15:39:00 | INFO | C03 | MESSAGE ACCEPTED
2026-06-02 15:39:00 | INFO | C03 | order=3d70c575-df45-44ec-ab79-158fc0246ae3
2026-06-02 15:39:00 | INFO | C03 | total=$137.95
2026-06-02 15:39:00 | INFO | C03 | consumed=34
2026-06-02 15:39:00 | INFO | C03 | RUNNING STATS
2026-06-02 15:39:00 | INFO | C03 | total_sales=$2,633.43
2026-06-02 15:39:00 | INFO | C03 | average=$77.45
2026-06-02 15:39:00 | INFO | C03 | min=$32.39
2026-06-02 15:39:00 | INFO | C03 | max=$328.45
2026-06-02 15:39:01 | INFO | P03 | {
  order_id: 29ce08c7-6a8d-45d6-8996-1b57bb045ed3
  datetime: 2026-05-05T15:21:00Z
  region_id: US-TX
  currency_code: USD
  product_id: PY-STREAM-005
  unit_price: 59.99
  quantity: 1
  is_online: true
  customer_id: CUST-4232
  is_new_customer: true
  device_type: desktop
  payment_method: paypal
  referral_source: social
  discount_code: SPRING25
  customer_note: Recommended by a colleague
}
2026-06-02 15:39:01 | INFO | P03 | FOUND DISCOUNT: SPRING25
2026-06-02 15:39:01 | INFO | P03 |   Sending message with key=US-TX
2026-06-02 15:39:01 | INFO | P03 |   MESSAGE SENT  sent=35
2026-06-02 15:39:01 | INFO | C03 | {'currency_code': 'USD', 'customer_id': 'CUST-4232', 'customer_note': 'Recommended by a colleague', 'datetime': '2026-05-05T15:21:00Z', 'device_type': 'desktop', 'discount_code': 'SPRING25', 'is_new_customer': 'true', 'is_online': 'true', 'order_id': '29ce08c7-6a8d-45d6-8996-1b57bb045ed3', 'payment_method': 'paypal', 'product_id': 'PY-STREAM-005', 'quantity': '1', 'referral_source': 'social', 'region_id': 'US-TX', 'unit_price': '59.99', '_kafka_key': 'US-TX', '_kafka_partition': 0, '_kafka_offset': 34}
2026-06-02 15:39:01 | INFO | C03 | subtotal=59.99
2026-06-02 15:39:01 | INFO | C03 | tax=4.95
2026-06-02 15:39:01 | INFO | C03 | total=64.94
2026-06-02 15:39:01 | INFO | C03 | running_total=2698.37
2026-06-02 15:39:01 | INFO | C03 | Sale is below average.
2026-06-02 15:39:01 | INFO | C03 | MESSAGE ACCEPTED
2026-06-02 15:39:01 | INFO | C03 | order=29ce08c7-6a8d-45d6-8996-1b57bb045ed3
2026-06-02 15:39:01 | INFO | C03 | total=$64.94
2026-06-02 15:39:01 | INFO | C03 | consumed=35
2026-06-02 15:39:01 | INFO | C03 | RUNNING STATS
2026-06-02 15:39:01 | INFO | C03 | total_sales=$2,698.37
2026-06-02 15:39:01 | INFO | C03 | average=$77.10
2026-06-02 15:39:01 | INFO | C03 | min=$32.39
2026-06-02 15:39:01 | INFO | C03 | max=$328.45
2026-06-02 15:39:02 | INFO | P03 | {
  order_id: 5ceb03e1-d5e3-4e63-85ea-22b53b489edf
  datetime: 2026-05-05T15:26:00Z
  region_id: US-TX
  currency_code: USD
  product_id: PY-DATA-002
  unit_price: 49.99
  quantity: 4
  is_online: true
  customer_id: CUST-2323
  is_new_customer: false
  device_type: tablet
  payment_method: credit_card
  referral_source: email
  discount_code: SPRING25
  customer_note: Love the discount!
}
2026-06-02 15:39:02 | INFO | P03 | FOUND DISCOUNT: SPRING25
2026-06-02 15:39:02 | INFO | P03 |   Sending message with key=US-TX
2026-06-02 15:39:03 | INFO | P03 |   MESSAGE SENT  sent=36
2026-06-02 15:39:03 | INFO | C03 | {'currency_code': 'USD', 'customer_id': 'CUST-2323', 'customer_note': 'Love the discount!', 'datetime': '2026-05-05T15:26:00Z', 'device_type': 'tablet', 'discount_code': 'SPRING25', 'is_new_customer': 'false', 'is_online': 'true', 'order_id': '5ceb03e1-d5e3-4e63-85ea-22b53b489edf', 'payment_method': 'credit_card', 'product_id': 'PY-DATA-002', 'quantity': '4', 'referral_source': 'email', 'region_id': 'US-TX', 'unit_price': '49.99', '_kafka_key': 'US-TX', '_kafka_partition': 0, '_kafka_offset': 35}
2026-06-02 15:39:03 | INFO | C03 | subtotal=199.96
2026-06-02 15:39:03 | INFO | C03 | tax=16.5
2026-06-02 15:39:03 | INFO | C03 | total=216.46
2026-06-02 15:39:03 | INFO | C03 | running_total=2914.83
2026-06-02 15:39:03 | INFO | C03 | Sale is above average.
2026-06-02 15:39:03 | INFO | C03 | MESSAGE ACCEPTED
2026-06-02 15:39:03 | INFO | C03 | order=5ceb03e1-d5e3-4e63-85ea-22b53b489edf
2026-06-02 15:39:03 | INFO | C03 | total=$216.46
2026-06-02 15:39:03 | INFO | C03 | consumed=36
2026-06-02 15:39:03 | INFO | C03 | RUNNING STATS
2026-06-02 15:39:03 | INFO | C03 | total_sales=$2,914.83
2026-06-02 15:39:03 | INFO | C03 | average=$80.97
2026-06-02 15:39:03 | INFO | C03 | min=$32.39
2026-06-02 15:39:03 | INFO | C03 | max=$328.45
2026-06-02 15:39:04 | INFO | P03 | {
  order_id: 090d2ac2-dc6a-4631-88ce-2ab4539ecd14
  datetime: 2026-05-05T15:44:00Z
  region_id: MX-CMX
  currency_code: MXN
  product_id: PY-INTRO-001
  unit_price: 29.99
  quantity: 2
  is_online: false
  customer_id: CUST-6119
  is_new_customer: true
  device_type: desktop
  payment_method: apple_pay
  referral_source: social
  discount_code: SPRING25
  customer_note: Very helpful
}
2026-06-02 15:39:04 | INFO | P03 | FOUND DISCOUNT: SPRING25
2026-06-02 15:39:04 | INFO | P03 |   Sending message with key=MX-CMX
2026-06-02 15:39:04 | INFO | P03 |   MESSAGE SENT  sent=37
2026-06-02 15:39:04 | INFO | C03 | {'currency_code': 'MXN', 'customer_id': 'CUST-6119', 'customer_note': 'Very helpful', 'datetime': '2026-05-05T15:44:00Z', 'device_type': 'desktop', 'discount_code': 'SPRING25', 'is_new_customer': 'true', 'is_online': 'false', 'order_id': '090d2ac2-dc6a-4631-88ce-2ab4539ecd14', 'payment_method': 'apple_pay', 'product_id': 'PY-INTRO-001', 'quantity': '2', 'referral_source': 'social', 'region_id': 'MX-CMX', 'unit_price': '29.99', '_kafka_key': 'MX-CMX', '_kafka_partition': 0, '_kafka_offset': 36}
2026-06-02 15:39:04 | INFO | C03 | subtotal=59.98
2026-06-02 15:39:04 | INFO | C03 | tax=9.6
2026-06-02 15:39:04 | INFO | C03 | total=69.58
2026-06-02 15:39:04 | INFO | C03 | running_total=2984.41
2026-06-02 15:39:04 | INFO | C03 | Sale is below average.
2026-06-02 15:39:04 | INFO | C03 | MESSAGE ACCEPTED
2026-06-02 15:39:04 | INFO | C03 | order=090d2ac2-dc6a-4631-88ce-2ab4539ecd14
2026-06-02 15:39:04 | INFO | C03 | total=$69.58
2026-06-02 15:39:04 | INFO | C03 | consumed=37
2026-06-02 15:39:04 | INFO | C03 | RUNNING STATS
2026-06-02 15:39:04 | INFO | C03 | total_sales=$2,984.41
2026-06-02 15:39:04 | INFO | C03 | average=$80.66
2026-06-02 15:39:04 | INFO | C03 | min=$32.39
2026-06-02 15:39:04 | INFO | C03 | max=$328.45
2026-06-02 15:39:05 | INFO | P03 | {
  order_id: 462f1ea2-d5fe-4d92-b4d6-c2f366f55965
  datetime: 2026-05-05T15:47:00Z
  region_id: CA-ON
  currency_code: CAD
  product_id: PY-NLP-006
  unit_price: 54.99
  quantity: 1
  is_online: true
  customer_id: CUST-6567
  is_new_customer: true
  device_type: desktop
  payment_method: credit_card
  referral_source: social
  discount_code: SPRING25
  customer_note: Gifting this to my team
}
2026-06-02 15:39:05 | INFO | P03 | FOUND DISCOUNT: SPRING25
2026-06-02 15:39:05 | INFO | P03 |   Sending message with key=CA-ON
2026-06-02 15:39:05 | INFO | P03 |   MESSAGE SENT  sent=38
2026-06-02 15:39:05 | INFO | C03 | {'currency_code': 'CAD', 'customer_id': 'CUST-6567', 'customer_note': 'Gifting this to my team', 'datetime': '2026-05-05T15:47:00Z', 'device_type': 'desktop', 'discount_code': 'SPRING25', 'is_new_customer': 'true', 'is_online': 'true', 'order_id': '462f1ea2-d5fe-4d92-b4d6-c2f366f55965', 'payment_method': 'credit_card', 'product_id': 'PY-NLP-006', 'quantity': '1', 'referral_source': 'social', 'region_id': 'CA-ON', 'unit_price': '54.99', '_kafka_key': 'CA-ON', '_kafka_partition': 0, '_kafka_offset': 37}
2026-06-02 15:39:05 | INFO | C03 | subtotal=54.99
2026-06-02 15:39:05 | INFO | C03 | tax=7.15
2026-06-02 15:39:05 | INFO | C03 | total=62.14
2026-06-02 15:39:05 | INFO | C03 | running_total=3046.55
2026-06-02 15:39:05 | INFO | C03 | Sale is below average.
2026-06-02 15:39:05 | INFO | C03 | MESSAGE ACCEPTED
2026-06-02 15:39:05 | INFO | C03 | order=462f1ea2-d5fe-4d92-b4d6-c2f366f55965
2026-06-02 15:39:05 | INFO | C03 | total=$62.14
2026-06-02 15:39:05 | INFO | C03 | consumed=38
2026-06-02 15:39:05 | INFO | C03 | RUNNING STATS
2026-06-02 15:39:05 | INFO | C03 | total_sales=$3,046.55
2026-06-02 15:39:05 | INFO | C03 | average=$80.17
2026-06-02 15:39:05 | INFO | C03 | min=$32.39
2026-06-02 15:39:05 | INFO | C03 | max=$328.45
2026-06-02 15:39:06 | INFO | P03 | {
  order_id: 80d07066-ad53-46d5-8723-82c80a5d8463
  datetime: 2026-05-05T16:06:00Z
  region_id: US-TX
  currency_code: USD
  product_id: PY-VIZ-003
  unit_price: 39.99
  quantity: 5
  is_online: true
  customer_id: CUST-9612
  is_new_customer: true
  device_type: tablet
  payment_method: credit_card
  referral_source: social
  discount_code: SPRING25
  customer_note: Finally pulled the trigger at this price
}
2026-06-02 15:39:06 | INFO | P03 | FOUND DISCOUNT: SPRING25
2026-06-02 15:39:06 | INFO | P03 |   Sending message with key=US-TX
2026-06-02 15:39:06 | INFO | P03 |   MESSAGE SENT  sent=39
2026-06-02 15:39:06 | INFO | C03 | {'currency_code': 'USD', 'customer_id': 'CUST-9612', 'customer_note': 'Finally pulled the trigger at this price', 'datetime': '2026-05-05T16:06:00Z', 'device_type': 'tablet', 'discount_code': 'SPRING25', 'is_new_customer': 'true', 'is_online': 'true', 'order_id': '80d07066-ad53-46d5-8723-82c80a5d8463', 'payment_method': 'credit_card', 'product_id': 'PY-VIZ-003', 'quantity': '5', 'referral_source': 'social', 'region_id': 'US-TX', 'unit_price': '39.99', '_kafka_key': 'US-TX', '_kafka_partition': 0, '_kafka_offset': 38}
2026-06-02 15:39:06 | INFO | C03 | subtotal=199.95
2026-06-02 15:39:06 | INFO | C03 | tax=16.5
2026-06-02 15:39:06 | INFO | C03 | total=216.45
2026-06-02 15:39:06 | INFO | C03 | running_total=3263.00
2026-06-02 15:39:06 | INFO | C03 | Sale is above average.
2026-06-02 15:39:06 | INFO | C03 | MESSAGE ACCEPTED
2026-06-02 15:39:06 | INFO | C03 | order=80d07066-ad53-46d5-8723-82c80a5d8463
2026-06-02 15:39:06 | INFO | C03 | total=$216.45
2026-06-02 15:39:06 | INFO | C03 | consumed=39
2026-06-02 15:39:06 | INFO | C03 | RUNNING STATS
2026-06-02 15:39:06 | INFO | C03 | total_sales=$3,263.00
2026-06-02 15:39:06 | INFO | C03 | average=$83.67
2026-06-02 15:39:06 | INFO | C03 | min=$32.39
2026-06-02 15:39:06 | INFO | C03 | max=$328.45
2026-06-02 15:39:07 | INFO | P03 | {
  order_id: d5e9fd35-59b3-4a0f-a4b0-91efe52e2297
  datetime: 2026-05-05T16:07:00Z
  region_id: US-TX
  currency_code: USD
  product_id: PY-INTRO-001
  unit_price: 29.99
  quantity: 4
  is_online: true
  customer_id: CUST-3513
  is_new_customer: true
  device_type: mobile
  payment_method: paypal
  referral_source: social
  discount_code: SPRING25
  customer_note: Gifting this to my team
}
2026-06-02 15:39:07 | INFO | P03 | FOUND DISCOUNT: SPRING25
2026-06-02 15:39:07 | INFO | P03 |   Sending message with key=US-TX
2026-06-02 15:39:07 | INFO | P03 |   MESSAGE SENT  sent=40
2026-06-02 15:39:07 | INFO | C03 | {'currency_code': 'USD', 'customer_id': 'CUST-3513', 'customer_note': 'Gifting this to my team', 'datetime': '2026-05-05T16:07:00Z', 'device_type': 'mobile', 'discount_code': 'SPRING25', 'is_new_customer': 'true', 'is_online': 'true', 'order_id': 'd5e9fd35-59b3-4a0f-a4b0-91efe52e2297', 'payment_method': 'paypal', 'product_id': 'PY-INTRO-001', 'quantity': '4', 'referral_source': 'social', 'region_id': 'US-TX', 'unit_price': '29.99', '_kafka_key': 'US-TX', '_kafka_partition': 0, '_kafka_offset': 39}
2026-06-02 15:39:07 | INFO | C03 | subtotal=119.96
2026-06-02 15:39:07 | INFO | C03 | tax=9.9
2026-06-02 15:39:07 | INFO | C03 | total=129.86
2026-06-02 15:39:07 | INFO | C03 | running_total=3392.86
2026-06-02 15:39:07 | INFO | C03 | Sale is above average.
2026-06-02 15:39:07 | INFO | C03 | MESSAGE ACCEPTED
2026-06-02 15:39:07 | INFO | C03 | order=d5e9fd35-59b3-4a0f-a4b0-91efe52e2297
2026-06-02 15:39:07 | INFO | C03 | total=$129.86
2026-06-02 15:39:07 | INFO | C03 | consumed=40
2026-06-02 15:39:07 | INFO | C03 | RUNNING STATS
2026-06-02 15:39:07 | INFO | C03 | total_sales=$3,392.86
2026-06-02 15:39:07 | INFO | C03 | average=$84.82
2026-06-02 15:39:07 | INFO | C03 | min=$32.39
2026-06-02 15:39:07 | INFO | C03 | max=$328.45
2026-06-02 15:39:08 | INFO | P03 | {
  order_id: 86a659e0-430c-4efd-8732-7c38671f3808
  datetime: 2026-05-05T16:16:00Z
  region_id: MX-CMX
  currency_code: MXN
  product_id: PY-STREAM-005
  unit_price: 59.99
  quantity: 1
  is_online: false
  customer_id: CUST-9897
  is_new_customer: false
  device_type: mobile
  payment_method: apple_pay
  referral_source: social
  discount_code: SPRING25
  customer_note: Sharing with friends
}
2026-06-02 15:39:08 | INFO | P03 | FOUND DISCOUNT: SPRING25
2026-06-02 15:39:08 | INFO | P03 |   Sending message with key=MX-CMX
2026-06-02 15:39:08 | INFO | P03 |   MESSAGE SENT  sent=41
2026-06-02 15:39:08 | INFO | C03 | {'currency_code': 'MXN', 'customer_id': 'CUST-9897', 'customer_note': 'Sharing with friends', 'datetime': '2026-05-05T16:16:00Z', 'device_type': 'mobile', 'discount_code': 'SPRING25', 'is_new_customer': 'false', 'is_online': 'false', 'order_id': '86a659e0-430c-4efd-8732-7c38671f3808', 'payment_method': 'apple_pay', 'product_id': 'PY-STREAM-005', 'quantity': '1', 'referral_source': 'social', 'region_id': 'MX-CMX', 'unit_price': '59.99', '_kafka_key': 'MX-CMX', '_kafka_partition': 0, '_kafka_offset': 40}
2026-06-02 15:39:08 | INFO | C03 | subtotal=59.99
2026-06-02 15:39:08 | INFO | C03 | tax=9.6
2026-06-02 15:39:08 | INFO | C03 | total=69.59
2026-06-02 15:39:08 | INFO | C03 | running_total=3462.45
2026-06-02 15:39:08 | INFO | C03 | Sale is below average.
2026-06-02 15:39:08 | INFO | C03 | MESSAGE ACCEPTED
2026-06-02 15:39:08 | INFO | C03 | order=86a659e0-430c-4efd-8732-7c38671f3808
2026-06-02 15:39:08 | INFO | C03 | total=$69.59
2026-06-02 15:39:08 | INFO | C03 | consumed=41
2026-06-02 15:39:08 | INFO | C03 | RUNNING STATS
2026-06-02 15:39:08 | INFO | C03 | total_sales=$3,462.45
2026-06-02 15:39:08 | INFO | C03 | average=$84.45
2026-06-02 15:39:08 | INFO | C03 | min=$32.39
2026-06-02 15:39:08 | INFO | C03 | max=$328.45
2026-06-02 15:39:09 | INFO | P03 | {
  order_id: 07d5db70-a88f-4fed-a513-8c8fd5dbd6d0
  datetime: 2026-05-05T16:34:00Z
  region_id: US-CA
  currency_code: USD
  product_id: PY-STREAM-005
  unit_price: 59.99
  quantity: 2
  is_online: true
  customer_id: CUST-5757
  is_new_customer: true
  device_type: mobile
  payment_method: apple_pay
  referral_source: social
  discount_code: 
  customer_note: Sharing with friends
}
2026-06-02 15:39:09 | INFO | P03 | Skipping non-discounted sale
2026-06-02 15:39:09 | INFO | P03 | {
  order_id: bf5b3b0d-2f93-4429-9d54-8bd4bd7a7511
  datetime: 2026-05-05T16:43:00Z
  region_id: CA-ON
  currency_code: CAD
  product_id: PY-STREAM-005
  unit_price: 59.99
  quantity: 4
  is_online: true
  customer_id: CUST-5336
  is_new_customer: true
  device_type: tablet
  payment_method: credit_card
  referral_source: social
  discount_code: SPRING25
  customer_note: Great deal!
}
2026-06-02 15:39:09 | INFO | P03 | FOUND DISCOUNT: SPRING25
2026-06-02 15:39:09 | INFO | P03 |   Sending message with key=CA-ON
2026-06-02 15:39:09 | INFO | P03 |   MESSAGE SENT  sent=42
2026-06-02 15:39:09 | INFO | C03 | {'currency_code': 'CAD', 'customer_id': 'CUST-5336', 'customer_note': 'Great deal!', 'datetime': '2026-05-05T16:43:00Z', 'device_type': 'tablet', 'discount_code': 'SPRING25', 'is_new_customer': 'true', 'is_online': 'true', 'order_id': 'bf5b3b0d-2f93-4429-9d54-8bd4bd7a7511', 'payment_method': 'credit_card', 'product_id': 'PY-STREAM-005', 'quantity': '4', 'referral_source': 'social', 'region_id': 'CA-ON', 'unit_price': '59.99', '_kafka_key': 'CA-ON', '_kafka_partition': 0, '_kafka_offset': 41}
2026-06-02 15:39:09 | INFO | C03 | subtotal=239.96
2026-06-02 15:39:09 | INFO | C03 | tax=31.19
2026-06-02 15:39:09 | INFO | C03 | total=271.15
2026-06-02 15:39:09 | INFO | C03 | running_total=3733.60
2026-06-02 15:39:09 | INFO | C03 | Sale is above average.
2026-06-02 15:39:09 | INFO | C03 | MESSAGE ACCEPTED
2026-06-02 15:39:09 | INFO | C03 | order=bf5b3b0d-2f93-4429-9d54-8bd4bd7a7511
2026-06-02 15:39:09 | INFO | C03 | total=$271.15
2026-06-02 15:39:09 | INFO | C03 | consumed=42
2026-06-02 15:39:09 | INFO | C03 | RUNNING STATS
2026-06-02 15:39:09 | INFO | C03 | total_sales=$3,733.60
2026-06-02 15:39:09 | INFO | C03 | average=$88.90
2026-06-02 15:39:09 | INFO | C03 | min=$32.39
2026-06-02 15:39:09 | INFO | C03 | max=$328.45
2026-06-02 15:39:10 | INFO | P03 | {
  order_id: d7e53ebc-eb18-492d-88eb-4de9e11aebc4
  datetime: 2026-05-05T17:14:00Z
  region_id: US-TX
  currency_code: USD
  product_id: PY-VIZ-003
  unit_price: 39.99
  quantity: 1
  is_online: true
  customer_id: CUST-9316
  is_new_customer: false
  device_type: mobile
  payment_method: credit_card
  referral_source: organic
  discount_code: SPRING25
  customer_note: Gifting this to my team
}
2026-06-02 15:39:10 | INFO | P03 | FOUND DISCOUNT: SPRING25
2026-06-02 15:39:10 | INFO | P03 |   Sending message with key=US-TX
2026-06-02 15:39:10 | INFO | P03 |   MESSAGE SENT  sent=43
2026-06-02 15:39:10 | INFO | C03 | {'currency_code': 'USD', 'customer_id': 'CUST-9316', 'customer_note': 'Gifting this to my team', 'datetime': '2026-05-05T17:14:00Z', 'device_type': 'mobile', 'discount_code': 'SPRING25', 'is_new_customer': 'false', 'is_online': 'true', 'order_id': 'd7e53ebc-eb18-492d-88eb-4de9e11aebc4', 'payment_method': 'credit_card', 'product_id': 'PY-VIZ-003', 'quantity': '1', 'referral_source': 'organic', 'region_id': 'US-TX', 'unit_price': '39.99', '_kafka_key': 'US-TX', '_kafka_partition': 0, '_kafka_offset': 42}
2026-06-02 15:39:10 | INFO | C03 | subtotal=39.99
2026-06-02 15:39:10 | INFO | C03 | tax=3.3
2026-06-02 15:39:10 | INFO | C03 | total=43.29
2026-06-02 15:39:10 | INFO | C03 | running_total=3776.89
2026-06-02 15:39:10 | INFO | C03 | Sale is below average.
2026-06-02 15:39:10 | INFO | C03 | MESSAGE ACCEPTED
2026-06-02 15:39:10 | INFO | C03 | order=d7e53ebc-eb18-492d-88eb-4de9e11aebc4
2026-06-02 15:39:10 | INFO | C03 | total=$43.29
2026-06-02 15:39:10 | INFO | C03 | consumed=43
2026-06-02 15:39:10 | INFO | C03 | RUNNING STATS
2026-06-02 15:39:10 | INFO | C03 | total_sales=$3,776.89
2026-06-02 15:39:10 | INFO | C03 | average=$87.83
2026-06-02 15:39:10 | INFO | C03 | min=$32.39
2026-06-02 15:39:10 | INFO | C03 | max=$328.45
2026-06-02 15:39:11 | INFO | P03 | {
  order_id: 21e9e7f5-513a-4769-970f-34ff5848c37b
  datetime: 2026-05-05T17:45:00Z
  region_id: CA-ON
  currency_code: CAD
  product_id: PY-STREAM-005
  unit_price: 59.99
  quantity: 3
  is_online: true
  customer_id: CUST-3981
  is_new_customer: false
  device_type: tablet
  payment_method: credit_card
  referral_source: email
  discount_code: SPRING25
  customer_note: 
}
2026-06-02 15:39:11 | INFO | P03 | FOUND DISCOUNT: SPRING25
2026-06-02 15:39:11 | INFO | P03 |   Sending message with key=CA-ON
2026-06-02 15:39:11 | INFO | P03 |   MESSAGE SENT  sent=44
2026-06-02 15:39:11 | INFO | C03 | {'currency_code': 'CAD', 'customer_id': 'CUST-3981', 'customer_note': '', 'datetime': '2026-05-05T17:45:00Z', 'device_type': 'tablet', 'discount_code': 'SPRING25', 'is_new_customer': 'false', 'is_online': 'true', 'order_id': '21e9e7f5-513a-4769-970f-34ff5848c37b', 'payment_method': 'credit_card', 'product_id': 'PY-STREAM-005', 'quantity': '3', 'referral_source': 'email', 'region_id': 'CA-ON', 'unit_price': '59.99', '_kafka_key': 'CA-ON', '_kafka_partition': 0, '_kafka_offset': 43}
2026-06-02 15:39:11 | INFO | C03 | subtotal=179.97
2026-06-02 15:39:11 | INFO | C03 | tax=23.4
2026-06-02 15:39:11 | INFO | C03 | total=203.37
2026-06-02 15:39:11 | INFO | C03 | running_total=3980.26
2026-06-02 15:39:11 | INFO | C03 | Sale is above average.
2026-06-02 15:39:11 | INFO | C03 | MESSAGE ACCEPTED
2026-06-02 15:39:11 | INFO | C03 | order=21e9e7f5-513a-4769-970f-34ff5848c37b
2026-06-02 15:39:11 | INFO | C03 | total=$203.37
2026-06-02 15:39:11 | INFO | C03 | consumed=44
2026-06-02 15:39:11 | INFO | C03 | RUNNING STATS
2026-06-02 15:39:11 | INFO | C03 | total_sales=$3,980.26
2026-06-02 15:39:11 | INFO | C03 | average=$90.46
2026-06-02 15:39:11 | INFO | C03 | min=$32.39
2026-06-02 15:39:11 | INFO | C03 | max=$328.45
2026-06-02 15:39:12 | INFO | P03 | {
  order_id: 8e85774e-fff2-487e-98b1-ab36851928bf
  datetime: 2026-05-05T17:54:00Z
  region_id: CA-QC
  currency_code: CAD
  product_id: PY-INTRO-001
  unit_price: 29.99
  quantity: 2
  is_online: true
  customer_id: CUST-3621
  is_new_customer: true
  device_type: tablet
  payment_method: credit_card
  referral_source: social
  discount_code: SPRING25
  customer_note: Bought two courses with this deal
}
2026-06-02 15:39:12 | INFO | P03 | FOUND DISCOUNT: SPRING25
2026-06-02 15:39:12 | INFO | P03 |   Sending message with key=CA-QC
2026-06-02 15:39:12 | INFO | P03 |   MESSAGE SENT  sent=45
2026-06-02 15:39:12 | INFO | C03 | {'currency_code': 'CAD', 'customer_id': 'CUST-3621', 'customer_note': 'Bought two courses with this deal', 'datetime': '2026-05-05T17:54:00Z', 'device_type': 'tablet', 'discount_code': 'SPRING25', 'is_new_customer': 'true', 'is_online': 'true', 'order_id': '8e85774e-fff2-487e-98b1-ab36851928bf', 'payment_method': 'credit_card', 'product_id': 'PY-INTRO-001', 'quantity': '2', 'referral_source': 'social', 'region_id': 'CA-QC', 'unit_price': '29.99', '_kafka_key': 'CA-QC', '_kafka_partition': 0, '_kafka_offset': 44}
2026-06-02 15:39:12 | INFO | C03 | subtotal=59.98
2026-06-02 15:39:12 | INFO | C03 | tax=8.98
2026-06-02 15:39:12 | INFO | C03 | total=68.96
2026-06-02 15:39:12 | INFO | C03 | running_total=4049.22
2026-06-02 15:39:12 | INFO | C03 | Sale is below average.
2026-06-02 15:39:12 | INFO | C03 | MESSAGE ACCEPTED
2026-06-02 15:39:12 | INFO | C03 | order=8e85774e-fff2-487e-98b1-ab36851928bf
2026-06-02 15:39:12 | INFO | C03 | total=$68.96
2026-06-02 15:39:12 | INFO | C03 | consumed=45
2026-06-02 15:39:12 | INFO | C03 | RUNNING STATS
2026-06-02 15:39:12 | INFO | C03 | total_sales=$4,049.22
2026-06-02 15:39:12 | INFO | C03 | average=$89.98
2026-06-02 15:39:12 | INFO | C03 | min=$32.39
2026-06-02 15:39:12 | INFO | C03 | max=$328.45
2026-06-02 15:39:13 | INFO | P03 | {
  order_id: b1e8ea62-b729-4051-b4af-e1da1e2e793f
  datetime: 2026-05-05T18:01:00Z
  region_id: CA-ON
  currency_code: CAD
  product_id: PY-DATA-002
  unit_price: 49.99
  quantity: 2
  is_online: true
  customer_id: CUST-7553
  is_new_customer: false
  device_type: mobile
  payment_method: credit_card
  referral_source: social
  discount_code: SPRING25
  customer_note: Bought two courses with this deal
}
2026-06-02 15:39:13 | INFO | P03 | FOUND DISCOUNT: SPRING25
2026-06-02 15:39:13 | INFO | P03 |   Sending message with key=CA-ON
2026-06-02 15:39:13 | INFO | P03 |   MESSAGE SENT  sent=46
2026-06-02 15:39:13 | INFO | C03 | {'currency_code': 'CAD', 'customer_id': 'CUST-7553', 'customer_note': 'Bought two courses with this deal', 'datetime': '2026-05-05T18:01:00Z', 'device_type': 'mobile', 'discount_code': 'SPRING25', 'is_new_customer': 'false', 'is_online': 'true', 'order_id': 'b1e8ea62-b729-4051-b4af-e1da1e2e793f', 'payment_method': 'credit_card', 'product_id': 'PY-DATA-002', 'quantity': '2', 'referral_source': 'social', 'region_id': 'CA-ON', 'unit_price': '49.99', '_kafka_key': 'CA-ON', '_kafka_partition': 0, '_kafka_offset': 45}
2026-06-02 15:39:13 | INFO | C03 | subtotal=99.98
2026-06-02 15:39:13 | INFO | C03 | tax=13.0
2026-06-02 15:39:13 | INFO | C03 | total=112.98
2026-06-02 15:39:13 | INFO | C03 | running_total=4162.20
2026-06-02 15:39:13 | INFO | C03 | Sale is above average.
2026-06-02 15:39:13 | INFO | C03 | MESSAGE ACCEPTED
2026-06-02 15:39:13 | INFO | C03 | order=b1e8ea62-b729-4051-b4af-e1da1e2e793f
2026-06-02 15:39:13 | INFO | C03 | total=$112.98
2026-06-02 15:39:13 | INFO | C03 | consumed=46
2026-06-02 15:39:13 | INFO | C03 | RUNNING STATS
2026-06-02 15:39:13 | INFO | C03 | total_sales=$4,162.20
2026-06-02 15:39:13 | INFO | C03 | average=$90.48
2026-06-02 15:39:13 | INFO | C03 | min=$32.39
2026-06-02 15:39:13 | INFO | C03 | max=$328.45
2026-06-02 15:39:14 | INFO | P03 | {
  order_id: ecd81d8a-8669-49eb-9fbb-a4c4bb18051f
  datetime: 2026-05-05T18:07:00Z
  region_id: CA-QC
  currency_code: CAD
  product_id: PY-SQL-004
  unit_price: 44.99
  quantity: 4
  is_online: true
  customer_id: CUST-3009
  is_new_customer: false
  device_type: desktop
  payment_method: credit_card
  referral_source: paid_search
  discount_code: SPRING25
  customer_note: For my study group
}
2026-06-02 15:39:14 | INFO | P03 | FOUND DISCOUNT: SPRING25
2026-06-02 15:39:14 | INFO | P03 |   Sending message with key=CA-QC
2026-06-02 15:39:14 | INFO | P03 |   MESSAGE SENT  sent=47
2026-06-02 15:39:14 | INFO | C03 | {'currency_code': 'CAD', 'customer_id': 'CUST-3009', 'customer_note': 'For my study group', 'datetime': '2026-05-05T18:07:00Z', 'device_type': 'desktop', 'discount_code': 'SPRING25', 'is_new_customer': 'false', 'is_online': 'true', 'order_id': 'ecd81d8a-8669-49eb-9fbb-a4c4bb18051f', 'payment_method': 'credit_card', 'product_id': 'PY-SQL-004', 'quantity': '4', 'referral_source': 'paid_search', 'region_id': 'CA-QC', 'unit_price': '44.99', '_kafka_key': 'CA-QC', '_kafka_partition': 0, '_kafka_offset': 46}
2026-06-02 15:39:14 | INFO | C03 | subtotal=179.96
2026-06-02 15:39:14 | INFO | C03 | tax=26.95
2026-06-02 15:39:14 | INFO | C03 | total=206.91
2026-06-02 15:39:14 | INFO | C03 | running_total=4369.11
2026-06-02 15:39:14 | INFO | C03 | Sale is above average.
2026-06-02 15:39:14 | INFO | C03 | MESSAGE ACCEPTED
2026-06-02 15:39:14 | INFO | C03 | order=ecd81d8a-8669-49eb-9fbb-a4c4bb18051f
2026-06-02 15:39:14 | INFO | C03 | total=$206.91
2026-06-02 15:39:14 | INFO | C03 | consumed=47
2026-06-02 15:39:14 | INFO | C03 | RUNNING STATS
2026-06-02 15:39:14 | INFO | C03 | total_sales=$4,369.11
2026-06-02 15:39:14 | INFO | C03 | average=$92.96
2026-06-02 15:39:14 | INFO | C03 | min=$32.39
2026-06-02 15:39:14 | INFO | C03 | max=$328.45
2026-06-02 15:39:15 | INFO | P03 | {
  order_id: 1de49f0d-3b25-4611-b366-5b6018b6560d
  datetime: 2026-05-05T18:21:00Z
  region_id: CA-QC
  currency_code: CAD
  product_id: PY-INTRO-001
  unit_price: 29.99
  quantity: 1
  is_online: true
  customer_id: CUST-2698
  is_new_customer: true
  device_type: mobile
  payment_method: paypal
  referral_source: social
  discount_code: SPRING25
  customer_note: Finally pulled the trigger at this price
}
2026-06-02 15:39:15 | INFO | P03 | FOUND DISCOUNT: SPRING25
2026-06-02 15:39:15 | INFO | P03 |   Sending message with key=CA-QC
2026-06-02 15:39:15 | INFO | P03 |   MESSAGE SENT  sent=48
2026-06-02 15:39:15 | INFO | C03 | {'currency_code': 'CAD', 'customer_id': 'CUST-2698', 'customer_note': 'Finally pulled the trigger at this price', 'datetime': '2026-05-05T18:21:00Z', 'device_type': 'mobile', 'discount_code': 'SPRING25', 'is_new_customer': 'true', 'is_online': 'true', 'order_id': '1de49f0d-3b25-4611-b366-5b6018b6560d', 'payment_method': 'paypal', 'product_id': 'PY-INTRO-001', 'quantity': '1', 'referral_source': 'social', 'region_id': 'CA-QC', 'unit_price': '29.99', '_kafka_key': 'CA-QC', '_kafka_partition': 0, '_kafka_offset': 47}
2026-06-02 15:39:15 | INFO | C03 | subtotal=29.99
2026-06-02 15:39:15 | INFO | C03 | tax=4.49
2026-06-02 15:39:15 | INFO | C03 | total=34.48
2026-06-02 15:39:15 | INFO | C03 | running_total=4403.59
2026-06-02 15:39:15 | INFO | C03 | Sale is below average.
2026-06-02 15:39:15 | INFO | C03 | MESSAGE ACCEPTED
2026-06-02 15:39:15 | INFO | C03 | order=1de49f0d-3b25-4611-b366-5b6018b6560d
2026-06-02 15:39:15 | INFO | C03 | total=$34.48
2026-06-02 15:39:15 | INFO | C03 | consumed=48
2026-06-02 15:39:15 | INFO | C03 | RUNNING STATS
2026-06-02 15:39:15 | INFO | C03 | total_sales=$4,403.59
2026-06-02 15:39:15 | INFO | C03 | average=$91.74
2026-06-02 15:39:15 | INFO | C03 | min=$32.39
2026-06-02 15:39:15 | INFO | C03 | max=$328.45
2026-06-02 15:39:16 | INFO | P03 | {
  order_id: d83f99cf-3199-4900-a843-f13314414072
  datetime: 2026-05-05T18:34:00Z
  region_id: US-MO
  currency_code: USD
  product_id: PY-NLP-006
  unit_price: 54.99
  quantity: 1
  is_online: true
  customer_id: CUST-6759
  is_new_customer: true
  device_type: mobile
  payment_method: apple_pay
  referral_source: paid_search
  discount_code: SPRING25
  customer_note: Clear explanations
}
2026-06-02 15:39:16 | INFO | P03 | FOUND DISCOUNT: SPRING25
2026-06-02 15:39:16 | INFO | P03 |   Sending message with key=US-MO
2026-06-02 15:39:16 | INFO | P03 |   MESSAGE SENT  sent=49
2026-06-02 15:39:16 | INFO | C03 | {'currency_code': 'USD', 'customer_id': 'CUST-6759', 'customer_note': 'Clear explanations', 'datetime': '2026-05-05T18:34:00Z', 'device_type': 'mobile', 'discount_code': 'SPRING25', 'is_new_customer': 'true', 'is_online': 'true', 'order_id': 'd83f99cf-3199-4900-a843-f13314414072', 'payment_method': 'apple_pay', 'product_id': 'PY-NLP-006', 'quantity': '1', 'referral_source': 'paid_search', 'region_id': 'US-MO', 'unit_price': '54.99', '_kafka_key': 'US-MO', '_kafka_partition': 0, '_kafka_offset': 48}
2026-06-02 15:39:16 | INFO | C03 | subtotal=54.99
2026-06-02 15:39:16 | INFO | C03 | tax=4.4
2026-06-02 15:39:16 | INFO | C03 | total=59.39
2026-06-02 15:39:16 | INFO | C03 | running_total=4462.98
2026-06-02 15:39:16 | INFO | C03 | Sale is below average.
2026-06-02 15:39:16 | INFO | C03 | MESSAGE ACCEPTED
2026-06-02 15:39:16 | INFO | C03 | order=d83f99cf-3199-4900-a843-f13314414072
2026-06-02 15:39:16 | INFO | C03 | total=$59.39
2026-06-02 15:39:16 | INFO | C03 | consumed=49
2026-06-02 15:39:16 | INFO | C03 | RUNNING STATS
2026-06-02 15:39:16 | INFO | C03 | total_sales=$4,462.98
2026-06-02 15:39:16 | INFO | C03 | average=$91.08
2026-06-02 15:39:16 | INFO | C03 | min=$32.39
2026-06-02 15:39:16 | INFO | C03 | max=$328.45
2026-06-02 15:39:17 | INFO | P03 | {
  order_id: bc80a726-678e-4c93-b470-b58051156d40
  datetime: 2026-05-05T18:53:00Z
  region_id: US-CA
  currency_code: USD
  product_id: PY-VIZ-003
  unit_price: 39.99
  quantity: 1
  is_online: true
  customer_id: CUST-4048
  is_new_customer: true
  device_type: mobile
  payment_method: apple_pay
  referral_source: email
  discount_code: SPRING25
  customer_note: Sharing with friends
}
2026-06-02 15:39:17 | INFO | P03 | FOUND DISCOUNT: SPRING25
2026-06-02 15:39:17 | INFO | P03 |   Sending message with key=US-CA
2026-06-02 15:39:17 | INFO | P03 |   MESSAGE SENT  sent=50
2026-06-02 15:39:17 | INFO | C03 | {'currency_code': 'USD', 'customer_id': 'CUST-4048', 'customer_note': 'Sharing with friends', 'datetime': '2026-05-05T18:53:00Z', 'device_type': 'mobile', 'discount_code': 'SPRING25', 'is_new_customer': 'true', 'is_online': 'true', 'order_id': 'bc80a726-678e-4c93-b470-b58051156d40', 'payment_method': 'apple_pay', 'product_id': 'PY-VIZ-003', 'quantity': '1', 'referral_source': 'email', 'region_id': 'US-CA', 'unit_price': '39.99', '_kafka_key': 'US-CA', '_kafka_partition': 0, '_kafka_offset': 49}
2026-06-02 15:39:17 | INFO | C03 | subtotal=39.99
2026-06-02 15:39:17 | INFO | C03 | tax=3.8
2026-06-02 15:39:17 | INFO | C03 | total=43.79
2026-06-02 15:39:17 | INFO | C03 | running_total=4506.77
2026-06-02 15:39:17 | INFO | C03 | Sale is below average.
2026-06-02 15:39:17 | INFO | C03 | MESSAGE ACCEPTED
2026-06-02 15:39:17 | INFO | C03 | order=bc80a726-678e-4c93-b470-b58051156d40
2026-06-02 15:39:17 | INFO | C03 | total=$43.79
2026-06-02 15:39:17 | INFO | C03 | consumed=50
2026-06-02 15:39:17 | INFO | C03 | RUNNING STATS
2026-06-02 15:39:17 | INFO | C03 | total_sales=$4,506.77
2026-06-02 15:39:17 | INFO | C03 | average=$90.14
2026-06-02 15:39:17 | INFO | C03 | min=$32.39
2026-06-02 15:39:17 | INFO | C03 | max=$328.45
2026-06-02 15:39:18 | INFO | P03 | {
  order_id: a8f7dc4e-1095-415a-bf0b-ec7ffc4cfb46
  datetime: 2026-05-05T19:10:00Z
  region_id: MX-CMX
  currency_code: MXN
  product_id: PY-VIZ-003
  unit_price: 39.99
  quantity: 1
  is_online: true
  customer_id: CUST-8055
  is_new_customer: false
  device_type: mobile
  payment_method: credit_card
  referral_source: email
  discount_code: SPRING25
  customer_note: 
}
2026-06-02 15:39:18 | INFO | P03 | FOUND DISCOUNT: SPRING25
2026-06-02 15:39:18 | INFO | P03 |   Sending message with key=MX-CMX
2026-06-02 15:39:18 | INFO | P03 |   MESSAGE SENT  sent=51
2026-06-02 15:39:18 | INFO | C03 | {'currency_code': 'MXN', 'customer_id': 'CUST-8055', 'customer_note': '', 'datetime': '2026-05-05T19:10:00Z', 'device_type': 'mobile', 'discount_code': 'SPRING25', 'is_new_customer': 'false', 'is_online': 'true', 'order_id': 'a8f7dc4e-1095-415a-bf0b-ec7ffc4cfb46', 'payment_method': 'credit_card', 'product_id': 'PY-VIZ-003', 'quantity': '1', 'referral_source': 'email', 'region_id': 'MX-CMX', 'unit_price': '39.99', '_kafka_key': 'MX-CMX', '_kafka_partition': 0, '_kafka_offset': 50}
2026-06-02 15:39:18 | INFO | C03 | subtotal=39.99
2026-06-02 15:39:18 | INFO | C03 | tax=6.4
2026-06-02 15:39:18 | INFO | C03 | total=46.39
2026-06-02 15:39:18 | INFO | C03 | running_total=4553.16
2026-06-02 15:39:18 | INFO | C03 | Sale is below average.
2026-06-02 15:39:18 | INFO | C03 | MESSAGE ACCEPTED
2026-06-02 15:39:18 | INFO | C03 | order=a8f7dc4e-1095-415a-bf0b-ec7ffc4cfb46
2026-06-02 15:39:18 | INFO | C03 | total=$46.39
2026-06-02 15:39:18 | INFO | C03 | consumed=51
2026-06-02 15:39:18 | INFO | C03 | RUNNING STATS
2026-06-02 15:39:18 | INFO | C03 | total_sales=$4,553.16
2026-06-02 15:39:18 | INFO | C03 | average=$89.28
2026-06-02 15:39:18 | INFO | C03 | min=$32.39
2026-06-02 15:39:18 | INFO | C03 | max=$328.45
2026-06-02 15:39:19 | INFO | P03 | {
  order_id: 6fa3058b-a151-422e-9af1-efe16b709ff3
  datetime: 2026-05-05T19:16:00Z
  region_id: US-CA
  currency_code: USD
  product_id: PY-NLP-006
  unit_price: 54.99
  quantity: 4
  is_online: true
  customer_id: CUST-9501
  is_new_customer: true
  device_type: mobile
  payment_method: credit_card
  referral_source: paid_search
  discount_code: 
  customer_note: Finally pulled the trigger at this price
}
2026-06-02 15:39:19 | INFO | P03 | Skipping non-discounted sale
2026-06-02 15:39:19 | INFO | P03 | {
  order_id: d60511ff-6270-4eb1-b7ac-7cc5e21d6047
  datetime: 2026-05-05T19:17:00Z
  region_id: CA-ON
  currency_code: CAD
  product_id: PY-SQL-004
  unit_price: 44.99
  quantity: 1
  is_online: true
  customer_id: CUST-3209
  is_new_customer: true
  device_type: mobile
  payment_method: gift_card
  referral_source: email
  discount_code: SPRING25
  customer_note: Worth every penny
}
2026-06-02 15:39:19 | INFO | P03 | FOUND DISCOUNT: SPRING25
2026-06-02 15:39:19 | INFO | P03 |   Sending message with key=CA-ON
2026-06-02 15:39:19 | INFO | P03 |   MESSAGE SENT  sent=52
2026-06-02 15:39:19 | INFO | C03 | {'currency_code': 'CAD', 'customer_id': 'CUST-3209', 'customer_note': 'Worth every penny', 'datetime': '2026-05-05T19:17:00Z', 'device_type': 'mobile', 'discount_code': 'SPRING25', 'is_new_customer': 'true', 'is_online': 'true', 'order_id': 'd60511ff-6270-4eb1-b7ac-7cc5e21d6047', 'payment_method': 'gift_card', 'product_id': 'PY-SQL-004', 'quantity': '1', 'referral_source': 'email', 'region_id': 'CA-ON', 'unit_price': '44.99', '_kafka_key': 'CA-ON', '_kafka_partition': 0, '_kafka_offset': 51}
2026-06-02 15:39:19 | INFO | C03 | subtotal=44.99
2026-06-02 15:39:19 | INFO | C03 | tax=5.85
2026-06-02 15:39:19 | INFO | C03 | total=50.84
2026-06-02 15:39:19 | INFO | C03 | running_total=4604.00
2026-06-02 15:39:19 | INFO | C03 | Sale is below average.
2026-06-02 15:39:19 | INFO | C03 | MESSAGE ACCEPTED
2026-06-02 15:39:19 | INFO | C03 | order=d60511ff-6270-4eb1-b7ac-7cc5e21d6047
2026-06-02 15:39:19 | INFO | C03 | total=$50.84
2026-06-02 15:39:19 | INFO | C03 | consumed=52
2026-06-02 15:39:19 | INFO | C03 | RUNNING STATS
2026-06-02 15:39:19 | INFO | C03 | total_sales=$4,604.00
2026-06-02 15:39:19 | INFO | C03 | average=$88.54
2026-06-02 15:39:19 | INFO | C03 | min=$32.39
2026-06-02 15:39:19 | INFO | C03 | max=$328.45
2026-06-02 15:39:20 | INFO | P03 | {
  order_id: afa02f57-4c6a-4438-80c8-5e1978f8b578
  datetime: 2026-05-05T19:48:00Z
  region_id: US-MO
  currency_code: USD
  product_id: PY-DATA-002
  unit_price: 49.99
  quantity: 1
  is_online: true
  customer_id: CUST-9094
  is_new_customer: true
  device_type: desktop
  payment_method: credit_card
  referral_source: email
  discount_code: SPRING25
  customer_note: Sharing with friends
}
2026-06-02 15:39:20 | INFO | P03 | FOUND DISCOUNT: SPRING25
2026-06-02 15:39:20 | INFO | P03 |   Sending message with key=US-MO
2026-06-02 15:39:20 | INFO | P03 |   MESSAGE SENT  sent=53
2026-06-02 15:39:20 | INFO | C03 | {'currency_code': 'USD', 'customer_id': 'CUST-9094', 'customer_note': 'Sharing with friends', 'datetime': '2026-05-05T19:48:00Z', 'device_type': 'desktop', 'discount_code': 'SPRING25', 'is_new_customer': 'true', 'is_online': 'true', 'order_id': 'afa02f57-4c6a-4438-80c8-5e1978f8b578', 'payment_method': 'credit_card', 'product_id': 'PY-DATA-002', 'quantity': '1', 'referral_source': 'email', 'region_id': 'US-MO', 'unit_price': '49.99', '_kafka_key': 'US-MO', '_kafka_partition': 0, '_kafka_offset': 52}
2026-06-02 15:39:20 | INFO | C03 | subtotal=49.99
2026-06-02 15:39:20 | INFO | C03 | tax=4.0
2026-06-02 15:39:20 | INFO | C03 | total=53.99
2026-06-02 15:39:20 | INFO | C03 | running_total=4657.99
2026-06-02 15:39:20 | INFO | C03 | Sale is below average.
2026-06-02 15:39:20 | INFO | C03 | MESSAGE ACCEPTED
2026-06-02 15:39:20 | INFO | C03 | order=afa02f57-4c6a-4438-80c8-5e1978f8b578
2026-06-02 15:39:20 | INFO | C03 | total=$53.99
2026-06-02 15:39:20 | INFO | C03 | consumed=53
2026-06-02 15:39:20 | INFO | C03 | RUNNING STATS
2026-06-02 15:39:20 | INFO | C03 | total_sales=$4,657.99
2026-06-02 15:39:20 | INFO | C03 | average=$87.89
2026-06-02 15:39:20 | INFO | C03 | min=$32.39
2026-06-02 15:39:20 | INFO | C03 | max=$328.45
2026-06-02 15:39:21 | INFO | P03 | {
  order_id: d399ce33-2a68-4c3c-a76f-69100e99ca24
  datetime: 2026-05-05T19:49:00Z
  region_id: US-MO
  currency_code: USD
  product_id: PY-DATA-002
  unit_price: 49.99
  quantity: 1
  is_online: true
  customer_id: CUST-3526
  is_new_customer: true
  device_type: tablet
  payment_method: credit_card
  referral_source: email
  discount_code: SPRING25
  customer_note: For my study group
}
2026-06-02 15:39:21 | INFO | P03 | FOUND DISCOUNT: SPRING25
2026-06-02 15:39:21 | INFO | P03 |   Sending message with key=US-MO
2026-06-02 15:39:21 | INFO | P03 |   MESSAGE SENT  sent=54
2026-06-02 15:39:21 | INFO | C03 | {'currency_code': 'USD', 'customer_id': 'CUST-3526', 'customer_note': 'For my study group', 'datetime': '2026-05-05T19:49:00Z', 'device_type': 'tablet', 'discount_code': 'SPRING25', 'is_new_customer': 'true', 'is_online': 'true', 'order_id': 'd399ce33-2a68-4c3c-a76f-69100e99ca24', 'payment_method': 'credit_card', 'product_id': 'PY-DATA-002', 'quantity': '1', 'referral_source': 'email', 'region_id': 'US-MO', 'unit_price': '49.99', '_kafka_key': 'US-MO', '_kafka_partition': 0, '_kafka_offset': 53}
2026-06-02 15:39:21 | INFO | C03 | subtotal=49.99
2026-06-02 15:39:21 | INFO | C03 | tax=4.0
2026-06-02 15:39:21 | INFO | C03 | total=53.99
2026-06-02 15:39:21 | INFO | C03 | running_total=4711.98
2026-06-02 15:39:21 | INFO | C03 | Sale is below average.
2026-06-02 15:39:21 | INFO | C03 | MESSAGE ACCEPTED
2026-06-02 15:39:21 | INFO | C03 | order=d399ce33-2a68-4c3c-a76f-69100e99ca24
2026-06-02 15:39:21 | INFO | C03 | total=$53.99
2026-06-02 15:39:21 | INFO | C03 | consumed=54
2026-06-02 15:39:21 | INFO | C03 | RUNNING STATS
2026-06-02 15:39:21 | INFO | C03 | total_sales=$4,711.98
2026-06-02 15:39:21 | INFO | C03 | average=$87.26
2026-06-02 15:39:21 | INFO | C03 | min=$32.39
2026-06-02 15:39:21 | INFO | C03 | max=$328.45
2026-06-02 15:39:22 | INFO | P03 | {
  order_id: 488bae04-b122-4dc5-9e4d-4b8784257e63
  datetime: 2026-05-06T08:11:00Z
  region_id: CA-ON
  currency_code: CAD
  product_id: PY-INTRO-001
  unit_price: 29.99
  quantity: 4
  is_online: true
  customer_id: CUST-7438
  is_new_customer: false
  device_type: desktop
  payment_method: credit_card
  referral_source: organic
  discount_code: 
  customer_note: Excellent content
}
2026-06-02 15:39:22 | INFO | P03 | Skipping non-discounted sale
2026-06-02 15:39:22 | INFO | P03 | {
  order_id: 5adac684-71a4-4860-9512-db176ee673a7
  datetime: 2026-05-06T08:32:00Z
  region_id: US-CA
  currency_code: USD
  product_id: PY-NLP-006
  unit_price: 54.99
  quantity: 2
  is_online: true
  customer_id: CUST-1659
  is_new_customer: false
  device_type: desktop
  payment_method: credit_card
  referral_source: social
  discount_code: 
  customer_note: For my study group
}
2026-06-02 15:39:22 | INFO | P03 | Skipping non-discounted sale
2026-06-02 15:39:22 | INFO | P03 | {
  order_id: b07e2610-27da-4bd3-9e86-18265b515e64
  datetime: 2026-05-06T09:16:00Z
  region_id: CA-ON
  currency_code: CAD
  product_id: PY-VIZ-003
  unit_price: 39.99
  quantity: 1
  is_online: true
  customer_id: CUST-6658
  is_new_customer: false
  device_type: mobile
  payment_method: paypal
  referral_source: paid_search
  discount_code: 
  customer_note: Just what I needed
}
2026-06-02 15:39:22 | INFO | P03 | Skipping non-discounted sale
2026-06-02 15:39:22 | INFO | P03 | {
  order_id: 069c5f71-5c61-4141-9c9a-04946968b0e9
  datetime: 2026-05-06T09:33:00Z
  region_id: US-MO
  currency_code: USD
  product_id: PY-INTRO-001
  unit_price: 29.99
  quantity: 2
  is_online: true
  customer_id: CUST-2946
  is_new_customer: false
  device_type: desktop
  payment_method: credit_card
  referral_source: organic
  discount_code: 
  customer_note: Very helpful
}
2026-06-02 15:39:22 | INFO | P03 | Skipping non-discounted sale
2026-06-02 15:39:22 | INFO | P03 | {
  order_id: b8d58c8c-0996-4b2b-8cc8-d66fa8148470
  datetime: 2026-05-06T09:42:00Z
  region_id: US-CA
  currency_code: USD
  product_id: PY-INTRO-001
  unit_price: 29.99
  quantity: 1
  is_online: true
  customer_id: CUST-7293
  is_new_customer: false
  device_type: desktop
  payment_method: credit_card
  referral_source: paid_search
  discount_code: 
  customer_note: Love the examples
}
2026-06-02 15:39:22 | INFO | P03 | Skipping non-discounted sale
2026-06-02 15:39:22 | INFO | P03 | {
  order_id: 9c929962-5d72-4487-b6b6-ab5682a43bbc
  datetime: 2026-05-06T09:59:00Z
  region_id: US-CA
  currency_code: USD
  product_id: PY-SQL-004
  unit_price: 44.99
  quantity: 1
  is_online: true
  customer_id: CUST-9108
  is_new_customer: false
  device_type: mobile
  payment_method: credit_card
  referral_source: paid_search
  discount_code: 
  customer_note: Excellent content
}
2026-06-02 15:39:22 | INFO | P03 | Skipping non-discounted sale
2026-06-02 15:39:22 | INFO | P03 | {
  order_id: edaafc17-7a4d-4c88-98eb-af79f0a50e8d
  datetime: 2026-05-06T10:32:00Z
  region_id: US-TX
  currency_code: USD
  product_id: PY-NLP-006
  unit_price: 54.99
  quantity: 1
  is_online: true
  customer_id: CUST-7606
  is_new_customer: false
  device_type: desktop
  payment_method: credit_card
  referral_source: email
  discount_code: 
  customer_note: Clear explanations
}
2026-06-02 15:39:22 | INFO | P03 | Skipping non-discounted sale
2026-06-02 15:39:22 | INFO | P03 | {
  order_id: 0afcac29-8875-4b4d-aae9-6c43c73bf4cb
  datetime: 2026-05-06T10:37:00Z
  region_id: US-CA
  currency_code: USD
  product_id: PY-STREAM-005
  unit_price: 59.99
  quantity: 1
  is_online: true
  customer_id: CUST-6427
  is_new_customer: false
  device_type: mobile
  payment_method: apple_pay
  referral_source: paid_search
  discount_code: 
  customer_note: 
}
2026-06-02 15:39:22 | INFO | P03 | Skipping non-discounted sale
2026-06-02 15:39:22 | INFO | P03 | {
  order_id: ba0525d0-6546-4554-aff3-0d40ff1dea29
  datetime: 2026-05-06T10:46:00Z
  region_id: US-TX
  currency_code: USD
  product_id: PY-DATA-002
  unit_price: 49.99
  quantity: 5
  is_online: true
  customer_id: CUST-7653
  is_new_customer: true
  device_type: desktop
  payment_method: credit_card
  referral_source: social
  discount_code: 
  customer_note: Love the examples
}
2026-06-02 15:39:22 | INFO | P03 | Skipping non-discounted sale
2026-06-02 15:39:22 | INFO | P03 | {
  order_id: aea08128-c9ca-4893-aa28-120a6f2a0cdc
  datetime: 2026-05-06T10:52:00Z
  region_id: US-CA
  currency_code: USD
  product_id: PY-INTRO-001
  unit_price: 29.99
  quantity: 1
  is_online: false
  customer_id: CUST-4728
  is_new_customer: false
  device_type: mobile
  payment_method: credit_card
  referral_source: social
  discount_code: 
  customer_note: 
}
2026-06-02 15:39:22 | INFO | P03 | Skipping non-discounted sale
2026-06-02 15:39:22 | INFO | P03 | {
  order_id: a99317d6-68be-4532-adef-e6ef99cc5f2b
  datetime: 2026-05-06T11:04:00Z
  region_id: US-CA
  currency_code: USD
  product_id: PY-INTRO-001
  unit_price: 29.99
  quantity: 2
  is_online: true
  customer_id: CUST-2800
  is_new_customer: false
  device_type: desktop
  payment_method: credit_card
  referral_source: email
  discount_code: 
  customer_note: Very helpful
}
2026-06-02 15:39:22 | INFO | P03 | Skipping non-discounted sale
2026-06-02 15:39:22 | INFO | P03 | {
  order_id: 864b42cc-0296-44a1-83ee-4675f02d48a7
  datetime: 2026-05-06T11:41:00Z
  region_id: US-MO
  currency_code: USD
  product_id: PY-STREAM-005
  unit_price: 59.99
  quantity: 1
  is_online: true
  customer_id: CUST-9433
  is_new_customer: true
  device_type: tablet
  payment_method: paypal
  referral_source: paid_search
  discount_code: 
  customer_note: 
}
2026-06-02 15:39:22 | INFO | P03 | Skipping non-discounted sale
2026-06-02 15:39:22 | INFO | P03 | {
  order_id: 68a198b2-ca6b-488a-9547-629a3f6ccea8
  datetime: 2026-05-06T12:19:00Z
  region_id: US-TX
  currency_code: USD
  product_id: PY-INTRO-001
  unit_price: 29.99
  quantity: 1
  is_online: false
  customer_id: CUST-9261
  is_new_customer: false
  device_type: mobile
  payment_method: apple_pay
  referral_source: organic
  discount_code: 
  customer_note: 
}
2026-06-02 15:39:22 | INFO | P03 | Skipping non-discounted sale
2026-06-02 15:39:22 | INFO | P03 | {
  order_id: 50d78717-8f08-4262-9776-192fce87d061
  datetime: 2026-05-06T13:10:00Z
  region_id: US-TX
  currency_code: USD
  product_id: PY-SQL-004
  unit_price: 44.99
  quantity: 1
  is_online: true
  customer_id: CUST-5331
  is_new_customer: false
  device_type: tablet
  payment_method: credit_card
  referral_source: paid_search
  discount_code: 
  customer_note: Worth every penny
}
2026-06-02 15:39:22 | INFO | P03 | Skipping non-discounted sale
2026-06-02 15:39:22 | INFO | P03 | {
  order_id: c45bf7d8-af5a-4775-8626-d6b0ec385104
  datetime: 2026-05-06T13:14:00Z
  region_id: US-CA
  currency_code: USD
  product_id: PY-DATA-002
  unit_price: 49.99
  quantity: 1
  is_online: true
  customer_id: CUST-5442
  is_new_customer: false
  device_type: desktop
  payment_method: paypal
  referral_source: paid_search
  discount_code: 
  customer_note: Love the examples
}
2026-06-02 15:39:22 | INFO | P03 | Skipping non-discounted sale
2026-06-02 15:39:22 | INFO | P03 | {
  order_id: 4af57ed3-d2c2-4acf-9850-9e4c12a7ad85
  datetime: 2026-05-06T13:29:00Z
  region_id: CA-QC
  currency_code: CAD
  product_id: PY-VIZ-003
  unit_price: 39.99
  quantity: 4
  is_online: false
  customer_id: CUST-5742
  is_new_customer: true
  device_type: tablet
  payment_method: credit_card
  referral_source: email
  discount_code: 
  customer_note: Learning at my own pace
}
2026-06-02 15:39:22 | INFO | P03 | Skipping non-discounted sale
2026-06-02 15:39:22 | INFO | P03 | {
  order_id: 4e66d969-164f-4d0f-b130-7157d234e6b8
  datetime: 2026-05-06T13:37:00Z
  region_id: US-CA
  currency_code: USD
  product_id: PY-INTRO-001
  unit_price: 29.99
  quantity: 1
  is_online: true
  customer_id: CUST-2020
  is_new_customer: false
  device_type: mobile
  payment_method: apple_pay
  referral_source: paid_search
  discount_code: 
  customer_note: For my study group
}
2026-06-02 15:39:22 | INFO | P03 | Skipping non-discounted sale
2026-06-02 15:39:22 | INFO | P03 | {
  order_id: 96aa0a7c-33d4-49c2-861e-5b2df8ae194f
  datetime: 2026-05-06T13:42:00Z
  region_id: US-CA
  currency_code: USD
  product_id: PY-STREAM-005
  unit_price: 59.99
  quantity: 1
  is_online: true
  customer_id: CUST-1611
  is_new_customer: true
  device_type: mobile
  payment_method: apple_pay
  referral_source: email
  discount_code: 
  customer_note: 
}
2026-06-02 15:39:22 | INFO | P03 | Skipping non-discounted sale
2026-06-02 15:39:22 | INFO | P03 | {
  order_id: 575748e0-d4c6-43d7-b9e6-1652a92b7c2c
  datetime: 2026-05-06T14:42:00Z
  region_id: US-TX
  currency_code: USD
  product_id: PY-SQL-004
  unit_price: 44.99
  quantity: 1
  is_online: false
  customer_id: CUST-6654
  is_new_customer: false
  device_type: tablet
  payment_method: paypal
  referral_source: organic
  discount_code: 
  customer_note: 
}
2026-06-02 15:39:22 | INFO | P03 | Skipping non-discounted sale
2026-06-02 15:39:22 | INFO | P03 | {
  order_id: 63762673-6239-436c-8076-81ace2022f46
  datetime: 2026-05-06T15:31:00Z
  region_id: US-CA
  currency_code: USD
  product_id: PY-DATA-002
  unit_price: 49.99
  quantity: 4
  is_online: true
  customer_id: CUST-8822
  is_new_customer: true
  device_type: desktop
  payment_method: credit_card
  referral_source: social
  discount_code: 
  customer_note: Worth every penny
}
2026-06-02 15:39:22 | INFO | P03 | Skipping non-discounted sale
2026-06-02 15:39:22 | INFO | P03 | {
  order_id: 4d7ad65a-dcd9-4596-811a-e2c417ff83eb
  datetime: 2026-05-06T16:07:00Z
  region_id: US-MO
  currency_code: USD
  product_id: PY-INTRO-001
  unit_price: 29.99
  quantity: 2
  is_online: true
  customer_id: CUST-9011
  is_new_customer: true
  device_type: desktop
  payment_method: paypal
  referral_source: social
  discount_code: 
  customer_note: Great course!
}
2026-06-02 15:39:22 | INFO | P03 | Skipping non-discounted sale
2026-06-02 15:39:22 | INFO | P03 | {
  order_id: 4c8c6ff8-fea0-4b0c-82fd-aa8c082cc4ba
  datetime: 2026-05-06T16:47:00Z
  region_id: US-MO
  currency_code: USD
  product_id: PY-STREAM-005
  unit_price: 59.99
  quantity: 1
  is_online: true
  customer_id: CUST-2641
  is_new_customer: false
  device_type: desktop
  payment_method: apple_pay
  referral_source: organic
  discount_code: 
  customer_note: 
}
2026-06-02 15:39:22 | INFO | P03 | Skipping non-discounted sale
2026-06-02 15:39:22 | INFO | P03 | {
  order_id: f243689f-0c6a-4b85-aba6-ef68333f28cc
  datetime: 2026-05-06T17:15:00Z
  region_id: US-CA
  currency_code: USD
  product_id: PY-STREAM-005
  unit_price: 59.99
  quantity: 2
  is_online: true
  customer_id: CUST-5833
  is_new_customer: false
  device_type: mobile
  payment_method: apple_pay
  referral_source: social
  discount_code: 
  customer_note: 
}
2026-06-02 15:39:22 | INFO | P03 | Skipping non-discounted sale
2026-06-02 15:39:22 | INFO | P03 | {
  order_id: e88899cf-87d0-4c68-8302-c784c2d95a50
  datetime: 2026-05-06T17:44:00Z
  region_id: US-TX
  currency_code: USD
  product_id: PY-STREAM-005
  unit_price: 59.99
  quantity: 1
  is_online: true
  customer_id: CUST-6301
  is_new_customer: false
  device_type: desktop
  payment_method: paypal
  referral_source: paid_search
  discount_code: 
  customer_note: Very helpful
}
2026-06-02 15:39:22 | INFO | P03 | Skipping non-discounted sale
2026-06-02 15:39:22 | INFO | P03 | {
  order_id: 26fe55c0-cd50-44ef-88f5-1c7c2082d1cd
  datetime: 2026-05-06T18:03:00Z
  region_id: US-CA
  currency_code: USD
  product_id: PY-INTRO-001
  unit_price: 29.99
  quantity: 1
  is_online: true
  customer_id: CUST-4871
  is_new_customer: false
  device_type: desktop
  payment_method: paypal
  referral_source: paid_search
  discount_code: 
  customer_note: 
}
2026-06-02 15:39:22 | INFO | P03 | Skipping non-discounted sale
2026-06-02 15:39:22 | INFO | P03 | {
  order_id: 84b428ee-331e-41fa-a2bb-1c37c7b119fd
  datetime: 2026-05-06T18:34:00Z
  region_id: US-MO
  currency_code: USD
  product_id: PY-STREAM-005
  unit_price: 59.99
  quantity: 2
  is_online: true
  customer_id: CUST-9806
  is_new_customer: true
  device_type: mobile
  payment_method: paypal
  referral_source: email
  discount_code: 
  customer_note: 
}
2026-06-02 15:39:22 | INFO | P03 | Skipping non-discounted sale
2026-06-02 15:39:22 | INFO | P03 | {
  order_id: 5e2f3cac-3df8-4a83-a6b2-b7a62512c98d
  datetime: 2026-05-06T18:59:00Z
  region_id: CA-ON
  currency_code: CAD
  product_id: PY-DATA-002
  unit_price: 49.99
  quantity: 2
  is_online: true
  customer_id: CUST-4164
  is_new_customer: false
  device_type: mobile
  payment_method: credit_card
  referral_source: email
  discount_code: 
  customer_note: 
}
2026-06-02 15:39:22 | INFO | P03 | Skipping non-discounted sale
2026-06-02 15:39:22 | INFO | P03 | Checking for rejected records...
2026-06-02 15:39:22 | INFO | P03 |   No records rejected.
2026-06-02 15:39:22 | INFO | P03 | ========================
2026-06-02 15:39:22 | INFO | P03 | SECTION E. Exit
2026-06-02 15:39:22 | INFO | P03 | ========================
2026-06-02 15:39:22 | INFO | P03 | Summary:
2026-06-02 15:39:22 | INFO | P03 | Sent 54 message(s) to topic 'streaming-03-analytics-kjleopold'.
2026-06-02 15:39:22 | INFO | P03 | Rejected 0 message(s).
2026-06-02 15:39:22 | INFO | P03 | ========================
2026-06-02 15:39:22 | INFO | P03 | Producer executed successfully!
2026-06-02 15:39:22 | INFO | P03 | ========================
2026-06-02 15:39:31 | INFO | C03 | No message received within 10.0s timeout.
2026-06-02 15:39:31 | INFO | C03 | Producer finished or paused. Stopping consumer.
2026-06-02 15:39:31 | INFO | C03 | Kafka consumer closed.
2026-06-02 15:39:31 | INFO | C03 | ========================
2026-06-02 15:39:31 | INFO | C03 | SECTION E. Exit
2026-06-02 15:39:31 | INFO | C03 | ========================
2026-06-02 15:39:31 | INFO | C03 | Summary:
2026-06-02 15:39:31 | INFO | C03 | Consumed 54 message(s) from topic 'streaming-03-analytics-kjleopold'.
2026-06-02 15:39:31 | INFO | C03 | Skipped  0 message(s).
2026-06-02 15:39:31 | INFO | C03 | OUTPUT_CSV = data\output\consumed_sales_kjleopold.csv
2026-06-02 15:39:31 | INFO | C03 |   Total sales:  $4,711.98
2026-06-02 15:39:31 | INFO | C03 |   Average sale: $87.26
2026-06-02 15:39:31 | INFO | C03 |   Minimum sale: $32.39
2026-06-02 15:39:31 | INFO | C03 |   Maximum sale: $328.45
2026-06-02 15:39:31 | INFO | C03 | ========================
2026-06-02 15:39:31 | INFO | C03 | Consumer executed successfully!
2026-06-02 15:39:31 | INFO | C03 | ========================
